Mã ICD,Tên bệnh
Z95.8,sự có mặt của dụng cụ cấy và mảnh ghép tim và mạch máu khác
Z95.9,sự có mặt của dụng cụ cấy và mảnh ghép tim và mạch máu không đặc hiệu
Z96,tồn tại của dụng cụ cấy ghép chức năng khác
Z96.0,sự có mặt các dụng cụ cấy ghép tiết niệu sinh dục
Z96.1,sự có mặt của thấu kính nội nhãn
Z96.2,sự có mặt của dụng cụ cấy ghép tai và thính giác
Z96.3,sự có mặt của họng nhân tạo
Z96.4,sự có mặt của dụng cụ cấy ghép nội tiết
Z96.5,sự có mặt của dụng cụ cấy chân răng và hàm má
Z96.6,sự có mặt của dụng cụ chỉnh hình khớp
F11.5,rối loạn tâm thần và hành vi do sử dụng các dạng thuốc phiện rối loạn ta m thần
F11.6,rối loạn tâm thần và hành vi do sử dụng các dạng thuốc phiện họ i chứng que n
F11.7,rối loạn tâm thần và hành vi do sử dụng các dạng thuốc phiện rối loạn loạn thần di chứng và khởi phát muọ n
F11.8,rối loạn tâm thần và hành vi do sử dụng các dạng thuốc phiện rối loạn ta m thần và hành vi khác
F11.9,rối loạn tâm thần và hành vi do sử dụng các dạng thuốc phiện rối loạn ta m thần và hành vi kho ng biẹ t định
F12,rối loạn tâm thần và hành vi do sử dụng cần sa
F12.0,rối loạn tâm thần và hành vi do sử dụng cần sa nhiễm đọ c cấp
F12.1,rối loạn tâm thần và hành vi do sử dụng cần sa sử dụng ga y hại
F12.2,rối loạn tâm thần và hành vi do sử dụng cần sa họ i chứng nghiẹ n
F12.3,rối loạn tâm thần và hành vi do sử dụng cần sa trạng thái cai
F12.4,rối loạn tâm thần và hành vi do sử dụng cần sa trạng thái cai với me sảng
F12.5,rối loạn tâm thần và hành vi do sử dụng cần sa rối loạn ta m thần
F12.6,rối loạn tâm thần và hành vi do sử dụng cần sa họ i chứng que n
F12.7,rối loạn tâm thần và hành vi do sử dụng cần sa rối loạn loạn thần di chứng và khởi phát muọ n
F12.8,rối loạn tâm thần và hành vi do sử dụng cần sa rối loạn ta m thần và hành vi khác
F12.9,rối loạn tâm thần và hành vi do sử dụng cần sa rối loạn ta m thần và hành vi kho ng biẹ t định
F13,rối loạn tâm thần và hành vi do sử dụng các chất an dịu hoặc các thuốc ngủ
F13.0,rối loạn tâm thần và hành vi do sử dụng các chất an thần hoặc các thuốc ngủ nhiễm đọ c cấp
F13.1,rối loạn tâm thần và hành vi do sử dụng các chất an thần hoặc các thuốc ngủ sử dụng ga y hại
F13.2,rối loạn tâm thần và hành vi do sử dụng các chất an thần hoặc các thuốc ngủ họ i chứng nghiẹ n
T08,gãy cột sống mức độ chưa xác định
T08.0,gãy cột sống mức độ chưa xác định gãy kín
T08.1,gãy cột sống mức độ chưa xác định gãy hở
T09,tổn thương khác của cột sống và thân tầm chưa xác định
T09.0,tổn thương nông tại thân tầm chưa xác định
T09.1,vết thương hở tại thân tầm chưa xác định
T09.2,sai khớp bong gân và căng cơ của khớp chưa xác định và dây chằng của thân
T09.3,tổn thương cột sống tầm chưa xác định
T09.4,tổn thương dây thần kinh chưa xác định rễ dây thần kinh cột sống và tùng của thân
T09.5,tổn thương chưa xác định cơ và gân của thân
T09.6,chấn thương cắt cụt của thân tầm chưa xác định
T09.8,tổn thương khác xác định tại thân tầm chưa xác định
T09.9,tổn thương chưa xác định của thân tầm chưa xác định
T10,gãy xương của chi trên tầm chưa xác định
T10.0,gãy xương của chi trên tầm chưa xác định gãy kín
T10.1,gãy xương của chi trên tầm chưa xác định gãy hở
T11,tổn thương khác tại chi trên tầm chưa xác định
T11.0,tổn thương nông chi trên tầm chưa xác định
T11.1,vết thương hở chi trên tầm chưa xác định
T11.2,sai khớp bong gân và căng cơ khớp chưa xác định và dây chằng chi trên tầm chưa xác định
T11.3,tổn thương dây thần kinh chưa xác định tại chi trên tầm chưa xác định
T11.4,tổn thương mạch máu chưa xác định tại chi trên tầm chưa xác định
T11.5,tổn thương cơ chưa xác định và gân tại chi trên tầm chưa xác định
T11.6,chấn thương cắt cụt tại chi trên tầm không xác định
T11.8,tổn thương khác đã xác định tại chi trên tầm chưa xác định
T11.9,tổn thương chưa xác định tại chi trên tầm chưa xác định
T12,gãy xương chi dưới tầm chưa xác định
T13,tổn thương khác chi dưới tầm chưa xác định
T13.0,tổn thương nông chi dưới tầm chưa xác định
T13.1,vết thương hở chi dưới tầm chưa xác định
T13.2,sai khớp bong gân và căng cơ khớp chưa xác định và dây chằng chi dưới tầm chưa xác định
T13.3,tổn thương dây thần kinh chưa xác định tại chi dưới tầm chưa xác định
W41,bị ảnh hưởng tia áp lực cao
W42,ảnh hưởng tiếng ồn
W43,ảnh hưởng độ rung
F13.3,rối loạn tâm thần và hành vi do sử dụng các chất an thần hoặc các thuốc ngủ trạng thái cai
F13.4,rối loạn tâm thần và hành vi do sử dụng các chất an thần hoặc các thuốc ngủ trạng thái cai với me sảng
H26.4,đục bao sau mổ đục thể thủy tinh ngoài bao
H26.8,đục thể thủy tinh xác định khác
H26.9,đục thể thủy tinh không đặc hiệu khác
H27,các bệnh khác của thủy tinh thể
H27.0,không có thể thủy tinh
H27.1,lệch thể thủy tinh
H27.8,bệnh thể thủy tinh xác định khác
Z58.3,phơi nhiễm với đất ô nhiễm
Z58.4,phơi nhiễm với tia xạ
Z58.5,phơi nhiễm với các ô nhiễm khác
Z51.5,chăm sóc giảm nhẹ
Z51.6,giải mẫn cảm các dị nguyên
Z51.8,chăm sóc y học đặc hiệu khác
Z51.9,chăm sóc y học không đặc hiệu
Z52,hiến tạng và mô
Z52.0,hiến máu
Z52.1,hiến da
Z52.2,hiến xương
Z52.3,hiến tủy xương
Z52.4,hiến thận
Z52.5,hiến giác mạc
Z52.6,hiến gan
Z52.7,hiến tim
Z52.8,hiến các tạng và mô khác
Z52.9,hiến các tạng và mô không đặc hiệu
Z53,người bệnh đến các cơ sở y tế do chưa được thực hiện những thủ thuật đặc hiệu
Z53.0,chưa được thực hiện chống chỉ định
Z53.1,chưa thực hiện do người bệnh chưa quyết định vì chưa tin tưởng hay vì áp lực của nhóm
Z53.2,chưa thực hiện do người bệnh chưa quyết định vì những lý do khác không xác định
Z53.8,chưa thực hiện vì những lý do khác
Z53.9,chưa thực hiện vì lý do không xác định
Z54,thời kỳ dưỡng sức
Z54.0,dưỡng sức sau phẫu thuật
Z54.1,dưỡng sức sau xạ trị liệu
Z54.2,dưỡng sức sau hóa trị liệu
Z54.3,dưỡng sức sau liệu pháp tâm thần
Z54.4,dưỡng sức sau điều trị gãy xương
Z54.7,dưỡng sức sau điều trị phối hợp
T27.7,ăn mòn đường hô hấp phần chưa xác định
T28,bỏng và ăn mòn nội tạng khác
T28.0,bỏng tại miệng và hầu họng
T28.1,bỏng tại thực quản
T28.2,bỏng tại phần khác của đường tiêu hóa
T28.3,bỏng tại phần trong của đường tiết niệu sinh dục
T28.4,bỏng nơi khác và các nội tạng chưa xác định
T28.5,ăn mòn tại miệng và thanh quản
T28.6,ăn mòn tại thực quản
T28.7,ăn mòn tại phần khác của đường tiêu hóa
T28.8,ăn mòn tại phần trong của đường sinh dục tiết niệu
T28.9,ăn mòn tại nơi khác và các nội tạng chưa xác định
T49.1,ngộ độc thuốc chống ngứa
T49.2,ngộ độc thuốc làm săn da tại chỗ và thuốc sát trùng tại chỗ
T49.3,ngộ độc thuốc làm mềm da làm dịu da và bảo vệ da
T49.4,ngộ độc thuốc làm tróc lớp sừng tạo hình lớp sừng và thuốc và các chế phẩm điều trị tóc khác
T49.5,ngộ độc thuốc và chế phẩm điều trị mắt
T49.6,ngộ độc thuốc và chế phẩm điều trị tai mũi họng
T49.7,ngộ độc thuốc nha khoa bôi tại chỗ
T49.8,ngộ độc thuốc dùng tại chỗ khác
T49.9,ngộ độc thuốc dùng tại chỗ chưa xác định
X93,tấn công bằng đạn súng tay
X94,tấn công bằng súng trường súng ngắn và súng lớn hơn
X95,tấn công bằng súng khác và không rõ đặc điểm
X96,tấn công bằng chất nổ
X97,tấn công bằng khói cháy và lửa
X98,tấn công bằng hơi nước hơi nước nóng và vật nóng
X99,tấn công bằng vật nhọn sắc
Y00,tấn công bằng vật tù
Y01,tấn công bằng đẩy từ chỗ cao
Y02,tấn công bằng đẩy hay đặt nạn nhân trước vật đang chuyển động
Y03,tấn công bằng đâm xe động cơ
Y04,tấn công bằng sức cơ thể
Y05,tấn công tình dục bằng sức người
Y06,cẩu thả hay bỏ rơi
Y06.0,do vợ chồng hay người cộng tác
Y06.1,do cha mẹ
Y06.2,do người quen hay bạn
Y06.8,do người khác biết rõ đặc điểm
Y06.9,do người khác không biết rõ đặc điểm
Y07,các hội chứng hành hạ khác
Y07.0,do vợ chồng hay người cộng tác
Y07.1,do cha mẹ
Y07.2,do người quen hay bạn
Y07.3,do công chức có thẩm quyền
Y07.8,do người khác biết đặc điểm
Y07.9,do người không rõ đặc điểm
Y08,tấn công bằng phương tiện khác biết đặc điểm
Y09,tấn công bằng phương tiện khác không rõ đặc điểm
Y10,ngộ độc và phơi nhiễm thuốc giảm đau hạ sốt chống thấp không có thuốc phiện không rõ ý đồ
Y11,ngộ độc và phơi nhiễm thuốc chống động kinh an thần gây ngủ chống parkinson và hướng thần không được xếp loại ở chỗ khác không rõ ý đồ
Z96.7,sự có mặt dụng cụ cấy ghép xương và gân
Z96.8,sự có mặt dụng cụ cấy ghép chức năng xác định khác
Z96.9,sự có mặt dụng cụ cấy ghép chức năng không đặc hiệu
Z97,sự có mặt của các dụng cụ cấy ghép khác
Z97.0,sự có mặt mắt giả
Z97.1,sự có mặt của chi giả toàn bộ một phần
Z97.2,sự có mặt của dụng cụ chỉnh hình răng toàn bộ một phần
Z97.3,sự có mặt của mắt kính và thấu kính tiếp xúc
Z97.4,sự có mặt của dụng cụ trợ thính bên ngoài
Z97.5,sự có mặt của dụng cụ tránh thai trong tử cung
Z97.8,sự có mặt của các dụng cụ xác định khác
Z98,các tình trạng hậu phẫu thuật
Z98.0,tình trạng nối tắt ruột và nối ruột
Z98.1,tình trạng đóng cứng khớp
Z98.2,sự có mặt dụng cụ dẫn lưu dịch não tủy
Z98.8,các tình trạng hậu phẫu xác định khác
Z99,tình trạng phụ thuộc vào các thiết bị và dụng cụ chưa được phân loại ở phần khác
Z99.0,phụ thuộc máy hút
Z99.1,phụ thuộc máy thở
Z99.2,phụ thuộc chạy thận nhân tạo
Z99.3,phụ thuộc vào xe lăn
Z99.4,lệ thuộc vào tim nhân tạo
Z99.8,phụ thuộc vào các thiết bị và dụng cụ khác
Z99.9,phụ thuộc vào thiết bị và dụng cụ không xác định
U04,hội chứng suy hô hấp cấp tính nặng sars
U04.9,hội chứng suy hô hấp cấp tính nặng sars không đặc hiệu
U06,sử dụng mã u06 trong trường cấp cứu
U06.0,sử dụng mã u06 0 trong cấp cứu
U06.1,sử dụng mã u06 1 trong cấp cứu
U06.2,sử dụng mã u06 2 trong cấp cứu
U06.3,sử dụng mã u06 3 trong cấp cứu
U06.4,sử dụng mã u06 4 trong cấp cứu
U06.5,sử dụng mã u06 5 trong cấp cứu
U06.6,sử dụng mã u06 6 trong cấp cứu
U06.7,sử dụng mã u06 7 trong cấp cứu
U06.8,sử dụng mã u06 8 trong cấp cứu
U06.9,sử dụng mã u06 9 trong cấp cứu
U07,sử dụng mã u07 trong cấp cứu
U07.0,sử dụng mã u07 0 trong cấp cứu
U07.1,covid 19 xác định có kết quả xét nghiệm khẳng định sars cov 2 dương tính
H27.9,bệnh thể thủy tinh không đặc hiệu
H28,đục thủy tinh thể và bệnh của thủy tinh thể khác trong các bệnh phân loại nơi khác
H28.0,đục thể thủy tinh do đái tháo đường e10 e14 với ký tự thứ tư là 3
H28.1,đục thể thủy tinh trong các bệnh nội tiết dinh dưỡng và chuyển hóa khác
H28.2,đục thể thủy tinh trong bệnh khác phân loại nơi khác
H28.8,bệnh khác của thể thủy tinh trong các bệnh phân loại nơi khác
H30,viêm hắc võng mạc
H30.0,viêm hắc võng mạc khu trú
H30.1,viêm hắc võng mạc rải rác
H30.2,viêm thể mi sau
H30.8,bệnh viêm hắc võng mạc khác
H30.9,viêm hắc võng mạc không đặc hiệu
H31,bệnh khác của hắc mạc
H31.0,sẹo hắc võng mạc
H31.1,thoái hóa hắc mạc
H31.2,loạn dưỡng hắc mạc di truyền
H31.3,xuất huyết và rách hắc mạc
H31.4,bong hắc mạc
H31.8,bệnh xác định khác của hắc mạc
H31.9,bệnh hắc mạc không đặc hiệu
H32,bệnh hắc võng mạc trong các bệnh phân loại nơi khác
H32.0,viêm hắc võng mạc trong bệnh nhiễm trùng và ký sinh trùng phân loại nơi khác
H32.8,bệnh hắc võng mạc khác trong các bệnh phân loại nơi khác
H33,bong và rách võng mạc
H33.0,bong võng mạc có vết rách
H33.1,tách lớp võng mạc và nang võng mạc
H33.2,bong võng mạc thanh dịch
H33.3,vết rách võng mạc không có bong
H33.4,bong võng mạc do kéo
H33.5,bong võng mạc khác
H34,tắc mạch võng mạc
H34.0,tắc động mạch võng mạc thoáng qua
H34.1,tắc động mạch trung tâm võng mạc
H34.2,tắc động mạch võng mạc khác
H34.8,các tắc mạch võng mạc khác
H34.9,tắc mạch võng mạc không đặc hiệu
H35,các bệnh võng mạc khác
H35.0,bệnh lý võng mạc sơ phát và biến đổi mạch máu võng mạc
H35.1,bệnh lý võng mạc của trẻ đẻ non
H35.2,bệnh lý võng mạc tăng sinh khác
T29,bỏng và ăn mòn nhiều vùng cơ thể
T29.0,bỏng nhiều vùng độ chưa xác định
T29.1,bỏng nhiều vùng không hơn bỏng độ một đã đề cập
T29.2,bỏng nhiều vùng không hơn bỏng độ hai đã đề cập
T29.3,bỏng nhiều vùng ít nhất có một bỏng độ ba đã đề cập
T29.4,ăn mòn nhiều vùng độ chưa xác định
T29.5,ăn mòn nhiều vùng không hơn ăn mòn độ một đã đề cập
T29.6,ăn mòn nhiều vùng không hơn ăn mòn độ hai đã đề cập
T29.7,ăn mòn nhiều vùng ít nhất có một ăn mòn độ ba đã đề cập
T30,bỏng và ăn mòn vùng cơ thể chưa xác định
T30.0,bỏng vùng cơ thể chưa xác định độ chưa xác định
T30.1,bỏng độ một vùng cơ thể chưa xác định
T30.2,bỏng độ hai vùng cơ thể chưa xác định
T30.3,bỏng độ ba vùng cơ thể chưa xác định
T30.4,ăn mòn vùng cơ thể chưa xác định độ chưa xác định
T30.5,ăn mòn độ một vùng cơ thể chưa xác định khác
T30.6,ăn mòn độ hai vùng cơ thể chưa xác định
T30.7,ăn mòn độ ba vùng cơ thể chưa xác định
T31,bỏng phân loại theo diện tích bề mặt cơ thể bị tổn thương
T31.0,bỏng tổn thương ít hơn 10 bề mặt cơ thể
T31.1,bỏng tổn thương10 19 bề mặt cơ thể
T31.2,bỏng tổn thương 20 29 bề mặt cơ thể
T31.3,bỏng tổn thương 30 39 bề mặt cơ thể
T31.4,bỏng tổn thương 40 49 bề mặt cơ thể
T31.5,bỏng tổn thương 50 59 bề mặt cơ thể
T31.6,bỏng tổn thương 60 69 bề mặt cơ thể
T31.7,bỏng tổn thương 70 79 bề mặt cơ thể
T31.8,bỏng tổn thương 80 89 bề mặt cơ thể
T31.9,bỏng tổn thương 90 hoặc hơn bề mặt cơ thể
T32,ăn mòn phân loại theo diện tích bề mặt cơ thể bị tổn thương
T32.0,ăn mòn tổn thương ít hơn 10 bề mặt cơ thể
T32.1,ăn mòn tổn thương 10 19 bề mặt cơ thể
T32.2,ăn mòn tổn thương 20 29 bề mặt cơ thể
T32.3,ăn mòn tổn thương 30 39 bề mặt cơ thể
T32.4,ăn mòn tổn thương 40 49 bề mặt cơ thể
T32.5,ăm mòn tổn thương 50 59 bề mặt cơ thể
T32.6,ăn mòn tổn thương 60 69 bề mặt cơ thể
T32.7,ăn mòn tổn thương 70 79 bề mặt cơ thể
Y12,ngộ độc và phơi nhiễm thuốc mê và thuốc làm hưng phấn tinh thần sinh hoang tưởng không xếp loại ở nơi khác không rõ ý đồ
Y13,ngộ độc và phơi nhiễm các thuốc khác tác dụng trên hệ thần kinh tự động không rõ ý đồ
Y14,ngộ độc và phơi nhiễm thuốc dược chất sinh chất khác không rõ đặc điểm không rõ ý đồ
Y15,ngộ độc và phơi nhiễm rượu không rõ ý đồ
Y16,ngộ độc và phơi nhiễm chất dung môi hữu cơ và hologenat carbon và các chất hơi của chúng không rõ ý đồ
Y17,ngộ độc và phơi nhiễm các khí và hơi khác không rõ ý đồ
Y18,ngộ độc và phơi nhiễm chất diệt súc vật không rõ ý đồ
Y19,ngộ độc và phơi nhiễm với hóa chất và chất có hại khác không rõ đặc điểm không rõ ý đồ
Y20,treo làm nghẹt làm ngạt thở không rõ ý đồ
Y21,ngã xuống nước ngập nước không rõ ý đồ
Y22,đạn súng tay không rõ ý đồ
Y23,đạn súng trường súng ngắn và súng to hơn không rõ ý đồ
Y24,đạn súng khác và không rõ đặc điểm không rõ ý đồ
Y25,tiếp xúc chất nổ không rõ ý đồ
Y26,phơi nhiễm khói cháy và lửa không rõ ý đồ
Y27,phơi nhiễm hơi nước hơi nước nóng và vật nóng không rõ ý đồ
Y28,tiếp xúc vật nhọn sắc không rõ ý đồ
Y29,tiếp xúc vật tù không rõ ý đồ
Y30,ngã nhảy hay bị đẩy từ một chỗ cao không rõ ý đồ
Y31,ngã nằm hay chạy trước hay chạy vào vật đang chuyển động không rõ ý đồ
Y32,bị mô tô cán không rõ ý đồ
Y33,các biến cố khác có biết rõ đặc điểm không rõ ý đồ
Y34,biến cố không rõ đặc điểm không rõ ý đồ
Y35,can thiệp hợp pháp
Y35.0,can thiệp hợp pháp liên quan đến đạn súng tay
Y35.1,can thiệp hợp pháp liên quan đến chất nổ
Y35.2,can thiệp hợp pháp liên quan đến khí
Y35.3,can thiệp hợp pháp liên quan vật tầy
Z83.2,tiền sử gia đình có các bệnh về máu và cơ quan tạo máu và một số rối loạn về cơ chế miễn dịch
Z83.3,tiền sử gia đình có bệnh đái tháo đường
Z83.4,tiền sử gia đình có các bệnh về nội tiết dinh dưỡng và chuyển hóa
Z83.5,tiền sử gia đình có các rối loạn thị giác và thính giác
Z83.6,tiền sử gia đình có các bệnh hô hấp
Z83.7,tiền sử gia đình có các bệnh thuộc hệ tiêu hóa
U07.2,covid 19 nghi ngờ hoặc có thể chưa có kết quả xét nghiệm khẳng định sars cov 2
S53.2,chấn thương đứt dây chằng hai bên xương quay
S53.3,chấn thương đứt dây chằng hai bên xương trụ
S53.4,bong gân và căng cơ khủyu tay
S54,tổn thương dây thần kinh cẳng tay
S54.0,tổn thương dây thần kinh trụ ở tầm cẳng tay
S54.1,tổn thương dây thần kinh xương quay ở tầm cẳng tay
S54.2,tổn thương dây thần kinh xương quay ở tầm cẳng tay
S54.3,tổn thương dây thần kinh cảm giác da ở tầm cẳng tay
S54.7,tổn thương đa dây thần kinh ở tầm cẳng tay
S54.8,tổn thương dây thần kinh khác ở tầm cẳng tay
S54.9,tổn thương dây thần kinh chưa xác định ở tầm cẳng tay
S55,tổn thương mạch máu ở tầm cẳng tay
S55.0,tổn thương động mạch xương trụ ở tầm cẳng tay
S55.1,tổn thương động mạch xương quay ở tầm cẳng tay
S55.2,tổn thương đa mạch máu ở tầm cẳng tay
S55.7,tổn thương đa mạch máu ở tầm cẳng tay
S55.8,tổn thương mạch máu khác ở tầm cẳng tay
S55.9,tổn thương mạch máu chưa rõ ở tầm cẳng tay
S56,tổn thương cơ bắp và gân ở tầm cẳng tay
S56.0,tổn thương cơ gấp và gân ngón tay cái ở tầm cẳng tay
S56.1,tổn thương cơ gấp và ngón tay khác ở tầm cẳng tay
S56.2,tổn thương cơ gấp khác và gân ở tầm cẳng tay
S56.3,tổn thương cơ duỗi và cơ giạng và gân ngón tay cái ở tầm cẳng tay
S56.4,tổn thương cơ duỗi và gân ngón khác ở tầm cẳng tay
S56.5,tổn thương cơ duỗi khác và gân ở tầm cẳng tay
S56.7,tổn thương đa cơ và gân ở tầm cẳng tay
S56.8,tổn thương cơ khác chưa xác định và gân tầm cẳng tay
S57,tổn thương dập nát ở cẳng tay
S57.0,tổn thương dập nát ở khủyu tay
S57.8,tổn thương dập nát ở phần khác cẳng tay
S57.9,tổn thương dập nát ở cẳng tay phần chưa xác định
S58,chấn thương cắt cụt ở cẳng tay
S58.0,chấn thương cắt cụt ở tầm khủyu tay
S58.1,chấn thương cắt cụt ở tầm giữa khủyu và cổ tay
S58.9,chấn thương cắt cụt ở cẳng tay tầm chưa xác định
S59,tổn thương khác và chưa xác định của cẳng tay
H35.3,thoái hóa hoàng điểm và cực sau
H35.4,thoái hóa võng mạc ngoại biên
H35.5,loạn dưỡng võng mạc di truyền
H35.6,xuất huyết võng mạc
H35.7,bong các lớp võng mạc
H35.8,bệnh võng mạc xác định khác
H35.9,bệnh võng mạc không đặc hiệu
H36,bệnh võng mạc trong các bệnh phân loại nơi khác
H36.0,bệnh lý võng mạc do đái tháo đường e10 e14 với ký tự thứ tư chung là 3
H36.8,bệnh võng mạc khác trong các bệnh phân loại nơi khác
H40,glôcôm
H40.0,nghi ngờ glocom
H40.1,glocom góc mở nguyên phát
H40.2,glocom góc đóng nguyên phát
H40.3,glocom thứ phát do chấn thương mắt
H40.4,glocom thứ phát do viêm mắt
H40.5,glocom thứ phát do bệnh mắt khác
H40.6,glocom thứ phát do thuốc
T04.9,đa tổn thương dập nát chưa xác định
T05,chấn thương cắt cụt tác động nhiều vùng cơ thể
T05.0,chấn thương cắt cụt cả hai bàn tay
T05.1,chấn thương cắt cụt một bàn tay và tay khác tầm bất kỳ trừ bàn tay
T05.2,chấn thương cắt cụt cả hai bàn tay tầm bất kỳ
T05.3,chấn thương cắt cụt cả hai bàn chân
T05.4,chấn thương cắt cụt một bàn chân và chân khác tầm bất kỳ trừ bàn chân
T05.5,chấn thương cắt cụt cả hai chân tầm bất kỳ
T05.6,chấn thương cắt cụt cả hai chân tầm bất kỳ
T05.8,chấn thương cắt cụt tác động kết hợp khác các vùng cơ thể
T05.9,đa chấn thương cắt cụt chưa xác định
T06,tổn thương khác tác động nhiều vùng cơ thể không xếp loại nơi khác
T06.0,tổn thương của não và dây thần kinh sọ với tổn thương của dây thần kinh và cột sống tại tầm cổ
T06.1,tổn thương dây thần kinh và cột sống tác động nhiều vùng khác
T06.2,tổn thương dây thần kinh tác động nhiều vùng cơ thể
T06.3,tổn thương mạch máu tác động nhiều vùng cơ thể
T06.4,tổn thương cơ và gân tác động nhiều vùng cơ thể
T06.5,tổn thương phủ tạng trong lồng ngực với trong ổ bụng và phủ tạng khung chậu
T32.8,ăn mòn tổn thương 80 89 bề mặt cơ thể
T32.9,ăn mòn tổn thương 90 hoặc hơn bề mặt cơ thể
T33,tổn thương nông do cóng lạnh
T33.0,tổn thương do cóng lạnh tại đầu
T33.1,tổn thương nông do cóng lạnh tại cổ
T33.2,tổn thương nông do cóng lạnh tại ngực
T33.3,tổn thương nông do cóng lạnh tại thành bụng lưng dưới và khung chậu
T33.4,tổn thương nông do cóng lạnh tại cánh tay
T33.5,tổn thương nông do cóng lạnh tại cổ tay và bàn tay
T33.6,tổn thương nông do cóng lạnh tại háng và đùi
W10,ngã trên và từ bậc thang bậc thềm
W11,ngã trên và từ thang
W12,ngã trên và từ dàn giáo
W13,ngã từ ra ngoài hay qua nhà kiến trúc
W14,ngã cây
W15,ngã vách đá
W16,nhẩy lao đầu hay nhẩy xuống nước gây chấn thương khác với ngã xuống nước hay ngập nước
W17,ngã khác từ một mức này đến mức khác
W18,ngã khác cùng mức
W19,ngã không rõ đặc điểm
W20,bị tác động của vật ném tung hay đang rơi
W21,va phải hay bị đập bởi dụng cụ thể thao
W22,va phải hay bị đập bởi vật khác
W23,bị bắt kẹp ép hay cấu trong hay giữa các vật
W24,tiếp xúc với dụng cụ nâng truyền không được xếp loại ở nơi khác
W25,tiếp xúc với kính nhọn
W26,tiếp xúc với dao kiếm dao găm
W27,tiếp xúc với dụng cụ thủ công không động cơ
W28,tiếp xúc với máy xén cỏ
W29,tiếp xúc với dụng cụ thủ công có động cơ khác và máy nội trợ
W30,tiếp xúc với máy nông nghiệp
W31,tiếp xúc với máy khác không rõ đặc điểm
W32,đạn súng tay
W33,đạn súng có rãnh xoắn súng ngắn súng dài
W34,đạn của súng tay khác không rõ đặc điểm
W35,nổ vỡ bình hơi nước
W36,nổ vỡ bình ga
W37,nổ và vỡ lốp ống dẫn hay vòi có điều hòa áp lực
W38,nổ và vỡ các dụng cụ khác không rõ đặc điểm có điều hòa áp lực
W39,nổ pháo hoa
W40,nổ vật tư khác
Z84,tiền sử gia đình có các bệnh khác
Z84.0,tiền sử gia đình có các bệnh về da và tổ chức dưới da
Z84.1,tiền sử gia đình có các rối loạn về thận và niệu quản
Z84.2,tiền sử gia đình có các bệnh thuộc hệ sinh dục tiết niệu
Z84.3,tiền sử gia đình có các bệnh về huyết thống
Z84.8,tiền sử gia đình có các bệnh đặc hiệu khác
Z85,tiền sử cá nhân có khối u ác tính
Z85.0,tiền sử cá nhân có u ác tính của cơ quan tiêu hóa
Z85.1,tiền sử cá nhân có khối u ác tính ở khí quản phế quản và phổi
Z85.2,tiền sử cá nhân có khối u ác tính ở các cơ quan hô hấp và các cơ quan khác trong lồng ngực
Z85.3,tiền sử cá nhân có khối u ác tính ở vú
Z85.4,tiền sử cá nhân có u ác tính ở các cơ quan sinh dục
Z85.5,tiền sử cá nhân có u ác tính của đường tiết niệu
Z85.6,tiền sử cá nhân có bệnh bạch cầu
Z85.7,tiền sử cá nhân có u ác tính hệ lympho cơ quan tạo máu và tổ chức tạo máu
Z85.8,tiền sử cá nhân có khối u ác tính ở các cơ quan và hệ thống khác
Z85.9,tiền sử cá nhân có khối u ác tính không đặc hiệu
Z86,tiền sử cá nhân có một số bệnh khác
Z86.0,tiền sử cá nhân có các khối u khác
Z86.1,tiền sử cá nhân có bệnh nhiễm khuẩn và ký sinh trùng
Z86.2,tiền sử cá nhân có các bệnh về máu và cơ quan tạo máu và một số rối loạn về cơ chế miễn dịch
Z86.3,tiền sử cá nhân có các bệnh về nội tiết dinh dưỡng và chuyển hóa
Z86.4,tiền sử cá nhân có lạm dụng chất kích thần
Z86.5,tiền sử cá nhân có các rối loạn tâm thần và hành vi khác
Z86.6,tiền sử cá nhân có các bệnh về hệ thần kinh và các giác quan
Z86.7,tiền sử cá nhân có các bệnh về hệ tuần hoàn
Z87,tiền sử cá nhân có các bệnh và trạng thái bệnh khác
Z87.0,tiền sử cá nhân có các bệnh thuộc hệ hô hấp
Z87.1,tiền sử cá nhân có các bệnh thuộc hệ tiêu hóa
Z87.2,tiền sử cá nhân có các bệnh về da và tổ chức dưới da
Z87.3,tiền sử cá nhân có các bệnh thuộc hệ cơ xương và tổ chức liên kết
Z87.4,tiền sử cá nhân có các bệnh thuộc hệ sinh dục tiết niệu
Z87.5,tiền sử cá nhân có các biến chứng của thai nghén sinh đẻ và sau đẻ
Z87.6,tiền sử cá nhân có một số bệnh xuất hiện trong thời kỳ chu sinh
S59.7,đa tổn thương cẳng tay
S59.8,tổn thương khác được xác định ở cẳng tay
S59.9,tổn thương chưa xác định ở cẳng tay
S60,tổn thương nông ở cổ tay và bàn tay
S60.0,đụng giập các ngón tay không tổn thương móng
S60.1,đụng giập các ngón tay với tổn thương móng
S60.2,đụng giập các phần khác cổ tay và bàn tay
S60.7,đa tổn thương nông ở cổ tay và bàn tay
S60.8,tổn thương nông khác ở cổ tay và bàn tay
S60.9,tổn thương nông ở cổ tay và bàn tay không đặc hiệu
S61,vết thương hở ở cổ tay và bàn tay
S61.0,vết thương hở các ngón tay không tổn thương móng
S61.1,vết thương hở các ngón tay với tổn thương móng
S61.7,đa vết thương hở ở cổ tay và bàn tay
S61.8,vết thương hở các phần khác của cổ tay và bàn tay
S61.9,vết thương hở của cổ tay và bàn tay phần không xác định
S62,gãy xương tầm cổ tay và bàn tay
S62.0,gãy xương của xương thuyền bàn tay
S62.00,gãy xương của xương thuyền bàn tay gãy kín
S62.01,gãy xương của xương thuyền bàn tay gãy hở
S62.1,gãy xương khớp cổ tay khác
S62.10,gãy xương khớp cổ tay khác gãy kín
S62.11,gãy xương khớp cổ tay khác gãy hở
S62.2,gãy xương đốt đầu bàn tay
T69.8,tác dụng xác định khác của hạ nhiệt
T69.9,tác dụng hạ nhiệt chưa xác định
T70,tác động của áp lực không khí và áp lực nước
T70.0,viêm tai do chấn thương khí áp
T70.1,viêm xoang do chấn thương khí áp
T70.2,tác dụng khác và chưa xác định của độ cao
T70.3,bệnh do thùng lặn bệnh lý do giảm áp
T70.4,tác động của áp lực dịch cao
T70.8,tác động khác của áp lực khí và áp lực nước
T70.9,tác động áp lực khí và áp lực nước chưa xác định
T71,ngạt thở
T73,tác động của các thiếu hụt khác
T73.0,tác động của đói
T73.1,tác động của khát
T73.2,kiệt sức do phơi nhiễm
T73.3,kiệt sức do cố gắng quá sức
T06.8,tổn thương xác định khác tác động nhiều vùng cơ thể
T07,đa tổn thương chưa xác định
Z40,phẫu thuật dự phòng
Z40.0,phẫu thuật dự phòng các nguy cơ liên quan đến khối u ác tính
Z40.8,phẫu thuật dự phòng khác
Z40.9,phẫu thuật dự phòng không đặc hiệu
Z41,các thủ thuật vì những mục đích khác không phải phục hồi sức khỏe
Z41.0,cấy tóc
Z41.1,phẫu thuật tạo hình do vẻ bên ngoài xấu
Z41.2,cắt bao qui đầu theo tập tục và thường quy
Z41.3,bấm lỗ tai
Z41.8,các thủ thuật khác vì các mục đích khác không phải phục hồi sức khỏe
Z41.9,các thủ thuật vì những mục đích khác không phải phục hồi sức khỏe không đặc hiệu
Z42,chăm sóc theo dõi liên quan phẫu thuật tạo hình
Z42.0,chăm sóc theo dõi phẫu thuật tạo hình vùng đầu và cổ
Z42.1,chăm sóc theo dõi phẫu thuật tạo hình vú
Z42.2,chăm sóc theo dõi phẫu thuật tạo hình các phần khác của thân mình
Z42.3,chăm sóc theo dõi phẫu thuật tạo hình chi trên
T35.5,tổn thương do cóng lạnh chưa xác định tại chi dưới
T35.6,tổn thương do cóng lạnh chưa xác định tác động nhiều vùng cơ thể
T35.7,tổn thương do cóng lạnh chưa xác định tại vị trí chưa xác định
T36,nhiễm độc do dùng kháng sinh toàn thân
T36.0,ngộ độc kháng sinh penicillin
T36.1,ngộ độc kháng sinh cefalosporin và kháng sinh beta lactam khác
T36.2,ngộ độc kháng sinh nhóm chloramphenicol
T36.3,ngộ độc kháng sinh macrolid
T36.4,ngộ độc kháng sinh tetracyclin
T36.5,ngộ độc kháng sinh aminoglycosid
T36.6,ngộ độc kháng sinh rifamycin
T36.7,ngộ độc kháng sinh chống nấm toàn thân
T36.8,ngộ độc kháng sinh toàn thân khác
T36.9,ngộ độc kháng sinh toàn thân chưa xác định
T37,nhiễm độc do chất chống nhiễm trùng và chống ký sinh trùng khác dùng toàn thân
T37.0,ngộ độc sulfonamid
T37.1,ngộ độc thuốc chống mycobacterial
T37.2,ngộ độc thuốc chống sốt rét và thuốc tác động trên đơn bào máu khác
T37.3,ngộ độc thuốc chống đơn bào khác
T37.4,ngộ độc thuốc chống giun sán
T37.5,ngộ độc thuốc chống virus
T37.8,ngộ độc thuốc chống nhiễm trùng và chống ký sinh trùng khác dùng toàn thân đã xác định
L94.1,xơ cứng bì dạng dải
L94.2,lắng đọng calci ở da
L94.3,xơ cứng ngón
L94.4,sẩn gottron
L94.5,bệnh teo da dạng mạng lưới giãn mạch
L94.6,bệnh ainhum
L94.8,các bệnh tổ chức liên kết khu trú đặc hiệu khác
L94.9,các bệnh tổ chức liên kết khu trú không điển hình
L95,viêm mao mạch ở da chưa phân loại ở phần khác
L95.0,viêm mạch mạng lưới
L95.1,ban đỏ nổi cục rắn
L95.8,viêm mao mạch ở da
L95.9,viêm mao mạch ở da không điển hình
L97,loét chi dưới chưa phân loại ở phần khác
Z42.4,chăm sóc theo dõi phẫu thuật tạo hình chi dưới
Z42.8,chăm sóc theo dõi phẫu thuật tạo hình các phần khác của cơ thể
Z42.9,chăm sóc theo dõi phẫu thuật tạo hình không đặc hiệu
Z43,chăm sóc các lỗ mở nhân tạo
Z43.0,chăm sóc lỗ mở khí quản
Z43.1,chăm sóc lỗ mở thông dạ dày
Z43.2,chăm sóc lỗ mở thông hồi tràng
Z43.3,chăm sóc lỗ mở thông đại tràng
Z43.4,chăm sóc các lỗ mở nhân tạo khác của đường tiêu hóa
T13.5,tổn thương cơ bắp chưa xác định và gân tại chi dưới tầm chưa xác định
T13.6,chấn thương cắt cụt tại chi dưới tầm chưa xác định
T13.8,tổn thương khác đã xác định tại chi dưới tầm chưa xác định
T13.9,tổn thương chưa xác định tại chi dưới tầm chưa xác định
T14,tổn thương chưa xác định vùng cơ thể
L94.0,xơ cứng bì khu trú dạng mảng
T14.0,tổn thương nông tại vùng cơ thể chưa xác định
T14.1,vết thương hở chưa xác định vùng cơ thể
T14.2,gãy xương chưa xác định vùng cơ thể
T14.20,gãy xương chưa xác định vùng cơ thể gãy kín
T14.21,gãy xương chưa xác định vùng cơ thể gãy hở
T14.3,trật khớp bong gân và căng cơ vùng cơ thể không xác định
T14.4,tổn thương nhiều dây thần kinh vùng cơ thể chưa xác định
T14.5,tổn thương mạch máu vùng cơ thể chưa xác định
T14.6,tổn thương gân và cơ bắp cùng cơ thể chưa xác định
T14.7,tổn thương dập nát và chấn thương cắt cụt vùng cơ thể chưa xác định
T14.8,tổn thương khác của vùng cơ thể chưa xác định
T14.9,tổn thương chưa xác định
T37.9,ngộ độc thuốc chống nhiễm trùng và ký sinh trùng khác dùng toàn thân chưa xác định
T38,nhiễm độc do nội tiết và chất tổng hợp thay thế và chất đối kháng không xếp loại ở đâu
T38.0,ngộ độc glucocorticoid và chất tổng hợp tương tự
T38.1,ngộ độc hormon tuyến giáp và chất thay thế
T38.2,ngộ độc thuốc chống tuyến giáp
T38.3,ngộ độc insulin và thuốc hạ đường huyết uống chống đái tháo đường
T38.4,ngộ độc thuốc tránh thai uống
T38.5,ngộ độc estrogen và progestogen khác
T38.6,ngộ độc thuốc kháng gonadotropin kháng tiestrogen kháng androgen không xếp loại ở phần nào khác
T38.7,ngộ độc androgen và sản phẩm đồng hóa tương tự
T38.8,ngộ độc hormon khác và hormon chưa xác định và chất tổng hợp thay thế
T38.9,ngộ độc hormon đối kháng và chưa xác định
W81,bị nhốt mắc bẫy trong môi trường oxy thấp
W83,các đe dọa thở khác biết đặc điểm
T54.3,nhiễm độc kiềm ăn mòn và chất giống kiềm
T54.9,nhiễm độc chất ăn mòn chưa xác định
T55,tác dụng đọ c của xà phòng và chất giặt tẩy
T56,ngộ độc kim loại
T56.0,nhiễm độc chì và hợp chất của chì
T56.1,nhiễm độc thủy ngân và hợp chất của thủy ngân
T56.2,nhiễm độc crôm và hợp chất của crom
T56.3,nhiễm độc dadmi và hợp chất của dadmi
T56.4,nhiễm độc đồng và hợp chất của đồng
T56.5,nhiễm độc kẽm và hợp chất của kẽm
T56.6,nhiễm độc thiếc và hợp chất của thiếc
T56.7,nhiễm độc beryllium và hợp chất của beryllium
T56.8,nhiễm độc kim loại khác
T56.9,nhiễm độc kim loại chưa xác định
T57,ngộ độc chất vô cơ
T57.0,nhiễm độc arsen và hợp chất của arsen
T57.1,nhiễm độc phospho và hợp chất của phospho
T57.2,nhiễm độc manganes và hợp chất của manganes
T57.3,nhiễm độc toxic effect hydrogen cyanide
T57.8,nhiễm độc chất vô cơ đã xác định khác
T57.9,nhiễm độc chất vô cơ chưa xác định
T58,ngộ độc carbon monoxide
T59,ngộ độc khí khác khói và hơi
T59.0,nhiễm độc nitrogen oxid
Y35.4,can thiệp hợp pháp liên quan vật sắc nhọn
Y35.5,hành hình hợp pháp
Y35.6,can thiệp hợp pháp liên quan các biện pháp khác có được biết rõ
Y35.7,can thiệp hợp pháp không biết rõ biện pháp
Y36,hành động trong chiến tranh
Y36.0,hoạt động chiến tranh do hỏa khí của lính thủy gây ra
Y36.1,hoạt động chiến tranh liên quan đến phá hủy phương tiện bay
Y36.2,hoạt động chiến tranh liên quan đến chất nổ và bom khác
Y36.3,hành động chiến tranh liên quan cháy cháy to và chất nóng
Y36.4,hành động chiến tranh liên quan đạn súng tay và các loại thông thường khác trong chiến tranh
Y36.5,hoạt động chiến tranh liên quan vũ khí hạt nhân
Y36.6,hoạt động chiến tranh liên quan vũ khí sinh học
Y36.7,hoạt động chiến tranh liên quan đến vũ khí hóa học và các vũ khí khác không theo qui ước chiến tranh
Y36.8,hoạt động chiến tranh xẩy ra sau khi đã ngừng hận thù
J63.8,bệnh phổi nghề nghiệp do bụi phổi vô cơ xác định khác
J64,bệnh bụi phổi không phân loại
J65,bệnh bụi phổi kết hợp với lao
J66,bệnh đường dẫn khí do bụi hữu cơ đặc biệt khác
J66.0,bụi phổi bông
J66.1,bệnh flax dresser
J66.2,bệnh đường hô hấp do ma túy
J66.8,bệnh đường dẫn bụi khí do bụi hữu cơ đặc biệt khác
J67,viêm phổi tăng cảm do bụi hữu cơ
J67.0,bệnh phổi của người nông dân
J67.1,bệnh phổi do bã mía
J67.2,bệnh phổi ở người nuôi chim
J67.3,bệnh phổi do xơ cây bần
J67.4,bệnh phổi của công nhân tiếp xúc với mạch nha bị mốc
J67.5,bệnh phổi của công nhân trồng nấm
L91.9,các bệnh quá sản của da không điển hình
L92,u hạt của da và tổ chức dưới da
L92.0,u hạt hình nhẫn
L92.1,hoại tử mỡ chưa phân loại ở phần khác
L92.2,u hạt ở mặt u hạt nhiễm bạch ái toan của da
L92.3,u hạt ở da và tổ chức dưới da do dị vật
L92.8,các bệnh u hạt ở da và tổ chức dưới da khác
L92.9,các bệnh u hạt ở da và tổ chức dưới da không điển hình
L93,lupus ban đỏ
L93.0,lupus ban đỏ dạng đĩa
L93.1,lupus ban đỏ bán cấp
L93.2,lupus ban đỏ khu trú khác
L94,các bệnh tổ chức liên kết khu trú khác
W44,dị vật vào trong hay đi qua mắt hay lỗ tự nhiên
W45,dị vật vào qua da
W46,tiếp xúc với kim tiêm dưới da
W49,bị ảnh hưởng của lực cơ học bất động khác không rõ đặc điểm
W50,bị người khác đập đánh đá vặn cắn cào
W51,bị người khác đánh lại hay húc vào
W52,bị đám đông hay đám người chạy toán loạn ép đẩy hay dẫm lên
W53,chuột cắn
W54,bị chó cắn đả thương
W55,cắn đả thương do loài động vật có vú khác
W56,tiếp xúc với động vật có vú ở dưới nước
W57,bị côn trùng không có nọc và các loài tiết túc không có nọc độc cắn hay đốt
W58,bị cá sấu cá sấu mỹ cắn hay đả thương
W59,bị loài bò sát khác cắn hay kẹp
W60,tiếp xúc với cây gai gai lá nhọn
W64,bị ảnh hưởng của lực cơ học không xác định do chuyển động
W65,ngã xuống nước ngập nước khi ở trong bồn tắm
W66,ngã xuống nước ngập nước sau khi ngã vào bồn tắm
W67,ngã xuống nước ngập nước khi ở bể bơi
W68,nxn hay nn sau khi ngã vào bể bơi
W69,ngã xuống nước ngập nước khi ở trong nước tự nhiên
W70,ngã xuống nước ngập nước sau khi ngã xuống nước tự nhiên
W73,ngã xuống nước ngập nước khác có rõ đặc điểm
W74,ngã xuống nước ngập nước không rõ đặc điểm
W75,tai nạn ngạt thở nghẹt thở trên giường
W76,tai nạn treo và thắt nghẹt khác
W77,đe dọa thở do sụt đất đất rơi và các chất khác
W78,hít phải chất chứa trong dạ dày
W79,hít và nuốt thức ăn gây tắc đường hô hấp
W80,hít và nuốt vật khác gây tắc đường thở
Z58.6,cung cấp nước uống không đầy đủ
Z58.7,tiếp cận tình thế với khói thuốc
Z58.8,các vấn đề khác liên quan đến môi trường vật lý
Z58.9,các vấn đề liên quan đến môi trường vật lý không đặc hiệu
Z59,những vấn đề liên quan đến nhà ở và hoàn cảnh kinh tế
Z59.0,tình trạng vô gia cư
Z87.7,tiền sử cá nhân có các dị tật bẩm sinh dị tật và bất thường nhiễm sắc thể
Z87.8,tiền sử cá nhân có các trạng thái bệnh đặc hiệu khác
Z88,tiền sử cá nhân có có các dị ứng với ma túy thuốc và các chất sinh vật khác
Z88.1,tiền sử cá nhân dị ứng với các kháng sinh khác
Z88.2,tiền sử cá nhân dị ứng với sulfonamides
Z88.3,tiền sử cá nhân dị ứng với các tác nhân chống nhiễm khuẩn khác
Z88.4,tiền sử cá nhân dị ứng với thuốc gây mê
Z88.5,tiền sử cá nhân dị ứng với các chất gây ngủ
Z88.6,tiền sử cá nhân dị ứng với các tác nhân giảm đau
Z88.7,tiền sử cá nhân dị ứng với huyết thanh và vaccin
Z88.8,tiền sử cá nhân dị ứng với các chất ma túy thuốc và các chất sinh học khác
S40.7,vết thương nông phức tạp của vai và cánh tay
S40.8,vết thương nông khác của vai và cánh tay
S40.9,vết thương nông của vai và cánh tay không đặc hiệu
S41,vết thương hở của vai và cánh tay
S41.0,vết thương hở của vai
S41.1,vết thương hở của cánh tay
S41.7,vết thương hở phức tạp của vai và cánh tay
S41.8,vết thương hở của các phần không xác định và khác của vòng ngực
S42,gãy xương vai và xương cánh tay
S42.0,gãy xương đòn
S42.00,gãy xương đòn gãy kín
S42.01,gãy xương đòn gãy hở
S42.1,gãy xương vai
S42.10,gãy xương vai gãy kín
S42.11,gãy xương vai gãy hở
S42.2,gãy phần trên xương cánh tay
S42.20,gãy phần trên xương cánh tay gãy kín
S42.21,gãy phần trên xương cánh tay gãy hở
S42.3,gãy thân xương cánh tay
Z88.0,tiền sử cá nhân dị ứng với penicillin
S42.30,gãy thân xương cánh tay gãy kín
S42.31,gãy thân xương cánh tay gãy hở
S42.4,gãy phần dưới xương cánh tay
S42.40,gãy phần dưới xương cánh tay gãy kín
S42.41,gãy phần dưới xương cánh tay gãy hở
S42.7,gãy phức tạp xương đòn xương vai và xương cánh tay
S42.70,gãy phức tạp xương đòn xương vai và xương cánh tay gãy kín
E87.8,rối loạn khác về cân bằng điện giải và nước chưa được phân loại ở phần khác
E88,rối loạn chuyển hóa khác
E88.0,rối loạn chuyển hóa protein huyết tương chưa được phân loại ở phần khác
E88.1,loạn dưỡng mỡ chưa được phân loại ở phần khác
E88.2,bệnh u mỡ chưa được phân loại ở phần khác
E88.3,hội chứng ly giải khối u
H02,bệnh khác của mí mắt
H02.0,quặm và lông xiêu của mi mắt
H02.1,lật mi
H02.2,hở mi
H02.3,sa da mi
H02.4,sụp mi
H02.5,bệnh khác ảnh hưởng đến chức năng của mi mắt
H02.6,u vàng ở mi mắt
H02.7,bệnh thoái hóa khác của mi mắt và vùng quanh mắt
H02.8,bệnh khác của mi mắt
H02.9,bệnh mi mắt không đặc hiệu
H03,bệnh mí mắt trong các bệnh phân loại nơi khác
H03.0,nhiễm ký sinh trùng ở mi mắt trong các bệnh phân loại nơi khác
H03.1,các bệnh nhiễm trùng liên quan đến mi mắt trong các bệnh phân loại nơi khác
H03.8,liên quan đến mi mắt trong các bệnh khác phân loại nơi khác
H04,bệnh của lệ bộ
H04.0,viêm tuyến lệ
H04.1,bệnh khác của tuyến lệ bao gồm hội chứng khô mắt
H04.2,chảy nước mắt
H04.3,viêm lệ đạo cấp tính và không đặc hiệu
H04.4,viêm lệ đạo mãn tính
H04.5,tắc và bán tắc lệ đạo
H04.6,biến đổi khác trong lệ đạo
H04.8,bệnh khác của lệ bộ
H04.9,bệnh của lệ bộ không đặc hiệu
H05,bệnh của hốc mắt
H05.0,viêm hốc mắt cấp tính
H05.1,viêm tổ chức hốc mắt mãn tính
H05.2,các bệnh gây lồi mắt
H05.3,biến dạng của hốc mắt
H05.4,lõm mắt
H01.9,viêm mi mắt không xác định
H05.5,dị vật đâm xuyên hậu nhãn cầu
H05.8,bệnh khác của hốc mắt
H05.9,bệnh của hốc mắt không xác định
H06,bệnh của lệ bộ và hốc mắt trong các bệnh phân loại nơi khác
T13.4,tổn thương mạch máu chưa xác định tại chi dưới tầm chưa xác định
V80.3,người cưỡi súc vật hay người trên xe bị thương do va chạm với xe mô tô 2 hay 3 bánh
V80.4,người cưỡi súc vật hay người trên xe bị thương do va chạm với ô tô xe đầu kéo xe tải tải nặng hay xe bus
V80.5,người cưỡi súc vật hay người trên xe bị thương do va chạm với xe có động cơ có biết đặc điểm khác
V80.6,người cưỡi súc vật hay người trên xe bị thương do va chạm với tầu hỏa hay phương tiện đi trên ray
V80.7,người cưỡi súc vật hay người trên xe bị thương do va chạm với xe có động cơ khác
V80.8,người cưỡi súc vật hay người trên xe bị thương trong va chạm với vật cố định hay tĩnh vật
V80.9,người cưỡi súc vật hay người trên xe bị thương trong tai nạn giao thông không biết rõ đặc điểm khác
V81,người đi tầu hỏa nđth hay ô tô ray otr bị thương trong tai nạn giao thông tai nạn xe cộ
V81.0,công nhân đường sắt hoặc phương tiện chạy trên ray bị thương khi va chạm với xe có động cơ trong tai nạn không phải do giao thông
V81.1,công nhân đường sắt hoặc phương tiện chạy trên ray bị thương khi va chạm với xe có động cơ trong tai nạn giao thông
V81.2,công nhân đường sắt hoặc phương tiện chạy trên ray bị thương khi va chạm với hay bị đập bởi khối hàng hóa lăn
V81.3,công nhân đường sắt hoặc phương tiện chạy trên ray bị thương khi va chạm với vật khác
V81.4,người bị thương khi lên hay xuống tầu hay phương tiện đi trên ray
V81.5,hành khách đi tàu hoặc phương tiện chạy trên ray bị thương do ngã trong tầu hay phương tiện đi trên ray
V81.6,hành khách đi tàu hoặc phương tiện chạy trên ray bị thương do ngã từ tầu hỏa hay phương tiện đi trên ray
V81.7,hành khách đi tàu hoặc phương tiện chạy trên ray bị thương khi tầu hay otr trật bánh mà không có va chạm trước đó
V81.8,hành khách đi tàu hoặc phương tiện chạy trên ray bị thương trong những tai nạn đường sắt biết rõ đặc điểm
V81.9,hành khách đi tàu hoặc phương tiện chạy trên ray bị thương trong tai nạn đường sắt không rõ đặc điểm
V82,người dùng xe điện bị thương trong tai nạn giao thông tai nạn xe cộ
V82.0,hành khách xe điện bị thương khi va chạm với xe có động cơ trong tai nạn không phải tai nạn giao thông
V82.1,hành khách xe điện bị thương khi va chạm với xe có động cơ trong tai nạn giao thông
V82.2,hành khách xe điện bị thương khi va chạm với hay bị đập bởi khối hàng hóa bị lăn
V82.3,hành khách xe điện bị thương khi va chạm với vật khác
V82.4,hành khách xe điện bị thương khi lên hay xuống xe
Z59.1,nhà ở không đầy đủ
Z59.2,bất hoà với hàng xóm người thuê và chủ nhà
Z59.3,những vấn đề liên quan đến sinh sống tại nơi cư trú
Z59.4,thiếu thức ăn
Z59.5,quá nghèo
Z59.6,thu nhập thấp
Z59.7,trợ cấp xã hội và bảo hiểm xã hội không đảm bảo
Z59.8,những vấn đề khác liên quan đến nhà ở và hoàn cảnh kinh tế
Z59.9,vấn đề liên quan đến nhà ở và hoàn cảnh kinh tế không đặc hiệu
Z60,vấn đề liên quan đến môi trường xã hội
Z60.0,vấn đề do điều chỉnh luân chuyển vòng đời
Z60.1,hoàn cảnh cha hay mẹ không điển hình
Z60.2,sống đơn độc
Z60.3,khó khăn trong việc tiếp nhận biến đổi văn hóa
Z60.4,loại trừ và đào thải xã hội
Z60.5,mục tiêu phân biệt đối xử chống đối cảm nhận được và ngược đãi
Z60.8,các vấn đề khác liên quan đến môi trường xã hội
Z60.9,vấn đề liên quan đến môi trường xã hội không đặc hiệu
Z61,những vấn đề liên quan đến sự kiện tiêu cực của đời sống thơ ấu
Z61.0,mất quan hệ gần gũi trong thời kỳ thơ ấu
Z61.1,trẻ bỏ nhà
Z61.2,những mô hình khác của mối quan hệ gia đình trong thời kỳ thơ ấu
Z61.3,những sự kiện làm trẻ mất tự trọng
Z61.4,những vấn đề được xem là lạm dụng tình dục trẻ em của người lớn có quan hệ nương tựa chủ chốt
Z61.5,những vấn đề được xem là lạm dụng tình dục trẻ em của người lớn ngoài quan hệ nương tựa chủ chốt
Z61.6,những vấn đề được xem là lạm dụng thân thể trẻ em
Z61.7,yếu tố trực tiếp gây hoảng sợ cho trẻ
Z61.8,những sự kiện tiêu cực khác ở tuổi ấu thơ
Z61.9,sự kiện tiêu cực không đặc hiệu
Z62,những vấn đề khác liên quan đến giáo dưỡng
Z62.0,theo dõi và kiểm soát không đầy đủ của cha mẹ
Z62.1,cha mẹ bảo vệ quá mức
Z62.2,giáo dưỡng thể chế
Z62.3,thái độ thù địch với trẻ
Z62.4,thái độ thờ ơ với trẻ
Z62.5,các vấn đề khác liên quan đến giáo dưỡng thờ ơ
Z62.6,áp đặt không phù hợp của cha mẹ và kiểu cách giáo dưỡng bất thường
Z62.8,các vấn đề đặc hiệu khác liên quan tới giáo dưỡng
S42.71,gãy phức tạp xương đòn xương vai và xương cánh tay gãy hở
S42.8,gãy các phần khác của xương vai và xương cánh tay
S42.80,gãy các phần khác của xương vai và xương cánh tay gãy kín
S42.81,gãy các phần khác của xương vai và xương cánh tay gãy hở
S42.9,gãy xương của vòng ngực phần không xác định
S42.90,gãy xương của vòng ngực phần không xác định gãy kín
S42.91,gãy xương của vòng ngực phần không xác định gãy hở
S43,sai khớp bong gân và giãn khớp và dây chằng của vòng ngực
S43.0,sai khớp vai
S43.1,sai khớp mỏm cùng vai đòn
S43.2,sai khớp ức đòn
S43.3,sai khớp các phần không xác định và các phần khác của vòng ngực
S43.4,bong gân và giãn khớp của vai
S43.5,bong gân và giãn khớp mỏm cùng vai đòn
S43.6,bong gân và giãn khớp của các phần khác và không xác định của vòng ngực
S43.7,bong gân và giãn khớp của các phần khác và không xác định của vòng ngực
S44,vết thương dây thần kinh tại vai và cánh tay trên
S44.0,vết thương dây thần kinh tại vai và cánh tay trên
S44.1,vết thương dây thần kinh giữa tại cánh tay trên
S44.2,vết thương dây thân kinh quay tại cánh tay trên
S44.3,vết thương dây thần kinh hố nách
S44.4,vết thương dây thần kinh cơ da
S44.5,vết thương dây thần kinh cảm giác da tai vai và cánh tay trên
S44.7,vết thương nhiều dây thần kinh tại vai và cánh tay trên
S44.8,vết thương các dây thần kinh khác tại vai và cánh tay trên
S44.9,vết thương dây thần kinh không xác định tại vai và cánh tay trên
S45,vết thương mạch máu tại vai cánh tay trên
S45.0,vết thương động mạch nách
S45.1,vết thương động mạch cánh tay
S45.2,vết thương tĩnh mạch nách hay cánh tay
S45.3,vết thương tĩnh mạch máu nông tại vai hay cánh tay trên
S45.7,vết thương nhiều mạch máu tại vai và cánh tay trên
S45.8,vết thương các mạch máu khác tại vai và cánh tay trên
S45.9,vết thương mạch máu không xác định tại vai và cánh tay trên
S46,vết thương cơ và gân tại vai và cánh tay trên
H06.0,bệnh của lệ bộ trong các bệnh phân loại nơi khác
H06.1,nhiễm ký sinh trùng của hốc mắt trong các bệnh phân loại nơi khác
H06.2,lồi mắt do tuyến giáp e05
H06.3,bệnh khác của hốc mắt trong các bệnh phân loại nơi khác
H10,viêm kết mạc
H10.0,viêm kết mạc nhầy mủ
H10.1,viêm kết mạc dị ứng cấp
H10.2,viêm kết mạc cấp khác
H10.3,viêm kết mạc cấp không đặc hiệu
H10.4,viêm kết mạc mãn tính
H10.5,viêm kết mạc mi mắt
H10.8,viêm kết mạc khác
H10.9,viêm kết mạc không đặc hiệu
H11.0,mộng thịt
H11.1,cặn lắng và thoái hóa kết mạc sạn vôi
H11.2,sẹo kết mạc
H11.3,xuất huyết kết mạc
H11.4,nang các bệnh mạch máu kết mạc khác
H11.8,bệnh xác định khác của kết mạc
H11.9,bệnh của kết mạc không đặc hiệu
H13,bệnh của kết mạc trong các bệnh phân loại nơi khác
H13.0,nhiễm giun chỉ ở kết mạc b74
H13.1,viêm kết mạc trong các bệnh nhiễm trùng và ký sinh trùng phân loại nơi khác
H13.2,viêm kết mạc trong bệnh khác phân loại nơi khác
H13.3,pempigus ở mắt l12
H13.8,bệnh khác của kết mạc trong các bệnh phân loại nơi khác
H15,bệnh của củng mạc
H15.0,viêm củng mạc
H15.1,viêm thượng củng mạc
J37.0,viêm thanh quản mãn tính
J37.1,viêm thanh khí quản mạn
J38,bệnh lý của dây thanh âm và thanh quản không phân loại nơi khác
J38.0,liệt dây thanh âm và thanh quản
J38.1,polyp của dây thanh âm và thanh quản
J38.2,nốt nhỏ ở dây thanh âm
J38.3,các bệnh lý khác của dây thanh âm
J38.4,phù thanh quản
J38.5,co thắt thanh quản
J38.6,hẹp thanh quản
J38.7,các bệnh lý khác của thanh quản
V82.5,hành khách xe điện bị thương do ngã trên xe điện
V82.6,hành khách xe điện bị thương khi ngã từ xe điện
V82.7,hành khách xe điện bị thương khi trật bánh mà không có va chạm trước đó
V82.8,hành khách xe điện bị thương trong tai nạn giao thông khác có biết đặc điểm
V82.9,hành khách xe điện bị thương trong tai nạn giao thông không biết rõ đặc điểm
V83,người đi xe sử dụng riêng biệt trong khuôn viên công nghiệp bị thương trong tai nạn giao thông tai nạn xe cộ
V83.0,lái xe của xe đặc chủng công nghiệp bị thương trong tai nạn giao thông
H11,bệnh khác của kết mạc
V83.1,người đi xe công nghiệp bị thương trong tai nạn giao thông
V83.2,người ở bên ngoài xe công nghiệp bị thương trong tai nạn giao thông
V83.3,người của xe công nghiệp không rõ đặc điểm bị thương trong tai nạn giao thông
V83.4,người bị thương khi lên xuống xe công nghiệp
V83.5,lái xe của xe công nghiệp bị thương không phải do tai nạn giao thông
V83.6,người đi xe công nghiệp bị thương không phải do tai nạn giao thông
V83.7,người ở ngoài xe công nghiệp bị thương trong tai nạn không phải giao thông
V83.9,người của xe công nghiệp không rõ đặc điểm bị thương tai nạn không phải giao thông
V84,người đi xe chuyên dùng sử dụng trong nông nghiệp bị thương trong tai nạn giao thông tai nạn xe cộ
V84.0,lái xe chuyên dùng trong nông nghiệp xe nông nghiệp bị thương trong tai nạn giao thông
V84.1,người đi xe nông nghiệp bị thương trong tai nạn giao thông
Z35.6,theo dõi thai lần đầu ở người quá trẻ tuổi
Z35.7,theo dõi thai có nguy cơ cao do các vấn đề xã hội
Z35.8,theo dõi thai có nguy cơ cao khác
Z35.9,theo dõi thai có nguy cơ cao không đặc hiệu
Z36,khám sàng lọc trước sinh
Z36.0,khám sàng lọc trước sinh về bất thường nhiễm sắc thể
Z36.1,khám sàng lọc trước sinh về mức alphafetoprotein tăng
Z36.2,khám sàng lọc trước sinh khác dựa vào chọc màng ối qua thành bụng
Z36.3,khám sàng lọc trước sinh về các dị dạng qua siêu âm hay phương pháp vật lý khác
Z36.4,khám sàng lọc trước sinh về thai chậm lớn bằng siêu âm hay các phương pháp vật lý khác
Z36.5,khám sàng lọc trước sinh về miễn dịch đồng loại
Z36.8,khám sàng lọc trước sinh khác
Z36.9,khám sàng lọc trước sinh không đặc hiệu
Z62.9,vấn đề liên quan tới giáo dưỡng không đặc hiệu
Z63,những vấn đề khác liên quan đến nhóm trợ giúp bao gồm cả những hoàn cảnh gia đình
Z63.0,những vấn đề liên quan đến vợ chồng hay thành viên
Z63.1,những vấn đề liên quan đến cha mẹ và thông gia
Z63.2,hỗ trợ không đầy đủ của gia đình
Z63.3,thiếu vắng thành viên trong gia đình
Z63.4,sự biến mất hay chết của thành viên gia đình
Z63.5,sự tan vỡ của gia đình do ly thân và ly dị
Z63.6,người thân sống lệ thuộc vào chăm sóc tại nhà
Z63.7,các sự kiện chấn động đời sống khác ảnh hưởng đến gia quyến và hộ gia đình
Z63.8,các vấn đề đặc hiệu khác liên quan đến nhóm trợ giúp
Z63.9,vấn đề khác liên quan đến nhóm trợ giúp không đặc hiệu
Z64,các vấn đề liên quan đến một số hoàn cảnh tâm lí xã hội nhất định
T33.7,tổn thương nông do cóng lạnh tại đầu gối và cẳng chân
T33.8,tổn thương nông do cóng lạnh tại cổ chân và bàn chân
T33.9,tổn thương nông do cóng lạnh tại vị trí khác và chưa xác định
T34,tổn thương do cóng lạnh với hoại tử mô
T34.0,tổn thương do cóng lạnh với hoại tử mô tại đầu
T34.1,tổn thương do cóng lạnh với hoại tử mô tại cổ
T34.2,tổn thương do cóng lạnh với hoại tử mô tại ngực
T34.3,tổn thương do cóng lạnh với hoại tử mô tại thành bụng lưng dưới và khung chậu
T34.4,tổn thương do cóng lạnh với hoại tử mô tại cánh tay
T34.5,tổn thương do cóng lạnh với hoại tử mô tại cổ tay và bàn tay
T34.6,tổn thương do cóng lạnh với hoại tử mô tại háng và đùi
T34.7,tổn thương do cóng lạnh với hoại tử mô tại đầu gối và cẳng chân
T34.8,tổn thương do cóng lạnh với hoại tử mô cổ chân và bàn chân
T34.9,tổn thương do cóng lạnh với hoại tử mô tại nơi khác và vị trí chưa xác định
T35,tổn thương do cóng lạnh tác động nhiều vùng cơ thể và chưa xác định
T35.0,tổn thương do cóng lạnh tác động nhiều vùng cơ thể
T35.1,tổn thương do cóng lạnh với hoại tử mô tác động nhiều vùng cơ thể
T35.2,tổn thương do cóng lạnh chưa xác định tại đầu và cổ
T35.3,tổn thương do cóng lạnh chưa xác định tại ngực bụng lưng dưới và khung chậu
T35.4,tổn thương do cóng lạnh chưa xác định tại chi trên
T50,nhiễm độc do thuốc lợi tiểu và thuốc khác chưa xác định thuốc và chất sinh học
T50.0,ngộ độc thuốc mineralocorticoid và chất đối kháng
T50.1,ngộ độc thuốc lợi niệu quai tiểu quản thận
T50.2,ngộ độc thuốc ức chế anhydrase carbonic benzothladiazid và lợi tiểu khác
T50.3,ngộ độc thuốc cân bằng nước điện giải và nhiệt lượng
T50.4,ngộ độc thuốc tác động chuyển hóa acid uric
T50.5,ngộ độc thuốc giảm ngon miệng
T50.6,ngộ độc thuốc giải độc và tác nhân giải độc không xếp loại ở phần nào
T50.7,ngộ độc thuốc hồi sức và đối kháng cảm thụ opioid
T50.8,ngộ độc thuốc chẩn đoán
T50.9,ngộ độc thuốc dược phẩm và chất sinh học khác và chưa xác định
T51,ngộ độc cồn
T51.0,nhiễm độc ethanol
T51.1,nhiễm độc methanol
T51.2,nhiễm độc 2 propanol
T51.3,nhiễm độc dầu fusel dầu rượu tạp
T51.8,nhiễm độc cồn khác
T51.9,nhiễm độc cồn chưa xác định
T52.0,nhiễm độc sản phẩm dầu hoả
T52.1,nhiễm độc benzene
T52.2,nhiễm độc chất đồng đẳng của benzen
T52.3,nhiễm độc glycol
T52.4,nhiễm độc keton
T52.8,nhiễm độc dung môi hữu cơ khác
T52.9,nhiễm độc dung môi hữu cơ chưa xác định
T53,ngộ độc dẫn xuất halogen của hydrocarbon béo và thơm
T53.0,nhiễm độc carbon tetrachlorid
T53.1,nhiễm độc chloroform
T53.2,nhiễm độc trichloroethylene
T53.3,nhiễm độc tetrachloroethylen
T53.4,nhiễm độc dichloromethan
T53.5,nhiễm độc chlorofluorocarbon
T53.6,nhiễm độc dẫn xuất halogen của hydrocarbon béo
T53.7,nhiễm độc dẫn xuất halogen của hydrocarbon thơm
T53.9,nhiễm độc dẫn xuất halogen của hydrocarbon béo và hydrocarbon thơm chưa xác định
T54,ngộ độc chất ăn mòn
T54.0,nhiễm độc phenol và chất đồng đẳng của phenol
T54.1,nhiễm độc hợp chất hữu cơ ăn mòn khác
T54.2,nhiễm độc acid ăn mòn và chất giống acid
J39,các bệnh khác của đường hô hấp trên
J39.0,áp xe sau họng và áp xe cận họng
J39.1,áp xe khác của họng
J39.2,bệnh khác của họng
J39.3,phản ứng quá mẫn đường hô hấp trên vị trí không xác định
J39.8,các bệnh lý xác định khác của đường hô hấp trên
J39.9,bệnh của đường hô hấp trên không đặc hiệu
T52,ngộ độc dung môi hữu cơ
J40,viêm phế quản không xác định được là cấp hay mãn tính
J41,viêm phế quản mãn tính đơn thuần và nhầy mủ
J41.0,viêm phế quản mãn tính đơn thuần
J41.1,viêm phế quản mãn tính nhầy mủ
J41.8,viêm phế quản mãn tính hỗn hợp đơn thuần và nhầy mủ
J42,viêm phế quản mãn tính không phân loại
J43,giãn phế nang
J43.0,hội chứng macleod
J43.1,giãn phế nang toàn tiểu thuỳ
J43.2,giãn phế nang trung tâm tiểu thuỳ
J43.8,giãn phế nang khác
J43.9,giãn phế nang không đặc hiệu
J44,các bệnh phổi tắc nghẽn mãn tính khác
J44.0,bệnh phổi tắc nghẽn mãn tính đợt cấp do bội nhiễm
J44.8,bệnh phổi tắc nghẽn mãn tính phân loại khác
J44.9,bệnh phổi tắc nghẽn mãn tính không phân loại
J45,hen suyễn
J45.0,hen chủ yếu do dị ứng
J45.1,hen không dị ứng
J45.8,hen hỗn hợp
J45.9,hen không phân loại
J46,cơn hen ác tính
J47,dãn phế quản
J60,bệnh bụi phổi của công nhân ngành than
J61,bệnh bụi phổi amian và các sợi khóang khác
J62,bệnh bụi phổi do bụi silic
J62.0,bệnh bụi phổi do bột talc
J62.8,bệnh bụi phổi do bụi khác chứa silic
J63,bệnh bụi phổi do bụi vô cơ khác
J63.0,nhiễm bụi nhôm của phổi
J63.1,xơ hóa do quặng bô xít của phổi
J63.2,bụi phổi do beryllium
J63.3,xơ phổi do than chì của phổi
J63.4,bệnh xơ phổi do sắt
J63.5,bệnh xơ phổi do thiếc
Z37,trẻ sinh đẻ
Z37.0,sinh một con trẻ sống
Z37.1,sinh một con trẻ chết khi sinh
Z37.2,sinh đôi sống cả hai trẻ
Z37.3,sinh đôi một trẻ sinh ra sống một trẻ chết khi sinh
Z37.4,sinh đôi cả hai chết khi sinh
Z37.5,sinh nhiều con tất cả đều sống
Z37.6,sinh nhiều con trong đó một số trẻ sinh ra sống
Z37.7,sinh nhiều con tất cả chết khi sinh
Z37.9,chuyển dạ đẻ không đặc hiệu
Z38,trẻ sinh ra sống theo nơi sinh
Z38.0,sinh một con tại bệnh viện
J44.1,bệnh phổi tắc nghẽn mãn tính đợt cấp không phân loại
Z38.1,trẻ sinh đơn ngoài bệnh viện
Z38.2,trẻ sinh đơn nơi sinh không xác định
Z38.3,trẻ sinh đôi tại bệnh viện
Z38.4,sinh đôi ngoài bệnh viện
Z38.5,sinh đôi nơi sinh không xác định
Z38.6,sinh nhiều con sinh tại bệnh viện
Z38.7,sinh nhiều con ngoài bệnh viện
Z38.8,sinh nhiều con nơi sinh không xác định
Z39,chăm sóc và thăm khám sau đẻ
Z39.0,chăm sóc và khám ngay sau đẻ
Z39.1,chăm sóc và khám các bà mẹ cho con bú
Z39.2,theo dõi thường quy sau đẻ
H18.2,phù giác mạc khác
H18.3,biến đổi ở các lớp giác mạc
H18.4,thoái hóa giác mạc
H18.5,loạn dưỡng giác mạc di truyền
V87.5,người bị thương trong va chạm giữa xe tải nặng và xe bus do giao thông
V87.6,người bị thương trong va chạm giữa tầu hỏa hay phương tiện đi trên ray và ô tô do giao thông
V87.7,người bị thương trong va chạm các xe động cơ đặc chủng khác do giao thông
V87.8,người bị thương trong tai nạn giao thông biết đặc điểm không có va chạm của xe có động cơ do giao thông
V87.9,người bị thương trong tai nạn giao thông biết đặc điểm có va chạm không va chạm của xe không có động cơ do giao thông
V88,tai nạn không phải do tngt đặc biệt nhưng không biết phương tiện giao thông của nạn nhân
V88.0,người bị thương trong va chạm giữa ô tô và mô tô 2 hay 3 bánh không phải do giao thông
V88.1,người bị thương trong va chạm giữa xe có động cơ khác và mô tô 2 hay 3 bánh không phải do giao thông
V88.2,người bị thương trong va chạm giữa ô tô và xe tải thu góp hay tải không phải do giao thông
V88.3,người bị thương trong va chạm giữa ô tô và xe bus không phải do giao thông
Z43.5,chăm sóc lỗ mở thông bàng quang
Z43.6,chăm sóc các lỗ mở nhân tạo khác của đường tiết niệu
Z43.7,chăm sóc âm đạo nhân tạo
Z43.8,chăm sóc các lỗ mở nhân tạo khác
Z43.9,chăm sóc lỗ mở nhân tạo không xác định
Z44,lắp ráp và điều chỉnh các dụng cụ chỉnh hình bên ngoài
Z44.0,lắp ráp và điều chỉnh tay giả toàn bộ một phần
Z44.1,lắp ráp và điều chỉnh chân giả toàn bộ một phần
Z44.2,lắp ráp và điều chỉnh mắt giả
Z44.3,lắp ráp và điều chỉnh các ngoại dụng cụ chỉnh hình vú
Z44.8,lắp ráp và điều chỉnh các dụng cụ chỉnh hình bên ngoài khác
Z44.9,lắp ráp và điều chỉnh các dụng cụ chỉnh hình bên ngoài không đặc hiệu
Z45,điều chỉnh và quản lý dụng cụ cấy ghép
Z45.0,điều chỉnh và quản lý dụng cụ tim
Z45.1,điều chỉnh và quản lý bơm tiêm điện
Z45.2,điều chỉnh và quản lý dụng cụ tiếp cận mạch máu
Z45.3,điều chỉnh và quản lý dụng cụ thính giác được cấy ghép
Z45.8,điều chỉnh và quản lý các dụng cụ cấy ghép khác
Z45.9,điều chỉnh và quản lý dụng cụ cấy ghép không xác định
S52.60,gãy xương đầu dưới cả xương trụ và xương quay gãy kín
S52.61,gãy xương đầu dưới cả xương trụ và xương quay gãy hở
H18.6,giác mạc hình chóp
H18.7,biến dạng giác mạc khác
H18.8,bệnh giác mạc xác định khác
H18.9,bệnh giác mạc không đặc hiệu
H19,bệnh củng mạc và giác mạc trong các bệnh phân loại nơi khác
H19.0,viêm củng mạc và thượng củng mạc trong các bệnh phân loại nơi khác
H19.1,viêm giác mạc và viêm kết mạc do virus herpes b00 5
H19.2,viêm giác mạc và viêm kết giác mạc trong bệnh nhiễm trùng và nhiễm ký sinh khác phân loại nơi khác
H19.3,viêm giác mạc và viêm kết giác mạc trong bệnh khác phân loại nơi khác
H19.8,bệnh khác của củng mạc và giác mạc trong bệnh phân loại nơi khác
H20,viêm mống thể mi
H20.0,viêm mống mắt thể mi cấp và bán cấp
H20.1,viêm mống mắt thể mi mạn
H20.2,viêm mống mắt thể mi do thể thủy tinh
H20.8,viêm mống mắt thể mi khác
H20.9,viêm mống mắt thể mi không đặc hiệu
H21,bệnh khác của mống mắt và thể mi
H21.0,xuất huyết tiền phòng
H21.1,bệnh mạch máu khác của mống mắt và thể mi
H21.2,thoái hóa mống mắt và thể mi
H21.3,nang mống mắt thể mi và tiền phòng
H21.4,màng đồng từ
H21.5,dính và đứt khác của mống mắt và thể mi
H21.8,bệnh khác của mống mắt và thể mi
H21.9,bệnh của mống mắt và thể mi không đặc hiệu
H22,bệnh của mống mắt và thể mi trong bệnh phân loại nơi khác
H22.0,viêm mống mắt thể mi trong các bệnh nhiễm trùng và ký sinh trùng phân loại nơi khác
H22.1,viêm mống mắt thể mi trong các bệnh khác phân loại nơi khác
H22.8,bệnh khác của mống mắt và thể mi trong các bệnh phân loại nơi khác
H25,đục thủy tinh thể người già
H25.0,đục thể thủy tinh bắt đầu ở người già
H25.1,đục thể thủy tinh vùng nhân ở người già
H25.2,đục thể thủy tinh hình thái morgagni
H25.8,đục thể thủy tinh người già khác
Z46,lắp ráp và điều chỉnh các dụng cụ khác
Z46.0,lắp ráp và điều chỉnh kính và thấu kính tiếp xúc
Z46.1,lắp ráp và điều chỉnh dụng cụ trợ thính
Z74.2,nhu cầu trợ giúp chăm sóc tại nhà và nhu cầu trợ giúp khi trong nhà không ai có khả năng chăm sóc
Z74.3,nhu cầu theo dõi liên tục
T39,nhiễm độc do thuốc giảm đau không opioid hạ nhiệt và chống thấp khớp
T39.0,ngộ độc salicylat
T39.1,ngộ độc chất dẫn xuất 4 aminophenol
T39.2,ngộ độc chất dẫn xuất pyrazolone
T39.3,ngộ độc thuốc chống viêm không steroid nsaid khác
T39.4,ngộ độc thuốc chống thấp khớp không xếp loại ở phần nào
T39.8,ngộ độc thuốc giảm đau không opioid hạ nhiệt khác không xếp loại ở đâu
T39.9,ngộ độc thuốc giảm đau không opioid hạ nhiệt và trị khớp chưa xác định
T40,nhiễm độc do thuốc gây ngủ và gây ảo giác sinh ảo giác
T40.0,ngộ độc opium thuốc phiện
T40.1,ngộ độc heroin
T40.2,ngộ độc thuốc có thuốc phiện khác
T40.3,ngộ độc methadon
T40.4,ngộ độc thuốc gây ngủ tổng hợp khác
T40.5,ngộ độc cocain
T40.6,ngộ độc thuốc gây ngủ khác chưa xác định
T40.7,ngộ độc cannabis dẫn xuất
T40.8,ngộ độc lysergid lsd
T40.9,ngộ độc thuốc gây ảo giác sinh ảo giác khác chưa xác định
T41,nhiễm độc do gây tê và khí trị liệu
T41.0,ngộ độc do gây mê đường thở
T41.1,ngộ độc do gây mê đường tĩnh mạch
T41.2,ngộ độc do gây mê toàn thân khác và chưa xác định
T41.3,ngộ độc do gây mê tại chỗ
T41.4,ngộ độc do gây mê chưa xác định
T41.5,ngộ độc do khí trị liệu
T42,nhiễm độc do thuốc động kinh an thần gây ngủ và chống hội chứng parkison
T42.0,ngộ độc do dẫn xuất hydantoin
T42.1,ngộ độc do iminostiben
T42.2,ngộ độc do succinimid và oxazoildinedion
T42.3,ngộ độc barbiturat
T42.4,ngộ độc benzodiazepin
T42.5,ngộ độc hỗn hợp chống động kinh không xếp loại ở phần nào
T42.6,ngộ độc thuốc chống động kinh an thần gây ngủ khác
T42.7,ngộ độc thuốc chống động kinh an thần gây ngủ chưa xác định
T42.8,ngộ độc thuốc chống hội chứng parkinson và thuốc ức chế trương lực cơ trung tâm khác
S48.0,chấn thương cắt cụt khớp vai
S48.1,chấn thương cát cụt tại giữa vai và khủyu
S48.9,chấn thương cắt cụt ở vai và cánh tay trên tầm chưa xác định
S49,tổn thương khác và chưa xác định ở vai và cánh tay trên
S49.7,đa tổn thương ở vai và cánh tay trên
S49.8,tổn thương xác định khác ở vai và cánh tay trên
S49.9,tổn thương chưa xác định ở vai và cánh tay trên
S50,tổn thương nông ở cẳng tay
S50.0,đụng giập ở khủyu tay
S50.1,đụng giập khác và phần chưa xác định khác của cẳng tay
S50.7,đa tổn thương nông khác cẳng tay
S50.8,tổn thương khác cẳng tay
S50.9,tổn thương nông cẳng tay chưa xác định
S51,vết thương hở ở cẳng tay
S51.0,vết thương hở ở khủyu tay
S51.7,đa vết thương hở ở cẳng tay
S51.8,vết thương hở ở phần khác của cẳng tay
S51.9,vết thương hở cẳng tay phần chưa xác định
S52,gãy xương ở cẳng tay
S52.0,gãy xương đầu trên của xương trụ
S52.00,gãy xương đầu trên của xương trụ gãy kín
S52.01,gãy xương đầu trên của xương trụ gãy hở
S52.1,gãy xương đầu trên của xương quay
S52.10,gãy xương đầu trên của xương quay gãy kín
S52.11,gãy xương đầu trên của xương quay gãy hở
S52.2,gãy thân xương trụ
S52.20,gãy thân xương trụ gãy kín
S52.21,gãy thân xương trụ gãy hở
S52.3,gãy thân xương quay
S52.30,gãy thân xương quay gãy kín
S52.31,gãy thân xương quay gãy hở
S52.4,gãy thân cả xương trụ và xương quay
S52.40,gãy thân cả xương trụ và xương quay gãy kín
S52.41,gãy thân cả xương trụ và xương quay gãy hở
S52.5,gãy xương ở đầu thấp và xương quay
S52.50,gãy xương ở đầu thấp và xương quay gãy kín
S52.51,gãy xương ở đầu thấp và xương quay gãy hở
S52.6,gãy xương đầu dưới cả xương trụ và xương quay
T15,dị vật ở mắt ngoài
T15.0,dị vật trong giác mạc
T15.1,dị vật trong túi kết mạc
T15.8,dị vật nơi khác và nhiều phần ở ngoài mắt
T15.9,dị vật ở ngoài mắt phần chưa xác định
T16,dị vật ở tai
T17,dị vật trong đường hô hấp
T17.0,dị vật trong xoang mũi
T17.1,dị vật trong lỗ ngoài mũi
T17.2,dị vật trong hầu họng
T17.3,dị vật trong thanh quản
T17.4,dị vật trong khí quản
T17.5,dị vật trong phế quản
W84,đe dọa thở không rõ đặc điểm
W85,phơi nhiễm dây tải địên
W86,phơi nhiễm dòng điện biết rõ đặc điểm khác
W87,phơi nhiễm dòng điện không rõ đặc điểm
W88,phơi nhiễm tia xạ ion hóa
W89,phơi nhiễm ánh sáng nhìn thấy nhân tạo và ánh sáng cực tím
W90,phơi nhiễm tia xạ ion hóa khác
W91,phơi nhiễm tia xạ không rõ đặc điểm
W92,phơi nhiễm nhiệt độ cao quá mức do con người tạo ra
W93,phơi nhiễm nhiệt lạnh quá mức do con người tạo ra
W94,phơi nhiễm không khí cao áp hạ áp và thay đổi áp lực
W99,phơi nhiễm với các yếu tố môi trường không đặc hiệu khác do con người tạo ra
X00,phơi nhiễm cháy không kiểm soát được ở tòa nhà hay cấu trúc
X01,phơi nhiễm cháy không kiểm soát được không phải từ nhà hay cấu trúc
X02,phơi nhiễm cháy nhà hay cấu trúc kiểm soát được
X03,phơi nhiễm cháy kiểm soát được nhưng không phải ở nhà hay cấu trúc
X04,phơi nhiễm của vật rất dễ cháy
X05,phơi nhiễm quần áo ngủ cháy hay nóng chảy
X06,phơi nhiễm áo quần hay dụng cụ bốc cháy hay nóng chảy
X08,phơi nhiễm khói cháy và lửa rõ đặc điểm khác
X09,phơi nhiễm khói cháy và lửa không rõ đặc điểm
X10,tiếp xúc với đồ uống thức ăn mỡ và dầu ăn nóng
X11,tiếp xúc với nước máy nóng
X12,tiếp xúc với chất lỏng nóng khác
X13,tiếp xúc với hơi nước sôi và hơi nước nóng
X14,tiếp xúc với không khí nóng chất hơi nóng
X15,tiếp xúc với vật dụng trong nhà nóng
X16,tiếp xúc với dụng cụ làm nóng lò sưởi ống dẫn
X17,tiếp xúc với máy dụng cụ nóng
X18,tiếp xúc với kim loại nóng khác
X19,tiếp xúc với các vật làm nóng và chất nóng khác không rõ đặc điểm
X20,tiếp xúc với rắn độc và thằn lằn độc
X21,tiếp xúc với nhện độc
X22,tiếp xúc với bọ cạp
X23,tiếp xúc với các loại ong
X24,tiếp xúc với các loại rết
X25,tiếp xúc với loại tiết túc có nọc độc biết rõ đặc điểm
X26,tiếp xúc với xúc vật và cây độc dưới nước
Y36.9,chiến tranh không rõ đặc điểm
Y40,kháng sinh toàn thân
Y40.0,penicillin
Y40.1,cefalosporin và các ks β lactam khác
Y40.2,nhóm chloramphenicol
Y40.3,macrolid
Y40.4,tetracyclin
Y40.5,aminoglycosid
Y40.6,rifamycin
Y40.7,ks chống nấm dùng đường toàn thân
Y40.8,các ks dùng đường toàn thân khác
Y40.9,ks toàn thân không rõ đặc điểm
Y41,các loại kháng khuẩn và ký sinh vật đường toàn thân
Y41.0,sulfonamid
Y41.1,thuốc chống mycobacter
Y41.2,chống sốt rét và thuốc tác dụng trên đơn bào khác trong máu
Y41.3,thuốc chống đơn bào khác
Y41.4,thuốc giun
Y41.5,thuốc kháng virus
Y41.8,các thuốc đường toàn thân chống nhiễm khuẩn và ký sinh vật khác có biết rõ đặc điểm
Y41.9,thuốc đường toàn thân chống nhiễm khuẩn và ký sinh vật không rõ đặc điểm
Y42,nội tiết tố và các chế phẩm tổng hợp của nó và thuốc đối kháng không được xếp loại ở chỗ khác
Y42.0,glucocorticoid và chất tổng hợp
Y42.1,hormon giáp trạng và chế phẩm
Y42.2,thuốc kháng giáp trạng
Y42.3,insulin và thuốc hạ đường huyết đường uống chống đái tháo đường
Y42.4,chống thụ thai thuốc đường uống
Y42.5,các thuốc estrogen và progestogen khác
Y42.6,kháng gonadotrophin kháng estrogen kháng androgen không được xếp loại ở nơi khác
Y42.7,androgen và các chất dị hóa
Y42.8,các hormon khác không rõ đặc điểm và các chất thay thế tổng hợp của chúng
Y42.9,các loại chống nội tiết tố khác và không rõ đặc điểm
Y43,chất tác dụng toàn thân trước tiên
Y43.0,thuốc chống dị ứng và chống nôn
Y43.1,chống chuyển hóa chống sinh u
Y43.2,sản phẩm thiên nhiên chống sinh u
Y43.3,thuốc chống sinh u khác
Y43.4,chất làm giảm miễn dịch
Y43.5,chất làm toan hóa và kiềm hóa
Y43.6,men không được xếp loại ở nơi khác
L98,bệnh khác của da và mô dưới da chưa được phân loại ở phần khác
L98.0,u hạt sinh mủ
L98.1,viêm da tự tạo
L98.2,bệnh da tăng bạch cầu trung tính có sốt hội chứng sweet
L98.3,viêm mô bào tăng bạch cầu ái toan hội chứng wells
L98.4,loét da mãn tính chưa phân loại ở phần khác
L98.5,bệnh thoái hóa nhày ở da
L98.6,các bệnh có thâm nhiễm khác ở da và tổ chức dưới da
L98.8,bệnh đặc hiệu khác ở da và tổ chức dưới da
L98.9,bệnh ở da và tổ chức dưới da không điển hình
L99,bệnh khác của da và tổ chức dưới da trong các bệnh đã phân loại ở phần khác
L99.0,thoái hóa dạng bột ở da e85
L99.8,bệnh ở da và tổ chức dưới da đặc hiệu khác trong các bệnh đã phân loại ở phần khác
M00,viêm khớp nhiễm khuẩn do vi khuẩn sinh mủ
M00.0,viêm khớp và viêm đa khớp do tụ cầu khuẩn
M00.1,viêm khớp và viêm đa khớp do phế cầu
M00.2,viêm khớp và viêm đa khớp khác do liên cầu
M00.8,viêm khớp và đa khớp do các vi khuẩn đặc hiệu khác
M00.9,viêm khớp do vi khuẩn sinh mủ không đặc hiệu
M01,viêm khớp nhiễm khuẩn trực tiếp do các bệnh nhiễm khuẩn và ký sinh vật đã được xếp loại ở mục khác
M01.0,viêm khớp do não mô cầu a39 8
M01.00,viêm khớp do não mô cầu a39 8 nhiều vị trí
M01.01,viêm khớp do não mô cầu a39 8 vùng bả vai
M01.02,viêm khớp do não mô cầu a39 8 cánh tay
M01.03,viêm khớp do não mô cầu a39 8 cẳng tay
M01.04,viêm khớp do não mô cầu a39 8 bàn tay
M01.05,viêm khớp do não mô cầu a39 8 vùng chậu và đùi
M01.06,viêm khớp do não mô cầu a39 8 cẳng chân
M01.07,viêm khớp do não mô cầu a39 8 cổ bàn chân
M01.08,viêm khớp do não mô cầu a39 8 vị trí khác
M01.09,viêm khớp do não mô cầu a39 8 vị trí không xác định
E88.8,rối loạn chuyển hóa xác định khác
E88.9,rối loạn chuyển hóa không đặc hiệu
T17.8,dị vật nơi khác và nhiều phần của đường hô hấp
T17.9,dị vật trong đường hô hấp phần chưa xác định
T18,dị vật trong đường tiêu hóa
T18.0,dị vật trong miệng
T18.1,dị vật trong thực quản
T18.2,dị vật trong dạ dày
T18.3,dị vật trong ruột non
T18.4,dị vật trong ruột
T18.5,dị vật trong hậu môn và trực tràng
T18.8,dị vật nơi khác và nhiều phần của đường tiêu hóa
T18.9,dị vật trong đường tiêu hóa chưa xác định
T19,dị vật trong đường tiết niệu sinh dục
T19.0,dị vật trong niệu đạo
T19.1,dị vật trong bàng quang
T19.2,dị vật trong âm hộ và âm đạo
T19.3,dị vật trong tử cung bất kỳ chỗ nào
T19.8,dị vật nơi khác và nhiều phần của đường tiết niệu sinh dục
T19.9,dị vật trong đường tiết niệu sinh dục phần chưa xác định
T20,bỏng và ăn mòn tại đầu và cổ
T20.0,bỏng độ chưa xác định tại đầu và cổ
T20.1,bỏng độ một tại đầu và cổ
T20.2,bỏng độ hai tại đầu và cổ
T20.3,bỏng độ ba tại đầu và cổ
T20.4,ăn mòn độ chưa xác định tại đầu và cổ
T20.5,ăn mòn độ một tại đầu và cổ
T20.6,ăn mòn độ hai tại đầu và cổ
T20.7,ăn mòn độ ba tại đầu và cổ
T21,bỏng và ăn mòn tại thân mình
T21.0,bỏng tại thân độ chưa xác định
T21.1,bỏng tại thân độ một
T21.2,bỏng tại thân độ hai
T21.3,bỏng tại thân độ ba
T21.4,ăn mòn tại thân mình độ chưa xác định
T21.5,ăn mòn tại thân mình độ một
V84.2,người ở bên ngoài xe nông nghiệp bị thương trong tai nạn giao thông
V84.3,người của xe nông nghiệp không rõ đặc điểm bị thương trong tai nạn giao thông
V84.4,người bị thương khi lên xuống xe nông nghiệp
V84.5,lái xe của xe nông nghiệp bị thương không phải do tai nạn giao thông
V84.6,người đi xe nông nghiệp bị thương không phải do tai nạn giao thông
V84.7,người ở bên ngoài xe nông nghiệp bị thương không phải do tai nạn giao thông
X27,tiếp xúc với xúc vật có nọc độc khác biết rõ đặc điểm
X28,tiếp xúc với các cây độc khác biết rõ đặc điểm
X29,tiếp xúc với xúc vật hay cây độc không rõ đặc điểm
X30,phơi nhiễm nhiệt thiên nhiên quá mức
X31,phơi nhiễm lạnh thiên nhiên quá mức
X32,phơi nhiễm nắng
X33,nạn nhân của chớp
X34,nạn nhân động đất
X34.0,nạn nhân chuyển động lớn của đất do động đất gây ra
X34.1,nạn nhân sóng thần
X34.8,nạn nhân các ảnh hưởng của động đất xác định khác
X34.9,nạn nhân ảnh hưởng của động đất không xác định
X35,nạn nhân núi lửa phun
X36,nạn nhân tuyết lở đất trượt hoặc các chuyển động khác của đất
X37,nạn nhân của bão lớn
X38,nạn nhân của lụt
X39,phơi nhiễm các lực thiên nhiên khác không rõ đặc điểm
X40,tai nạn ngộ độc do phơi nhiễm với thuốc giảm đau không có thuốc phiện hạ nhiệt và chống thấp khớp
X41,tai nạn ngộ độc do phơi nhiễm thuốc chống động kinh an thần gây ngủ chống parkinson tâm thần không được xếp loại ở nơi khác
Z64.0,các vấn đề liên quan đến mang thai không mong muốn
Z64.1,những vấn đề liên quan đến đẻ nhiều con
Z64.2,phát hiện và thừa nhận các yếu tố vật lí dinh dưỡng và hóa học xác định là có nguy cơ và có hại
Z64.3,phát hiện và thừa nhận các yếu tố ứng xử và tâm lý xác định là có nguy cơ và có hại
Z64.4,bất hoà với các nhà tư vấn
Z65,vấn đề liên quan đến hoàn cảnh tâm lý xã hội khác
Z65.0,kết án với các vụ kiện dân sự và hình sự không tống giam
Z65.1,tống giam và các giam cầm khác
Z65.2,vấn đề liên quan đến ra tù
Z65.3,vấn đề liên quan đến pháp luật
Z65.4,nạn nhân của tội ác và khủng bố
Z65.5,tiếp cận tình thế với thảm hoạ chiến tranh và thù địch
Z65.8,những vấn đề đặc hiệu khác liên quan đến hoàn cảnh tâm lí xã hội
Z65.9,những vấn đề liên quan đến các hoàn cảnh tâm lí xã hội không đặc hiệu
Z70,tư vấn liên quan đến thái độ hành vi và khuynh hướng tình dục
Z70.0,tư vấn liên quan đến thái độ tình dục
Z70.1,tư vấn về thái độ và khuynh hướng tình dục của người bệnh
Y43.8,các chất tác dụng hệ thống đầu tiên không được xếp loại ở chỗ khác
Y43.9,chất tác dụng chủ yếu khác cho hệ thống không đặc hiệu
Y44,chất tác dụng trước tiên lên các thành phần của máu
Y44.0,chế phẩm sắt và những chế phẩm khác chống thiếu máu nhược sắc
Y44.1,vitamin b12 acid folic và những chế phẩm khác chống thiếu máu đại huyết bào non megaloblast
Y44.2,chống đông máu
Z88.9,tiền sử cá nhân dị ứng với chất ma túy thuốc các chất sinh học không đặc hiệu khác
Z89,mất chi mắc phải
Z89.0,mất nhiều ngón tay mắc phải kể cả ngón cái một bên
Z89.1,mất bàn tay và cổ tay mắc phải
Z89.2,mất chi trên ở trên ở cổ tay mắc phải
Z89.3,mất cả hai chi trên mắc phải bất kỳ mức nào
Z89.4,mất bàn chân và mắt cá chân mắc phải nhiều ngón chân
Z89.5,mất cẳng chân tại khớp gối hay dưới khớp gối mắc phải
Z89.6,mất cẳng chân trên khớp gối mắc phải
Z89.7,mất cả hai chi dưới mắc phải bất kỳ mức nào trừ riêng ngón chân
Z89.8,mất chi trên và chi dưới mắc phải bất kỳ mức nào
Z89.9,mất chi mắc phải không đặc hiệu
Z90,mất cơ quan mắc phải chưa phân loại ở phần khác
Z90.0,mất một phần của đầu và cổ mắc phải
Z90.1,mất một hoặc hai bên vú mắc phải
Z90.2,mất một phần phổi mắc phải
Z90.3,mất một phần dạ dày mắc phải
Z90.4,mất các phần khác của đường tiêu hóa mắc phải
Z90.5,mất thận mắc phải
Z90.6,mất các phần khác của đường tiết niệu mắc phải
Z90.7,mất nhiều cơ quan sinh dục mắc phải
Z90.8,mất các cơ quan khác mắc phải
Z91,tiền sử cá nhân có yếu tố nguy cơ chưa phân loại ở phần khác
Z91.0,tiền sử cá nhân có dị ứng không kể dị ứng thuốc và các chất sinh học
Z91.1,tiền sử cá nhân có chế độ điều trị và chế độ ăn không thuận
Z91.2,tiền sử cá nhân có chế độ vệ sinh thân thể kém
Z91.3,tiền sử cá nhân có giờ giấc ngủ thao thức không ngon
Z91.4,tiền sử cá nhân có sang chấn tâm lí chưa phân loại ở phần khác
Z91.5,tiền sử cá nhân về tự hại
Z91.6,tiền sử cá nhân có sang chấn thực thể khác
E89,rối loạn nội tiết và chuyển hóa sau điều trị chưa được phân loại ở phần khác
E89.0,suy giáp sau điều trị
E89.1,hạ insulin máu sau điều trị
E89.2,suy cận giáp sau điều trị
E89.3,suy tuyến yên sau điều trị
E89.4,suy buồng trứng sau điều trị
E89.5,suy tinh hoàn sau điều trị
E89.6,suy vỏ tủy thượng thận sau điều trị
E89.8,rối loạn nội tiết và chuyển hóa sau điều trị khác
E89.9,rối loạn nội tiết và chuyển hóa sau điều trị không đặc hiệu
E90,rối loạn chuyển hóa và dinh dưỡng trong các bệnh đã được phân loại ở phần khác
F00,sa sút trí tuệ trong bệnh alzheimer g30
F00.0,sa sút trí tuệ trong bệnh alzheimer khởi phát sớm g30 0
F00.1,sa sút trí tuệ trong bệnh alzheimer khởi phát muộn g30 1
F00.2,sa sút trí tuệ trong bệnh alzheimer thể không điển hình hoặc thể hỗn hợp g30 8
F00.9,sa sút trí tuệ trong bệnh alzheimer không xác định g30 9
F01,sa sút trí tuệ do nguyên nhân mạch
F01.0,sa sút trí tuệ do nguyên nhân mạch khởi động cấp
F01.1,sa sút trí tuệ do nhồi máu đa ổ
F01.2,sa sút trí tuệ do nguyên nhân mạch trong bệnh mạch máu dưới vỏ
F01.3,sa sút trí tuệ do nguyên nhân mạch trong bệnh mạch máu hỗn hợp vỏ não và dưới vỏ
F01.8,sa sút trí tuệ do nguyên nhân mạch khác
F01.9,sa sút trí tuệ không biệt định
F02,sa sút trí tuệ trong các bệnh khác đã được xếp loại ở chỗ khác
F02.0,sa sút trí tuệ trong bệnh pick g31 0
F02.1,sa sút trí tuệ trong bệnh creutzfeldt jakob a81 0
F02.2,sa sút trí tuệ trong bệnh huntington g10
F02.3,sa sút trí tuệ trong bệnh parkinson g20
F02.4,sa sút trí tuệ trong bệnh hiv nhiễm virus gây suy giảm miễn dịch ở người b22 0
F02.8,sa sút trí tuệ trong các bệnh lý đặc biệt khác đã được phân loại ở nơi khác
F03,sa sút trí tuệ không biệt định
F04,hội chứng quên thực tổn không do rượu và chất tác động tâm thần khác
V84.9,người ở xe nông nghiệp không rõ đặc điểm bị thương không phải do tai nạn giao thông
V85,người đi xe đặc chủng xây dựng bị thương trong tngt
V85.0,lái xe của xe xây dựng bị thương trong tai nạn giao thông
V85.1,người đi trên xe xây dựng bị thương trong tai nạn giao thông
V85.2,người ở bên ngoài xe xây dựng bị thương trong tai nạn giao thông
V85.3,người trên xe xây dựng không rõ đặc điểm bị thương trong tai nạn giao thông
V85.4,người bị thương trong khi lên xuống xe xây dựng
V85.5,lái xe của xe xây dựng bị thương không phải do tai nạn giao thông
V85.6,người đi xe xây dựng bị thương không phải do tai nạn giao thông
V85.7,người ở bên ngoài xe xây dựng bị thương không phải do tai nạn giao thông
V85.9,người của xe xây dựng không rõ đặc điểm bị thương không phải do tai nạn giao thông
V86,người đi xe đặc chủng mọi địa hình hay xe có động cơ khác thiết kế nguyên thủy cho sử dụng ngoài quốc lộ xnql bị thương trong tai nạn giao thông tai nạn xe cộ
V86.0,lái xe địa hình hay xe máy địa hình bị thương trong tai nạn giao thông
V86.1,người đi xe địa hình hay xe máy địa hình bị thương trong tai nạn giao thông
V86.2,người ở bên ngoài xe địa hình hay xe máy địa hình bị thương trong tai nạn giao thông
V86.3,người ở xe địa hình hay xe máy địa hình không rõ đặc điểm bị thương trong tai nạn giao thông
V86.4,người bị thương trong khi lên xuống xe địa hình hay xe máy địa hình
V86.5,lái xe của xe địa hình hay xe máy địa hình bị thương không phải do tai nạn giao thông
V86.6,người đi xe địa hình hay xe máy địa hình bị thương không phải do tai nạn giao thông
V86.7,người ở bên ngoài xe địa hình hay xe máy địa hình bị thương không phải do tai nạn giao thông
V86.9,người trên xe địa hình hay xe máy địa hình không rõ đặc điểm bị thương không phải do tai nạn giao thông
V87,tai nạn giao thông không rõ phương tiện vận tải của nạn nhân
V87.0,người bị thương trong va chạm giữa ô tô và xe mô tô 2 hay 3 bánh do giao thông
V87.1,người bị thương trong va chạm giữa xe động cơ và mô tô 2 hay 3 bánh do giao thông
V87.2,người bị thương trong va chạm giữa ô tô và xe tải thu góp hay xe tải do giao thông
V87.3,người bị thương trong va chạm giữa ô tô và xe buýt do giao thông
V87.4,người bị thương trong va chạm giữa ô tô và xe tải nặng do giao thông
Z70.2,tư vấn về thái độ và khuynh hướng tình dục của nhân vật thứ ba
Z70.3,tư vấn liên quan đến các lo âu hỗn hợp về hành vi thái độ và khuynh hướng tình dục
Z70.8,các tư vấn khác về tình dục
Z70.9,tư vấn tình dục không đặc hiệu
Z71,những người đến cơ sở y tế để tư vấn y học và tư vấn khác không xác định
Z71.0,người thay mặt cho người khác đến tư vấn
Z71.1,người than phiền lo sợ những việc không được chứng minh
Z71.2,người đến tư vấn để được giải thích về các kết quả đã phát hiện
Z71.3,tư vấn và theo dõi chế độ ăn uống
Z71.4,tư vấn và theo dõi lạm dụng rượu
Z71.5,tư vấn và giám sát lạm dụng ma túy
Z71.6,tư vấn lạm dụng thuốc lá
Z71.7,tư vấn về virus suy giảm miễn dịch người hiv
Z71.8,tư vấn đặc hiệu khác
Z71.9,tư vấn không đặc hiệu
Z72,các vấn đề liên quan đến lối sống
Z72.0,sử dụng thuốc lá
Z72.1,sử dụng rượu
Z72.2,sử dụng ma túy
Z72.3,không luyện tập thể dục
Z72.4,chế độ ăn uống và thói quen ăn uống không thích hợp
Z72.5,hành vi tình dục nguy cơ cao
Z72.6,đánh bạc và đánh cuộc
Z72.8,các vấn đề khác liên quan đến lối sống
Z72.9,vấn đề liên quan đến lối sống không xác định
Z73,các vấn đề liên quan đến khó khăn về quản trị cuộc sống
Z73.0,cạn kiệt
Z73.1,những nét cá tính nổi bật
Z73.2,thiếu thư giãn và giải trí
Z73.3,sang chấn chưa được phân loại ở phần khác
Z73.4,kỹ năng xã hội không đầy đủ chưa được phân loại ở phần khác
Z73.5,mâu thuẫn vai trò xã hội chưa được phân loại ở phần khác
Z73.6,hạn chế hoạt động vì khuyết tật
Z73.8,các vấn đề khác liên quan đến khó khăn về quản trị cuộc sống
Z73.9,vấn đề liên quan đến khó khăn về quản trị cuộc sống không xác định
Z74,các vấn đề liên quan đến việc phụ thuộc vào người chăm sóc
Z74.0,nhu cầu trợ giúp cho giảm di chuyển
Z74.1,nhu cầu trợ giúp chăm sóc cho bản thân
Z91.8,tiền sử cá nhân có các yếu tố nguy cơ khác chưa phân loại ở phần khác
Z92,tiền sử cá nhân liên quan đến điều trị
Z92.0,tiền sử cá nhân về tránh thai
Z92.1,tiền sử cá nhân đang sử dụng dài ngày các chất chống đông
Z92.2,tiền sử cá nhân đang sử dụng dài ngày các chất khác
Z92.3,tiền sử cá nhân có điều trị tia xạ
Z92.4,tiền sử cá nhân có đại phẫu thuật chưa phân loại ở phần khác
Z92.5,tiền sử cá nhân có điều trị bằng các phương pháp phục hồi chức năng
Z92.6,tiền sử cá nhân về hóa trị liệu bệnh u bướu
Z92.8,tiền sử cá nhân có các điều trị khác
Z92.9,tiền sử cá nhân có các điều trị không đặc hiệu
Z93,tình trạng lỗ mở nhân tạo
Z93.0,tình trạng lỗ mở khí quản
Z93.1,tình trạng lỗ mở dạ dày
Z93.2,tình trạng lỗ mở hồi tràng
Z93.3,tình trạng lỗ mở đại tràng
Z93.4,tình trạng lỗ mở nhân tạo khác của dạ dày ruột
Z93.5,tình trạng lỗ mở bàng quang
Z93.6,tình trạng lỗ mở khác của đường tiết niệu
Z93.8,tình trạng lỗ mở nhân tạo khác
Z93.9,tình trạng lỗ mở nhân tạo không đặc hiệu
Z94,tình trạng của mảnh ghép cơ quan và tổ chức
Z94.0,tình trạng ghép thận
Z94.1,tình trạng ghép tim
Z94.2,tình trạng ghép phổi
Z94.3,tình trạng ghép tim và phổi
Z94.4,tình trạng ghép gan
Z94.5,tình trạng ghép da
Z94.6,tình trạng ghép xương
Z94.7,tình trạng ghép giác mạc
S46.0,tổn thương của các cơ và gân dải quay của vai
S46.1,vết thương cơ và gân của đầu dài cơ nhị đầu
S46.2,vết thương cơ và gân của các phần khác của cơ nhị đầu
S46.3,vết thương cơ và gân cơ tam đầu
S46.7,vết thương nhiều cơ và gân tại vai và cánh tay trên
S46.8,vết thương các cơ và gân khác tại vai và cánh tay trên
S46.9,vết thương cơ và gân không xác định tại vai và cánh tay trên
S47,tổn thương giập nát vai và cánh tay trên
S48,chấn thương cắt cụt vai và cánh tay trên
F05,sảng không do rượu và chất tác động tâm thần khác
F05.0,sảng không gối lên sa sút trí tuệ như đã mô tả
F05.1,sảng gối lên sa sút trí tuệ
F05.8,sảng khác
F05.9,sảng không biệt định
F06,rối loạn tâm thần khác do tổn thương và rối loạn chức năng não và do bệnh cơ thể
F06.0,các ảo giác thực tổn
F06.1,rối loạn căng trương lực thực tổn
F06.2,rối loạn hoang tưởng thực tổn giống tâm thần phân liệt
F06.3,rối loạn khí sắc cảm xúc thực tổn
F06.4,rối loạn lo âu thực tổn
F06.5,rối loạn phân ly thực tổn
F06.6,rối loạn cảm xúc không ổn định suy nhược thực tổn
F06.7,rối loạn nhận thức nhẹ
F06.8,các rối loạn tâm thần biệt định khác do tổn thương não rối loạn chức năng não và bệnh lý cơ thể
F06.9,các rối loạn tâm thần không biệt định do tổn thương não và rối loạn chức năng não và bệnh lý cơ thể
F07,các rối loạn nhân cách và hành vi do bệnh lý não tổn thương não và rối loạn chức năng não
F07.0,rối loạn nhân cách thực tổn
F07.1,hội chứng sau viêm não
F07.2,hội chứng sau chấn động não
H15.8,bệnh khác của củng mạc
H15.9,bệnh củng mạc không đặc hiệu
H16,viêm giác mạc
H16.0,loét giác mạc
H16.1,viêm giác mạc nông khác không viêm kết mạc
H16.2,viêm kết giác mạc
H16.3,viêm giác mạc sâu và viêm giác mạc kẽ
H16.4,tân mạch giác mạc
H16.8,viêm giác mạc khác
H16.9,viêm giác mạc không đặc hiệu
H17,sẹo và đục giác mạc
H17.0,sẹo dính
H17.1,đục giác mạc trung tâm khác
H17.8,sẹo và đục giác mạc khác
H17.9,sẹo và đục giác mạc không đặc hiệu
H18,bệnh khác của giác mạc
H18.0,nhiễm sắc tố và lắng đọng ở giác mạc
H18.1,bệnh giác mạc bọng
D69.2,ban xuất huyết không giảm tiểu cầu khác
D69.3,ban xuất huyết giảm tiểu cầu vô căn
D69.4,giảm tiểu cầu tiên phát khác
D69.5,giảm tiểu cầu thứ phát
D69.8,các tình trạng xuất huyết đặc hiệu khác
D69.9,tình trạng xuất huyết không đặc hiệu
D70,tình trạng không có bạch cầu hạt
D72,các rối loạn khác của bạch cầu
D72.0,bất thường di truyền của bạch cầu
D72.1,tình trạng tăng bạch cầu ưa acid
D17.4,u mỡ lành tính của cơ quan trong lồng ngực
D72.8,các rối loạn đặc hiệu khác của bạch cầu
D73,bệnh lý lách
D73.0,thiểu năng lách
D73.1,cường lách
D73.2,lách to sung huyết mãn tính
D73.4,nang lách
D73.5,nhồi máu lách
D73.9,bệnh lách không đặc hiệu
D17.5,u mỡ lành tính của cơ quan trong ổ bụng
D17.6,u mỡ lành tính của thừng tinh
D17.9,u mỡ lành tính không xác định
D18,u mạch máu và u hạch bạch huyết vị trí bất kỳ
D18.0,u mạch máu vị trí bất kỳ
D18.1,u mạch bạch huyết vị trí bất kỳ
D19.0,u lành trung mô của màng phổi
D19.1,u lành trung mô của phúc mạc
D19.7,u lành trung mô của các vị trí khác
D20,u lành mô mềm sau phúc mạc và phúc mạc
D20.0,u lành mô mềm sau phúc mạc
D20.1,u lành mô mềm phúc mạc
D21,u lành khác của mô liên kết và mô mềm khác
D21.1,u lành mô liên kết và mô mềm khác của chi trên bao gồm vai
D21.2,u lành mô liên kết và mô mềm khác của chi dưới bào gồm háng
D21.3,u lành mô liên kết và mô mềm khác của lồng ngực
D21.4,u lành mô liên kết và mô mềm khác của bụng
D21.5,u lành mô liên kết và mô mềm khác của chậu
D21.6,u lành mô liên kết và mô mềm khác của thân mình không xác định
D22,nốt ruồi
D22.0,nốt ruồi của môi
D22.1,nốt ruồi của khoé mắt bao gồm mí mắt
D22.2,nốt ruồi của tai và ống tai ngoài
D22.3,nốt ruồi của phần khác và phần không xác định của mặt
D22.5,nốt ruồi của thân mình
D22.6,nốt ruồi của chi trên bao gồm vai
D22.7,nốt ruồi của chi dưới bao gồm háng
D23,u lành khác của da
D23.0,u lành da của môi
D23.1,u lành da của mi mắt kể cả góc mắt
D23.2,u lành da tai và ống tai ngoài
D23.4,u lành da đầu và cổ
D23.5,u lành da thân mình
D23.6,u lành da chi trên bao gồm vai
D23.7,u lành da chi dưới bao gồm háng
D23.9,u lành của da không xác định
D24,u la nh vu
E03.5,hôn mê phù niêm
E03.9,suy giáp kxđk
E04,bướu không độc khác
E04.0,bướu giáp lan toả không độc
E04.2,bướu giáp đa nhân không độc
E04.8,bướu giáp không độc xác định khác
E04.9,bưới giáp không độc kxđk
E05.1,nhiễm độc giáp với bướu giáp đơn nhân độc
E05.2,nhiễm độc giáp với bướu giáp đa nhân độc
E05.4,nhiễm độc giáp do dùng thuốc
E05.5,cơn cường giáp cấp hay cơn bão giáp
E05.8,nhiễm độc giáp khác
E05.9,nhiễm độc giáp kxđk
E06,viêm giáp
E06.1,viêm giáp bán cấp
E06.2,viêm giáp mãn với nhiễm độc giáp thóang qua
E06.3,viêm giáp tự miễn
E06.5,viêm giáp mãn tính khác
E06.9,viêm giáp kxđk
E07,các rối loạn khác của tuyến giáp
E07.1,rối loạn được xác định khác của tuyến giáp
E07.8,rối loạn được xác định khác của tuyến giáp
E07.9,rối loạn tuyến giáp kxđk
D86.1,bệnh sarcoid hạch bạch huyết
E10,bệnh đái tháo đường phụ thuộc insuline
E10.1,bệnh đái tháo đường phụ thuộc insuline có nhiễm toan ceton
E10.2,bệnh đái tháo đường phụ thuộc insuline có biến chứng thận
E10.6,bệnh đái tháo đường phụ thuộc insuline có biến chứng xác định khác
E11,bệnh đái tháo đường không phụ thuộc insuline
E11.1,bệnh đái tháo đường không phụ thuộc insuline có nhiễm toan ceton
D74,methemoglobin máu
D74.0,methemoglobin máu bẩm sinh
D74.8,methaemoglobin máu khác
D74.9,methaemoglobin máu không đặc hiệu
D75,các bệnh máu và cơ quan tạo máu khác
D75.0,tăng hồng cầu gia đình
D75.2,tăng tiểu cầu tiền phát
D75.8,các bệnh đặc hiệu khác của máu và cơ quan tạo máu
D75.9,bệnh của máu và cơ quan tạo máu không xác định
D76.0,bệnh tổ chức bào tế bào langerhans chưa được phân loại ở phần khác
D76.1,bệnh tổ chức bào thực bào đơn nhân
D76.3,các hội chứng mô bào khác
D77,rối loạn của máu và cơ quan tạo máu trong các bệnh khác
D80,thiếu hụt miễn dịch chủ yếu do bất thường kháng thể
D80.0,giảm gammaglobulin máu di truyền
D80.1,giảm gammaglobulin máu không có yếu tố gia đình
D80.2,thiếu hụt immunoglobulin a iga chọn lọc
D80.3,thiếu hụt immunoglobulin a iga chọn lọc
D80.4,thiếu hụt immunoglobulin m igm chọn lọc
D25.1,u cơ trơn trong vách tử cung
D25.2,u cơ trơn dưới thanh mạc tử cung
D25.9,u cơ trơn tử cung không xác định
D26.0,u lành cổ tử cung
D26.1,u lành thân tử cung
D26.7,u lành phần khác của tử cung
D27,u la nh buô ng trư ng
D28,u lành của cơ quan sinh dục khác và không xác định
D28.0,u lành âm hộ
D28.2,u lành vòi tử cung và dây chằng
D28.7,u lành cơ quan sinh dục nữ xác định khác
D29,u lành của cơ quan sinh dục nam
D29.0,dương vật
D29.1,tuyến tiền liệt
D29.2,tinh hoàn
D29.3,mào tinh hoàn
D29.7,cơ quan sinh dục nam khác
D29.9,cơ quan sinh dục nam không xác định
D30.0,thận
D30.1,bồn thận
D30.2,niệu quản
D30.4,niệu đạo
D30.7,cơ quan tiết niệu khác
D40.0,u tân sinh không chắc chắn hoặc không biết tính chất của tiền liệt tuyến
D40.1,u tân sinh không chắc chắn hoặc không biết tính chất của tinh hoàn
D40.7,u tân sinh không chắc chắn hoặc không biết tính chất của các cơ quan sinh dục nam khác
D40.9,u tân sinh không chắc chắn hoặc không biết tính chất của cơ quan sinh dục nam không xác định
D41,u tân sinh không chắc chắn hoặc không biết tính chất của cơ quan tiết niệu
D41.0,u tân sinh không chắc chắn hoặc không biết tính chất của thận
D41.1,u tân sinh không chắc chắn hoặc không biết tính chất của bể thận
D41.2,u tân sinh không chắc chắn hoặc không biết tính chất của niệu quản
D41.3,u tân sinh không chắc chắn hoặc không biết tính chất của niệu đạo
D41.4,u tân sinh không chắc chắn hoặc không biết tính chất của bàng quang
D41.7,u tân sinh không chắc chắn hoặc không biết tính chất của cơ quan tiết niệu khác
D25,u cơ trơn tử cung
D25.0,u cơ trơn dưới miêm mạc tử cung
D41.9,u tân sinh không chắc chắn hoặc không biết tính chất của cơ quan tiết niệu không xác định
D42,u tân sinh không chắc chắn hoặc không biết tính chất của màng não
D42.9,u tân sinh không chắc chắn hoặc không biết tính chất của màng não không xác định
D43,u tân sinh không chắc chắn hoặc không biết tính chất của màng não
D43.1,u tân sinh không chắc chắn hoặc không biết tính chất của não dưới lều não
D43.2,u tân sinh không chắc chắn hoặc không biết tính chất của não không xác định
D43.3,u tân sinh không chắc chắn hoặc không biết tính chất của thần kinh sọ
D43.4,u tân sinh không chắc chắn hoặc không biết tính chất của tủy sống
D43.7,u tân sinh không chắc chắn hoặc không biết tính chất của phần khác của hệ thần kinh trung ương
D44.0,u tân sinh không chắc chắn hoặc không biết tính chất của tuyến giáp
D44.1,u tân sinh không chắc chắn hoặc không biết tính chất của tuyến thượng thận
D44.2,u tân sinh không chắc chắn hoặc không biết tính chất của tuyến cận giáp
D44.4,u tân sinh không chắc chắn hoặc không biết tính chất của ống sọ hầu
D44.6,u tân sinh không chắc chắn hoặc không biết tính chất của thể cảnh
D44.7,u tân sinh không chắc chắn hoặc không biết tính chất của thể động mạch chủ và thể cận hạch khác
D44.9,u lành của tuyến nội tiết không xác định
D45,bẹ nh ta ng hô ng câ u vo ca n
D46,hội chứng loạn sản tủy xương
D46.0,thiếu máu kháng điều trị không có nguyên hồng cầu sắc hình vòng được xác lập như vậy
D46.1,thiếu máu kháng điều trị có nguyên hồng cầu hình vòng
D46.2,thiếu máu đề kháng với quá nhiều nguyên bào
D46.3,thiếu máu đề kháng với quá nhiều nguyên bào chuyển dạng
D46.4,thiếu máu đề kháng không xác định
D46.7,hội chứng loạn sản tủy xương khác
D46.9,hội chứng loạn tủy xương không đặc hiệu
D47.0,bệnh dưỡng bào hệ thống không triệu chứng
D47.2,bệnh lý gamma globulin đơn dòng chưa xác định ý nghĩa
D47.3,bệnh tăng tiểu cầu xuất huyết vô căn
D47.5,bệnh bạch cầu dòng tế bào ưa acid mãn tính hội chứng tăng bạch cầu ưa acid
D86.2,bệnh sarcoid phổi và hạch bạch huyết
D86.3,bệnh sarcoid da
D86.8,bệnh sarcoid hỗn hợp và tại các khu vực khác
D89,rối loạn liên quan đến cơ chế miễn dịch chưa phân loại nơi khác
D89.0,tăng gammaglobulin máu đa dòng
D89.1,bệnh kháng thể tăng globulin ngưng kết lạnh
D89.3,hội chứng tái tạo miễn dịch
D89.9,rối loạn liên quan đến cơ chế miễn dịch không đặc hiệu
E00,hội chứng thiếu iod bẩm sinh
E00.0,hội chứng thiếu iod bẩm sinh thể thần kinh
E00.1,hội chứng thiếu iod bẩm sinh thể phù niêm
E00.2,hội chứng thiếu iod bẩm sinh thể phối hợp
E00.9,hội chứng thiếu iod bẩm sinh kxđk
E01,rối loạn tuyến giáp liên quan đến thiếu iod và bệnh phối hợp
E01.0,bướu giáp lan toả địa phương liên quan đến thiếu iod
E01.1,bướu giáp đa nhân địa phương do thiếu iod
E01.2,bướu giáp địa phương do thiếu iod kxđk
E02,suy giáp do thiếu iod dưới lâm sàng
E03.0,suy giáp bẩm sinh với bướu lan toả
E03.1,suy giáp bẩm sinh không có bướu
E03.2,suy giáp do thuốc và chất ngoại sinh khác
E03.3,suy giáp sau nhiễm trùng
E03.4,teo tuyến giáp mắc phải
I52.8,bệnh tim khác trong bệnh khác phân loại nơi khác
I60,xuất huyết dưới màng nhện
I60.0,xuất huyết dưới màng nhện từ hành cảnh và chỗ chia nhánh động mạch cảnh
I60.1,xuất huyết dưới nhện từ động mạch não giữa
I60.2,xuất huyết dưới nhện từ động mạch thông trước
I60.3,xuất huyết dưới màng nhện từ động mạch thông sau
I60.4,xuất huyết dưới nhện từ động mạch sống nền
I60.5,xuất huyết dưới nhện từ động mạch đốt sống
I60.6,xuất huyết dưới nhện từ động mạch nội sọ khác
I60.7,xuất huyết dưới màng nhện từ động mạch nội sọ không đặc hiệu
I60.8,xuất huyết dưới màng nhện khác
I61,xuất huyết nội sọ
I61.0,xuất huyết nội sọ tại bán cầu vùng dưới vỏ
I61.1,xuất huyết nội sọ tại bán cầu vùng vỏ
I61.2,xuất huyết nội sọ tại bán cầu không đặc hiệu
I61.4,xuất huyết nội sọ tại tiểu não
I61.5,xuất huyết nội sọ tại não thất
I61.6,xuất huyết nội sọ tại nhiều nơi
I61.8,xuất huyết nội sọ khác
I62,xuất huyết nội sọ không do chấn thương khác
I62.0,xuất huyết dưới màng cứng cấp không do chấn thương
I62.1,xuất huyết ngoài màng cứng không do chấn thương
I62.9,xuất huyết nội sọ không do chấn thương không đặc hiệu
I63.0,nhồi máu não do huyết khối động mạch trước não
I63.1,nhồi máu não do thuyên tắc động mạch trước não
I63.2,nhồi máu não không đặc hiệu do tắc hay hẹp ở động mạch trước não
I63.3,nhồi máu não do huyết khối động mạch não
I63.4,nhồi máu não do thuyên tắc động mạch não
I63.5,nhồi máu não không xác định do tắc hay hẹp ở động mạch não
I63.8,nhồi máu não khác
I63.9,nhồi máu não không đặc hiệu
I64,đọ t qui kho ng xa c đi nh do xuâ t huyê t hay nhô i ma u tai biến mạch máu não
I65,nghẽn tắc và hẹp động mạch trước não không dẫn đến nhồi máu não
I65.0,nghẽn tắc và hẹp động mạch đốt sống
I65.2,nghẽn tắc và hẹp động mạch cảnh
I65.3,nghẽn tắc và hẹp nhiều động mạch và động mạch trước não hai bên
I65.8,nghẽn tắc và hẹp của động mạch trước não khác
I65.9,nghẽn tắc và hẹp của động mạch trước não không xác định
I66.0,nghẽn tắc và hẹp động mạch não giữa
I66.1,nghẽn tắc và hẹp động mạch não trước
I66.2,nghẽn tắc và hẹp động mạch não sau
I66.3,nghẽn tắc và hẹp động mạch tiểu não
I66.4,nghẽn tắc và hẹp nhiều động mạch não hai bên
I66.9,nghẽn tắc và hẹp động mạch não không xác định
I67,bệnh mạch máu não khác
I67.1,phình động mạch não không vỡ
I67.2,xơ vữa động mạch não
I67.3,bệnh lý chất trắng não do nguyên nhân mạch máu
I67.4,bệnh lý não do tăng huyết áp
I67.6,huyết khối không sinh mủ của hệ tĩnh mạch nội sọ
I67.7,viêm động mạch não không phân loại nơi khác
I67.9,bệnh mạch máu não không đặc hiệu
I68,bệnh mạch máu não trong bệnh phân loại nơi khác
R82.7,các phát hiện bất thường về xét nghiệm vi khuẩn trong nước tiểu
R82.8,phát hiện bất thường về xét nghiệm tế bào và tổ chức học trong nước tiểu
R82.9,phát hiện bất thường không đặc hiệu khác trong nước tiểu
R83,các phát hiện bất thường về dịch não tủy
R84,ca c pha t hiê n bâ t thươ ng trong mâ u bê nh phâ m tư cơ quan hô hâ p va lô ng ngư c
R85,các phát hiện bất thường trong mẫu bệnh phẩm từ cơ quan tiêu hóa và ổ bụng
R86,ca c pha t hiê n bâ t thươ ng trong mâ u vâ t cu a cơ quan sinh du c nam
R87,ca c pha t hiê n bâ t thươ ng trong mâ u vâ t cu a cơ quan sinh du c nư
A52.11,tabes sống lưng mất điều hòa vận động tăng dần
A52.12,giang mai não tủy khác
A52.13,viêm màng não giang mai muộn
A52.14,viêm não giang mai muộn
A52.15,bệnh lý thần kinh giang mai muộn viêm dây thần kinh viii do giang mai muộn teo dây thần kinh thị giác do giang mai muộn bệnh lý đa thần kinh do giang mai muộn viêm thần kinh sau nhãn cầu do giang mai muộn
A52.16,bệnh lý khớp charcot s tabetic
A52.17,bán liệt toàn thể liệt sa sút tâm thần dementia paralytica
A52.19,giang mai thần kinh lâm sàng khác parkinson do giang mai
A52.2,giang mai thần kinh không triệu chứng
A52.3,giang mai thần kinh không xác định
A52.7,giang mai muộn khác có triệu chứng
A52.72,giang mai phổi và phế quản
A52.73,giang mai mujộn lâm sàng của cơ quan hô hấp khác
A52.74,giang mai gan và các nội tạng khác viêm phúc mạc do giang mai muộn
A52.75,giang mai thận và ống dẫn tiểu bệnh cầu thận do giang mai
A52.76,giang mai muộn lâm sàng niệu sinh dục khác
A52.77,giang mai xương và khớp khác
A52.78,giang mai ở mô cơ xương khác
A52.79,các giang mai muộn lâm sàng khác
A52.8,giang mai muộn tiềm ẩn
A52.9,giang mai muộn không xác định
A53.0,giang mai tiềm ẩn không xác định là sớm hoặc muộn
A53.9,giang mai không xác định
A54,bệnh lậu
A54.0,bệnh nâu ở đường niệu sinh dục dưới không có áp xe quanh niệu đạo hoặc tuyến phụ
A54.02,viêm âm hộ âm đạo do lậu không xác định
A54.03,viêm cổ tử cung lậu không xác định
A54.1,bệnh lậu ở đường niệu sinh dục dưới có áp xe quanh niệu đạo và các tuyến
A54.2,viêm phúc mạc tiểu khung do lậu và nhiễm trùng niệu sinh dục khác do lậu
A54.21,viêm mào tinh hoàn do lậu cầu
A54.24,viêm tiền liệt tuyến do lậu cầu
A54.3,bệnh lậu cầu ở mắt
A54.31,viêm kết mạc do lậu cầu
A54.33,bệnh mắt ở trẻ sơ dinh do lậu cầu
A54.4,bệnh lậu ở hệ cơ xương
A54.40,viêm bao hoạt dịch do lậu
A54.41,viêm tủy xương do lậu
A54.43,viêm gân bao gân do lậu
A54.45,viêm màng hoạt dịch do lậu
A54.6,bệnh lậu ở hậu môn và trực tràng
A54.8,bệnh lậu khác
A54.80,viêm cơ tim do lậu cầu
A54.81,viêm màng não do lậu cầu
A54.82,áp xe não do lậu cầu
A54.83,viêm nội tâm mạc do lậu cầu
A54.85,viêm phúc mạc do lậu cầu
A54.86,nhiễm trùng huyết do lậu cầu
A54.87,viêm màng ngoài cơ tim do lậu cầu
A54.9,nhiễm lậu cầu không xác định
A55,viêm hạch lympho do chlamydia bệnh hột xoài
A56,bệnh khác do chlamydia lây truyền qua đường tình dục
A56.00,viêm cổ tử cung do chalamydia
A56.01,viêm bàng quang do chalamydia
A56.02,viêm niệu đạo do chalamydia
A56.03,viêm niệu đạo âm hộ do chalamydia
A56.1,viêm phúc mạc tiểu khung và các cơ quan niệu sinh dục khác do chlamydia
B26.89,các biến chứng do quai bị khác
B26.9,bệnh quai bị không biến chứng
B27,bệnh tăng bạch cầu đơn nhân nhiễm trùng
B27.0,bệnh tăng bạch cầu đơn nhân do virus herpes gamma
B27.8,bệnh tăng bạch cầu đơn nhân nhiễm trùng khác
B27.9,bệnh tăng bạch cầu đơn nhân nhiễm trùng không xác định
B30,viêm kết mạc do virus
B30.1,viêm kết mạc do adenovirus h13 1
B30.2,viêm hầu kết mạc do virus
A54.22,viêm vùng tiểu khung ở nữ do lậu cầu
B30.8,viêm kết mạc do virus khác h13 1
B33,bệnh nhiễm virus khác chưa phân loại
B33.0,bệnh đau cơ gây dịch
B33.1,bệnh ross river
B33.2,viêm tim do virus
B33.3,nhiễm retrovirus chưa được phân loại
B34,nhiễm virus ở vị trí không xác định
B34.0,nhiễm adenovirus vị trí không xác định
B34.1,nhiễm virus đường ruột vị trí không xác định
B34.3,nhiễm parvovirus vị trí không xác định
B34.4,nhiễm papovavirus vị trí không xác định
B34.8,nhiễm virus khác ở vị trí không xác định
B34.9,nhiễm virus không xác định
B35.0,bệnh nấm ở cằm và nấm da đầu
B35.2,bệnh nấm da bàn tay
B35.4,bệnh nấm da thân
B35.5,bệnh nấm da vảy xếp lớp
B35.6,bệnh nấm da đùi
B35.9,bệnh nấm da không xác định
B36,nhiễm nấm nông khác
B36.1,bệnh nấm da có thương tổn màu đen
B36.2,bệnh nấm do trichosporum cuteneum râu lông
B36.3,bệnh nấm trứng đen tóc
B36.9,bệnh nấm nông không xác định
B37,nhiễm candida
B37.0,viêm miệng do candida
B37.2,nhiễm candida da và móng
B37.3,nhiễm candida âm hộ và âm đạo n77 1
B37.4,nhiễm candida ở vị trí giữa tiết niệu âm đạo khác
B37.5,viêm màng não do candida g02 1
B37.6,viêm nội tâm mạc do candida i39 8
B37.8,nhiễm candida ở vị trí khác
B37.9,nhiê m candida không xa c đi nh
B38,nhiễm nấm coccidioides
B38.1,nhiễm nấm coccidioides ở phổi mãn tính
B38.3,nhiễm nấm coccidioides ở da
B38.4,viêm màng não do nấm coccidioides g02 1
B38.7,nhiễm nấm coccidioides lan tỏa
B38.8,dạng khác của nhiễm nấm coccidioides
B38.9,nhiễm nấm coccidioides không xác định
B39.0,nhiễm histoplasma capsulatum ở phổi cấp tính
B39.1,nhiễm histoplasma capsulatum ở phổi mãn tính
B39.2,nhiễm histoplasma capsulatum ở phổi không xác định
B39.4,nhiễm histoplasma capsulatum không xác định
B39.5,nhiễm histoplasma duboisii
B39.9,nhiễm histoplasma không xác định
B40,nhiễm nấm blastomyces
B40.1,nhiễm nấm blastomyces ở phổi mãn tính
B40.2,nhiễm nấm blastomyces ở phổi không xác định
B40.3,nhiễm nấm blastomyces ở da
B40.7,nhiễm nấm blastomyces lan tỏa
C22.2,u nguyên bào gan
C22.4,ung thư mô liên kết khác của gan
C22.7,ung thư biểu mô xác định khác của gan
C22.9,u ác của gan không xác định
C23,u ác túi mật
C24.0,u ác của đường mật ngoài gan
C24.8,u ác với tổn thương chồng lấn của đường mật
C24.9,u ác của đường mật không xác định
C25.0,u ác của đầu tụy
C25.1,u ác của thân tụy
C25.2,u ác của đuôi tụy
C25.4,u ác của tụy nội tiết
C25.7,u ác phần khác của tụy
C25.8,u ác với tổn thương chồng lấn của tụy
C25.9,u ác của tụỵ không xác định
C26.1,u ác tính ở lách
C26.8,u ác với tổn thương chồng lấn của hệ tiêu hoá
C26.9,u ác ở vị trí không rõ ràng trong hệ tiêu hóa
C30,u ác của hốc mũi và tai giữa
C30.1,u ác của tai giữa
C31,u ác của các xoang phụ
C31.0,u ác của xoang hàm
C31.2,u ác của xoang trán
C31.3,u ác của xoang bướm
C32.1,u ác vùng trên thanh môn
C32.2,u ác vùng dưới thanh môn
C32.3,u ác của sụn thanh quản
C32.8,u ác với tổn thương chồng lấn của thanh quản
C32.9,u ác của thanh quản không xác định
C34.1,u ác của thuỳ trên phế quản hoặc phổi
C34.2,u ác của thuỳ giữa phế quản hoặc phổi
C34.8,u ác với tổn thương chồng lấn của phế quản và phổi
C38,u ác của tim trung thất và màng phổi
C38.0,u ác của tim
C38.1,u ác của trung thất trước
C38.2,u ác của trung thất sau
C38.3,u ác của trung thất phần không xác định
C38.8,u ác với tổn thương chồng lấn của tim trung thất màng phổi
C39.0,u ác của đường hô hấp trên phần không xác định
C39.8,u ác với tổn thương chồng lấn của cơ quan hô hấp và trong lồng ngực
C40,u ác của xương và sụn khớp của các chi
C40.0,u ác của xương bả vai và xương dài của chi trên
C40.1,u ác của xương ngắn của chi trên
C40.2,u ác của xương dài của chi dưới
C40.8,u ác với tổn thương chồng lấn của xương và sụn khớp của các chi
C40.9,u ác của xương và sụn khớp của chi không xác định
C41,u ác của xương và sụn khớp ở vị trí khác và không xác định
C41.1,u ác của xương hàm dưới
C41.2,u ác của cột sống
C41.3,u ác của xương sườn xương ức và xương đòn
C41.4,u ác của xương chậu xương cùng và xương cụt
C41.9,u ác của xương và sụn khớp không xác định
C43,u hắc tố ác của da
C43.0,u hắc tố ác của môi
C43.1,u hắc tố ác của mi mắt bao gồm khóe mắt
C43.2,u hắc tố ác của tai và ống tai ngoài
C43.3,u hắc tố ác của phần khác và phần không xác định của mặt
C95.1,bệnh bạch cầu mạn loại tế bào không xác định
C95.2,bệnh bạch cầu bán cấp loại tế bào không xác định
C95.7,bệnh bạch cầu khác loại tế bào không xác định
C95.9,bệnh bạch cầu không xác định
C96,u ác khác và không xác định của hệ lympho hệ tạo máu và mô liên quan
C96.2,bệnh dưỡng bào hệ thống xâm lấn
C96.3,u lympho mô bào thực sự
C96.7,u ác tính khác của mô dạng lympho hệ tạo máu và mô liên quan
C97,u ác có nhiều vị trí độc lập nguyên phát nhiều chỗ
D00.1,ung thư biểu mô tại chỗ của của thực quản
D00.2,u ác của dạ dày
D01.1,ung thư biểu mô tại chỗ nơi nối trực tràng đại tràng sigma
D01.2,ung thư biểu mô tại chỗ của trực tràng
D01.3,ung thư biểu mô tại chỗ của hậu môn và ống hậu môn
D01.4,ung thư biểu mô tại chỗ của phần khác và không xác định của ruột non
D01.9,ung thư biểu mô tại chỗ của cơ quan tiêu hoá không xác định
D02,ung thư biểu mô tại chỗ của tai giữa và hệ hô hấp
D02.0,ung thư biểu mô tại chỗ của thanh quản
D02.1,ung thư biểu mô tại chỗ của khí quản
D02.2,ung thư biểu mô tại chỗ của phế quản và phổi
D02.3,ung thư biểu mô tại chỗ của phần khác và hệ hô hấp
D03.0,u hắc tố tại chỗ của môi
D03.1,u hắc tố tại chỗ của mi mắt bao gồm góc mắt
D03.2,u hắc tố tại chỗ của tai và ống ngoài tai
D03.3,u hắc tố tại chỗ của phần khác và phần không xác định của mặt
D03.4,u hắc tố tại chỗ của da đầu và cổ
D03.6,u hắc tố tại chỗ của chi trên bao gồm vai
D03.7,u hắc tố tại chỗ của chi dưới bao gồm vùng háng
D03.8,u hắc tố tại chỗ của vị trí khác
D03.9,u hắc tố tại chỗ không xác định
D04.2,ung thư biểu mô tại chỗ của da vùng tai và ống tai ngoài
D04.4,ung thư biểu mô tại chỗ của da đầu và cổ
D04.5,ung thư biểu mô tại chỗ của da thân mình
D04.6,ung thư biểu mô tại chỗ của da chi trên bao gồm vai
D04.7,ung thư biểu mô tại chỗ của da chi dưới bao gồm háng
D04.8,ung thư biểu mô tại chỗ của da ở vị trí khác
D05,ung thư biểu mô tại chỗ của vú
D05.1,ung thư biểu mô ống tuyến vú tại chỗ
D05.7,ung thư biểu mô ống tuyến khác tại chỗ của vú
D05.9,ung thư biểu mô tại chỗ của vú không xác định
D06,ung thư biểu mô tại chỗ của cổ tử cung
D06.1,ung thư biểu mô tại chỗ của ngoại mạc
D06.9,ung thư biểu mô tại chỗ của cổ tử cung không xác định
D07,ung thư biểu mô tại chỗ của cơ quan sinh dục khác và không xác định
D07.0,ung thư biểu mô tại chỗ của nội mạc tử cung
D07.2,ung thư biểu mô tại chỗ của âm đạo
D07.4,ung thư biểu mô tại chỗ của dương vật
D07.5,ung thư biểu mô tại chỗ của tuyến tiền liệt
D07.6,ung thư biểu mô tại chỗ của cơ quan sinh dục nam khác và không xác định
D09.0,ung thư biểu mô tại chỗ của bàng quang
D09.1,ung thư biểu mô tại chỗ của cơ quan tiết niệu khác và không xác định
D09.2,ung thư biểu mô tại chỗ của mắt
D09.7,ung thư biểu mô tại chỗ ở vị trí xác định khác
D09.9,ung thư biểu mô tại chỗ không xác định
D10,u lành của miệng và hầu
D10.0,u lành của môi
D10.1,u lành của lưỡi
D10.2,u lành của sàn miệng
D10.3,u lành của phần khác và không xác định của miệng
D10.4,u lành của amiđan
D10.6,u lành của hầu mũi
D10.7,u lành của hạ hầu
D10.9,u lành của hầu không xác định
D11,u lành của các tuyến nước bọt chính
D11.7,u lành của tuyến nước bọt chính khác
D11.9,u lành của tuyến nước bọt chính không xác định
D12,u lành của đại tràng trực tràng hậu môn và ống hậu môn
D12.1,u lành của ruột thừa
D12.2,u lành của đại tràng lên
D12.3,u lành của đại tràng ngang
D12.5,u lành của đại tràng sigma
D12.6,đại tràng không xác định
D12.7,u lành của nơi nối trực tràng sigma trực tràng
D12.8,u lành của trực tràng
D13.0,u lành của thực quản
D13.1,u lành của dạ dày
D13.2,u lành của tá tràng
D13.3,u lành của phần khác và không xác định của ruột non
D13.39,bướu lành phần khác của ruột non
D13.4,u lành của gan
D13.5,u lành của đường mật ngoài gan
D13.6,u lành của tụy
D13.7,u lành của tụy nội tiết
D14,u lành tai giữa và hệ hô hấp
D14.1,u lành của thanh quản
D14.2,u lành của khí quản
D14.3,u lành của phế quản và phổi
D14.4,u lành của hệ hô hấp không xác định
D15,u lành của cơ quan khác và không xác định trong lồng ngực
D15.0,u lành của tuyến ức
D15.1,u lành của tim
D15.2,u lành của trung thất
D15.7,u lành của cơ quan trong lồng ngực xác định khác
D15.9,u lành của cơ quan trong lồng ngực không xác định
D16,u lành của xương và sụn khớp
D16.0,u lành của xương bả vai và xương dài của chi trên
D16.2,u lành của xương dài của chi dưới
D16.3,u lành của xương ngắn của chi dưới
D16.4,u lành của xương sọ và mặt
D16.5,u lành của xương hàm dưới
D16.7,u lành của xương sườn xương ức và xương đòn
D16.8,u lành của xương chậu xương thiêng và xương cụt
D17,u mỡ
D17.0,u mỡ lành tính của da và mô dưới da ở đầu mặt và cổ
D17.1,u mỡ lành tính của da và mô dưới da ở thân hình
D17.2,u mỡ lành tính của da và mô dưới da ở các chi
B40.8,dạng khác của nhiễm nấm blastomyces
B40.9,nhiễm nấm blastomyces không xác định
B41,nhiễm nấm paracoccidioides
B41.0,nhiễm nấm paracoccidioides ở phổi
B41.7,nhiễm nấm paracoccidioides lan tỏa
B41.8,dạng khác của nhiễm nấm paracoccidioides
B41.9,nhiễm nấm paracoccidioides không xác định
B42.0,nhiễm sporotrichum ở phổi j99 8
B42.1,nhiễm sporotrichum da bạch huyết
B42.7,nhiễm sporotrichum lan tỏa
B42.9,nhiễm sporotrichum không xác định
B43.0,nhiễm nấm chromoblastomycosa ở da
B43.1,áp xe não do phaeomyces
B43.2,nang và áp xe dưới da do phaeomyces
B43.9,nhiễm nấm chromoblastomycosa không xác định
B44,nhiễm aspergillus
B44.0,nhiễm aspergillus ở phổi xâm lấn
B44.1,nhiễm aspergillus ở phổi khác
B44.2,nhiễm aspergillus ở hạnh nhân
B44.8,dạng khác của nhiễm aspergillus
B44.9,nhiễm aspergillus không xác định
B45,nhiễm cryptococcus
B45.1,nhiễm cryptococcus ở não
B45.2,nhiễm cryptococcus ở da
B45.3,nhiễm cryptococcus ở xương
B45.8,dạng khác của nhiễm cryptococcus
B45.9,nhiễm cryptococcus không xác định
B46,nhiễm zygomycota
B46.1,nhiễm mucor ở mũi não
B46.2,nhiễm mucor ở đường tiêu hóa
B46.3,nhiễm mucor ở da
B46.5,nhiễm mucor không xác định
B46.8,nhiễm zygomycetes khác
B46.9,nhiễm zygomycetes không xác định
B47.0,u do eumycetes
B47.9,u nấm không xác định
B48,nhiễm nấm khác chưa được phân loại
B48.0,nhiễm nấm lobo
B48.2,nhiễm allesscheria
B48.3,nhiễm geotrichum
B48.7,nhiễm nấm cơ hội
B48.8,nhiễm nấm xác định khác
B49,nhiễm nấm không xác định
B50.0,sốt rét plasmodium falciparum với biến chứng não
B50.8,sốt rét plasmodium falciparum thể nặng và biến chứng khác
B50.9,sốt rét plasmodium falciparum không xác định
B51,sốt rét do plasmodium vivax
B51.0,sốt rét plasmodium vivax với vỡ lách
B51.8,sốt rét plasmodium vivax với biến chứng khác
B51.9,sốt rét plasmodium vivax không biến chứng
B52,sốt rét do plasmodium malariae
B52.0,sốt rét plasmodium malariae với bệnh lý thận
B52.8,sốt rét plasmodium malariae với biến chứng khác
B52.9,sốt rét plasmodium malariae không biến chứng
B53,sốt rét khác có xác nhận về ký sinh trùng học
B53.0,sốt rét plasmodium ovale
B53.8,sốt rét khác xác nhận bằng ký sinh trùng học chưa được phân loại
B54,sốt rét không xác định
B55,bệnh do leishmania
B55.0,bệnh do leishmania nội tạng
B55.2,bệnh do leishmania da niêm mạc
B55.9,bệnh do leishmania không xác định
B56,bệnh do trypanosoma châu phi
B56.1,bệnh do trypanosoma rhodesiense
D30.9,cơ quan tiết niệu không xác định
D31,u lành của mắt và phần phụ
D31.1,u lành giác mạc
D31.2,u lành võng mạc
D31.3,u lành màng mạch mắt
D31.5,u lành tuyến và ống lệ
D31.6,u lành hốc mắt không xác định
D32,u lành của màng não
D32.0,u lành màng não
D32.1,u lành màng não tủy sống
D32.9,u lành màng não không xác định
D33.0,u lành của não trên lều
D33.1,u lành của não lều dưới
D33.2,u lành của não không xác định
D33.3,u lành thần kinh sọ não
D33.4,u lành của tủy sống
D33.7,u lành của phần xác định khác của hệ thần kinh trung ương
D33.9,u lành của hệ thần kinh trung ương không xác định
D35,u lành của tuyến nội tiết khác và tuyến nội tiết không xác định
D35.0,u lành tuyến thượng thận
D35.1,u lành tuyến cận giáp
D35.3,u lành ống sọ hầu
D35.4,u lành tuyến tùng
D35.5,u lành thể cảnh
D35.7,u lành tuyến nội tiết xác định khác
D35.8,u lành liên quan nhiều tuyến nội tiết
D35.9,u lành của tuyến nội tiết không xác định
D36,u lành có vị trí khác và không xác định
D36.1,u lành thần kinh ngoại biên và hệ thần kinh tự động
D36.7,u lành vị trí xác định khác
D36.9,u lành của vị trí không xác định
D37,u tân sinh không rõ hoặc không biết tính chất của khoang miệng và cơ quan tiêu hóa
D37.1,u tân sinh chưa rõ tính chất của dạ dầy
D37.2,u tân sinh chưa rõ tính chất của ruột non
D37.3,u tân sinh chưa rõ tính chất của ruột thừa
D37.4,u tân sinh chưa rõ tính chất của đại tràng
D37.5,u tân sinh chưa rõ tính chất của trực tràng
D37.6,u tân sinh chưa rõ tính chất của gan túi mật và ống dẫn mật
D37.7,u tân sinh chưa rõ tính chất của cơ quan tiêu hóa khác
D38,u tân sinh không rõ hoặc không biết tính chất của tai giữa cơ quan hô hấp và cơ quan trong lồng ngực
D38.0,u tân sinh chưa rõ tính chất của thanh quản
D38.1,u tân sinh chưa rõ tính chất của khí quản phế quản và phổi
D38.2,u tân sinh chưa rõ tính chất màng phổi
D38.3,u tân sinh chưa rõ tính chất của trung thất
D38.4,u tân sinh chưa rõ tính chất của tuyến ức
D38.6,u tân sinh chưa rõ tính chất của cơ quan hô hấp không xác định
D39,u không chắc chắn hoặc không biết tính chất của cơ quan sinh dục nữ
D39.0,u tân sinh không chắc chắn hoặc không biết tính chất của tử cung
D39.1,u tân sinh không chắc chắn hoặc không biết tính chất của buồng trứng
D39.2,u tân sinh không chắc chắn hoặc không biết tính chất của nhau rau thai
D39.9,u tân sinh không chắc chắn hoặc không biết tính chất của cơ quan sinh dục nữ không xác định
C43.4,u hắc tố ác của đầu và cổ
D47.7,u tân sinh xác định khác không rõ hoặc không biết tính chất của mô lympho mô tạo huyết và mô liên quan
D47.9,u tân sinh không xác định không chắc chắn hoặc không biết rõ tính chất của mô lympho mô tạo huyết và mô liên quan
D48,u tân sinh không chắc chắn hoặc không biết tính chất có vị trí khác và không xác định
D48.0,u tân sinh không xác định không chắc chắn hoặc không biết rõ tính chất của xương và sụn khớp
D48.2,u tân sinh không xác định không chắc chắn hoặc không biết rõ tính chất của thần kinh ngoại biên và hệ thần kinh tự động
D48.3,u tân sinh không xác định không chắc chắn hoặc không biết rõ tính chất của vùng sau phúc mạc
D48.5,u tân sinh không xác định không chắc chắn hoặc không biết rõ tính chất của da
D48.7,u tân sinh không xác định không chắc chắn hoặc không biết rõ tính chất của vị trí xác định khác
D48.9,u tân sinh không chắc chắn hoặc không biết tính chất không xác định
D50,thiếu máu do thiếu sắt
D50.0,thiếu máu thiếu sắt thứ phát do mất máu mãn tính
D50.1,chứng khó nuốt do thiếu sắt
D50.8,các thiếu máu thiếu sắt khác
D50.9,thiếu máu thiếu sắt không đặc hiệu
D51,thiếu máu do thiếu vitamin b12
D51.1,thiếu vitamin b12 do giảm hấp thu chọn lọc vitamin b12 kèm theo đái protein
D51.2,thiếu transcobalamin ii
D51.3,thiếu máu thiếu vitamin b12 khác do dinh dưỡng
D51.8,các thiếu máu thiếu vitamin b12 khác
D51.9,thiếu máu thiếu vitamin b12 không đặc hiệu
D52.0,thiếu máu thiếu folate do chế độ dinh dưỡng
D52.1,thiếu máu thiếu folate do thuốc
D52.8,các thiếu máu thiếu folate khác
D52.9,thiếu máu thiếu folate không đặc hiệu
D53,các thiếu máu dinh dưỡng khác
D53.1,các thiếu máu nguyên hồng cầu khổng lồ khác chưa được phân loại ở phần khác
D53.2,thiếu máu thiếu vitamin c
D53.9,thiếu máu dinh dưỡng không đặc hiệu
D55.0,thiếu máu do thiếu men glucose 6 phosphate dehydrogenase
D55.1,thiếu máu do các rối loạn chuyển hóa glutathione khác
D55.2,thiếu máu do rối loạn các men phân giải glucose
D55.3,thiếu máu do rối loạn chuyển hóa nucleotide
D55.8,các thiếu máu khác do rối loạn men
D56,bệnh thalassaemia
D56.0,alpha thalassaemia
D56.1,beta thalassaemia
D56.2,delta beta thalassaemia
D56.4,tồn tại di truyền huyết sắc tố bào thai hpfh
D56.8,các thalassaemias khác
D56.9,thalassaemia không đặc hiệu
D57.0,thiếu máu hồng cầu liềm có cơn tan máu
D57.1,thiếu máu hồng cầu liềm không có cơn tan máu
D57.2,di hợp tử kép hồng cầu hình liềm với các hb bất thường khác
D58,các thiếu máu tan máu di truyền khác
D58.0,hồng cầu hình cầu di truyền
D58.1,hồng cầu hình elip di truyền
D58.8,các thiếu máu tan máu di truyền không đặc hiệu khác
D58.9,thiếu máu tan máu di truyền không đặc hiệu
D59.0,thiếu máu tan máu tự miễn dịch do thuốc
D59.2,thiếu máu tan máu do thuốc không phải tự miễn dịch
D59.3,hội chứng tan máu urê máu cao
D59.4,các thiếu máu tan máu không phải tự miễn dịch khác
D59.6,đái huyết sắc tố do tan máu từ những nguyên nhân bên ngoài khác
D59.8,các thiếu máu tan máu mắc phải khác
D59.9,thiếu máu tan máu mắc phải không đặc hiệu
D60,suy tủy xương một dòng hồng cầu mắc phải giảm nguyên hồng cầu
D60.0,suy tủy xương một dòng hồng cầu mắc phải mãn tính
D60.1,suy tủy xương một dòng hồng cầu mắc phải thóang qua
D60.8,suy tủy xương một dòng hồng cầu mắc phải khác
D60.9,suy tủy xương một dòng hồng cầu mắc phải không đặc hiệu
D61,các thể suy tủy xương khác
D61.1,suy tủy xương do thuốc
D61.2,suy tủy xương do các nguyên nhân bên ngoài khác
D61.3,suy tủy xương vô căn
D61.9,suy tủy xương không đặc hiệu khác
D62,thiếu máu sau chảy máu cấp tính
D63,thiếu máu trong các bệnh mãn tính đã được phân loại ở phần khác
D63.0,thiếu máu trong bệnh ác tính c00 d48
D63.8,thiếu máu trong các bệnh mãn tính đã được phân loại ở phần khác
D64.0,thiếu máu nhược sắc có nguyên hồng cầu
D64.1,thiếu máu nguyên hồng cầu sắt thứ phát do bệnh lý
D64.4,thiếu máu rối loạn sinh sản dòng hồng cầu bẩm sinh
D64.8,các thiếu máu không đặc hiệu khác
D64.9,thiếu máu không đặc hiệu
D65,đông máu nội mạch rải rác hội chứng tiêu fibrin
D67,thiếu yếu tố ix di truyền
D68.1,thiếu yếu tố xi di truyền
D68.2,thiếu các yếu tố đông máu khác do di truyền
D68.3,xuất huyết trong khi sử dụng dài ngày các chất chống đông máu
D68.5,bệnh tăng đông máu nguyên phát
D68.6,bệnh tăng đông máu khác
D68.8,các rối loạn đông máu đặc biệt khác
D68.9,rối loạn đông máu không đặc hiệu
D69,ban xuất huyết và các tình trạng xuất huyết khác
D69.0,ban xuất huyết dị ứng
D69.1,bất thường chất lượng tiểu cầu
M01.26,viêm khớp trong bệnh lyme a69 2 cẳng chân
M01.27,viêm khớp trong bệnh lyme a69 2 cổ bàn chân
M01.28,viêm khớp trong bệnh lyme a69 2 vị trí khác
M01.29,viêm khớp trong bệnh lyme a69 2 vị trí không xác định
M01.3,viêm khớp trong các bệnh nhiễm khuẩn được phân loại ở nơi khác
M01.30,viêm khớp trong các bệnh nhiễm khuẩn được phân loại ở nơi khác nhiều vị trí
M01.31,viêm khớp trong các bệnh nhiễm khuẩn được phân loại ở nơi khác nhiều vị trí
M01.32,viêm khớp trong các bệnh nhiễm khuẩn được phân loại ở nơi khác cánh tay
M01.33,viêm khớp trong các bệnh nhiễm khuẩn được phân loại ở nơi khác cẳng tay
M01.34,viêm khớp trong các bệnh nhiễm khuẩn được phân loại ở nơi khác bàn tay
M01.35,viêm khớp trong các bệnh nhiễm khuẩn được phân loại ở nơi khác vùng chậu và đùi
M01.36,viêm khớp trong các bệnh nhiễm khuẩn được phân loại ở nơi khác cẳng chân
M01.37,viêm khớp trong các bệnh nhiễm khuẩn được phân loại ở nơi khác cổ bàn chân
M01.38,viêm khớp trong các bệnh nhiễm khuẩn được phân loại ở nơi khác vị trí khác
M01.39,viêm khớp trong các bệnh nhiễm khuẩn được phân loại ở nơi khác vị trí không xác định
M01.4,viêm khớp trong bệnh rubella b06 8
M01.40,viêm khớp trong bệnh rubella b06 8 nhiều vị trí
M01.41,viêm khớp trong bệnh rubella b06 8 vùng bả vai
M01.42,viêm khớp trong bệnh rubella b06 8 cánh tay
M01.43,viêm khớp trong bệnh rubella b06 8 cẳng tay
M01.44,viêm khớp trong bệnh rubella b06 8 bàn tay
M01.45,viêm khớp trong bệnh rubella b06 8 vùng chậu và đùi
M01.46,viêm khớp trong bệnh rubella b06 8 cẳng chân
M01.47,viêm khớp trong bệnh rubella b06 8 cổ bàn chân
M01.48,viêm khớp trong bệnh rubella b06 8 vị trí khác
M01.49,viêm khớp trong bệnh rubella b06 8 vị trí không xác định
V89.9,người bị thương trong tai nạn giao thông không rõ đặc điểm
V90,tai nạn đường thủy gây ngã xuống nước ngập nước
V91,tai nạn phương tiện giao thông thủy gây thương tổn khác
V92,ngã và ngạt nước liên quan tới phương tiện giao thông đường thủy mà không có tai nạn do phương tiện gây ra
V93,tai nạn trên phương tiện thủy không có tai nạn của phương tịên không gây ngã xuống nước hay ngập nước
G55,chèn ép rễ thần kinh và đám rối trong bệnh phân loại nơi khác
G55.0,chèn ép rễ thần kinh và đám rối trong u c00 d48
G55.1,chèn ép rễ và đám rối thần kinh trong bệnh đĩa đệm cột sống m50 m51
G55.2,chèn ép rễ và đám rối thần kinh trong thoái hóa đốt sống m47
G55.3,chèn ép rễ và đám rối thần kinh trong bệnh khác vùng lưng m45 m46 m48 m53 m54
G55.8,chèn ép rễ và đám rối thần kinh trong bệnh khác phân loại nơi khác
G56,bệnh đơn dây thần kinh chi trên
G56.0,hội chứng ống cổ tay
G56.1,tổn thương khác của dây thần kinh giữa
G56.2,tổn thương dây thần kinh trụ
G56.3,tổn thương dây thần kinh quay
G56.4,bỏng buốt
G56.8,bệnh đơn dây thần kinh khác của chi trên
G56.9,bệnh đơn dây thần kinh của chi trên không đặc hiệu
G57,bệnh đơn dây thần kinh chi dưới
G57.0,tổn thương dây thần kinh hông to
G57.1,đau đùi dị cảm
G57.2,tổn thương dây thần kinh đùi
G57.3,tổn thương dây thần kinh khoeo ngoài
G57.4,tổn thương dây thần kinh khoeo trong
G57.5,hội chứng ống cổ chân
G57.6,tổn thương dây thần kinh gan bàn chân
G57.8,bệnh đơn dây thần kinh khác ở chi dưới
G57.9,bệnh đơn dây thần kinh ở chi dưới không đặc hiệu
G58,bệnh đơn dây thần kinh khác
G58.0,bệnh dây thần kinh liên sườn
G58.7,viêm đơn dây thần kinh nhiều ổ
G58.8,bệnh đơn dây thần kinh xác định khác
G58.9,bệnh đơn dây thần kinh không đặc hiệu
G59,bệnh đơn dây thần kinh được phân loại nơi khác
L72.8,các u nang khác ở da và tổ chức dưới da
L72.9,u nang lông ở da và tổ chức dưới da không điển hình
L73,các bệnh nang lông khác
L73.0,sẹo lồi do trứng cá
L73.1,giả viêm nang lông ở cằm
L73.2,viêm tuyến mồ hôi mủ nhọt ổ gà
L73.8,các bệnh nang lông đặc hiệu khác
L73.9,bệnh nang lông không điển hình
L74,các bệnh của tuyến mồ hôi
L74.0,rôm đỏ
V94,các tai nạn giao thông không rõ đặc điểm khác
V95,tai nạn do phương tiện bay có động cơ gây tổn thương cho người đi
V95.0,tai nạn máy bay trực thăng làm bị thương người đi máy bay
V95.1,tai nạn tầu lượn hay có động cơ gây thương tích cho hành khách đi tàu
V95.2,tai nạn của máy bay tư cánh cố định khác gây thương tổn người đi máy bay
V95.3,tai nạn của máy bay thương mại cánh cố định gây thương tổn cho người đi máy bay
V95.4,tai nạn tầu vũ trụ làm thương tổn người trên tầu
V95.8,tai nạn máy bay khác làm thương tổn người trên máy bay
V95.9,tai nạn máy bay khác không rõ đặc điểm làm thương tổn người trên máy bay
V96,tai nạn của phương tiện bay không động cơ làm bị thương người trên tầu
V96.0,tai nạn kinh khí cầu tổn thương người đi trên đó
V96.1,tai nạn tầu lượn treo tổn thương người đi trên đó
V96.2,tai nạn tầu lượn không động cơ tổn thương người đi trên đó
V96.8,các tai nạn phương tiện bay không động cơ khác thương tổn người đi trên đó
V96.9,tai nạn không rõ đặc điểm của phương tiện động cơ gây thương tổn người đi trên đó
V97,các tai nạn do phương tịên bay đặc biệt khác
V97.0,người ở trên phương tiện bay bị thương trong tai nạn hàng không đặc biệt khác
V97.1,người bị thương khi lên xuống máy bay
V97.2,người nhẩy dù bị thương trong tai nạn hàng không
V97.3,người ở mặt đất bị thương trong tai nạn hàng không
V97.8,các tai nạn hàng không khác chưa phân loại nơi khác
V98,các tai nạn do xe cộ khác
V99,tai nạn xe cộ không rõ đặc điểm
W00,ngã trên cùng một mặt bằng liên quan băng và tuyết
W01,ngã trên cùng mặt bằng do trượt vấp và lộn nhào
W02,ngã liên quan trượt băng ski trượt bánh xe patanh hay trên thanh trượt
W03,ngã khác trên cùng mặt bằng do va chạm với bị đẩy bởi người khác
Z80.7,tiền sử gia đình có u ác tính dạng lympho bạch huyết hệ tạo máu và các tổ chức liên quan
Z80.8,tiền sử gia đình có khối u ác tính của cơ quan và hệ thống khác
Z80.9,tiền sử gia đình có khối u ác tính không đặc hiệu
Z81,tiền sử gia đình có rối loạn tâm thần và hành vi
Z81.0,tiền sử gia đình có chậm phát triển tâm thần
Z81.1,tiền sử gia đình có lạm dụng rượu
Z81.2,tiền sử gia đình có lạm dụng thuốc lá
Z81.3,tiền sử gia đình có lạm dụng thuốc kích thần
Z81.4,tiền sử gia đình có lạm dụng các chất khác
Z81.8,tiền sử gia đình có các rối loạn hành vi và tâm thần
Z82,tiền sử gia đình có một số khuyết tật và bệnh mãn tính dẫn đến tàn tật
Z82.0,tiền sử gia đình có động kinh và các bệnh khác của hệ thần kinh
Z82.1,tiền sử gia đình có mù loà và mất thị giác
Z82.2,tiền sử gia đình có điếc và mất thính giác
Z82.3,tiền sử gia đình có tai biến mạch máu não
Z82.4,tiền sử gia đình có bệnh thiếu máu cơ tim và các bệnh khác của hệ tuần hoàn
Z82.5,tiền sử gia đình có hen và các bệnh mãn tính khác của đường hô hấp dưới
Z82.6,tiền sử gia đình có viêm khớp và các bệnh khác về hệ cơ xương và tổ chức liên kết
Z82.7,tiền sử gia đình có dị tật bẩm sinh dị tật và bất thường nhiễm sắc thể
Z82.8,tiền sử gia đình có người khuyết tật và các bệnh mãn tính khác dẫn đến tàn tật chưa phân loại ở phần khác
Z83,tiền sử gia đình có các rối loạn đặc biệt khác
Z83.0,tiền sử gia đình có bệnh suy giảm miễn dịch virus người hiv
Z83.1,tiền sử gia đình có các bệnh nhiễm khuẩn và ký sinh trùng khác
T44.9,ngộ độc thuốc tác động chủ yếu hệ thần kinh tự động khác và chưa xác định
T45,ngộ độc do thuốc chủ yếu toàn thân và huyết học không xếp loại ở phần nào
T45.0,ngộ độc thuốc chống nôn và chống dị ứng
T45.1,ngộ độc thuốc chống ung thư và ức chế miễn dịch
T45.2,ngộ độc vitamin không xếp loại ở phần nào
T45.3,ngộ độc các enzym không xếp loại ở phần nào
T45.4,ngộ độc sắt và thành phẩm
T45.5,ngộ độc thuốc chống đông máu
T45.6,ngộ độc thuốc tác động phân hủy fibrin
T45.7,ngộ độc thuốc đối kháng chống đông máu vitamin k chống đông máu khác
G54.2,bệnh rễ thần kinh cổ không phân loại nơi khác
G54.3,bệnh rễ thần kinh ngực không phân loại nơi khác
G54.4,bệnh rễ thần kinh thắt lưng cùng không phân loại nơi khác
G54.5,teo cơ đau thần kinh
G54.6,hội chứng chi ma có đau
G54.7,hội chứng chi ma không đau
G54.8,bệnh rễ và đám rối thần kinh khác
G54.9,bệnh rễ và đám rối thần kinh không đặc hiệu
H25.9,đục thể thủy tinh người già không đặc hiệu
H26,đục thủy tinh thể khác
Z46.2,lắp ráp và điều chỉnh các dụng cụ khác liên quan tới hệ thần kinh và các giác quan đặc biệt
Z46.3,lắp ráp và chỉnh hình răng
Z46.4,lắp ráp và điều chỉnh dụng cụ chỉnh hình răng hàm mặt
Z46.5,lắp ráp và điều chỉnh các dụng cụ gắn vào hỗng tràng và ruột non
Z46.6,lắp ráp và điều chỉnh các dụng cụ tiết niệu
Z46.7,lắp ráp và điều chỉnh dụng cụ chỉnh hình
Z46.8,lắp ráp và điều chỉnh các dụng cụ đặc hiệu khác
Z46.9,lắp ráp và điều chỉnh hình dụng cụ không đặc hiệu
Z47,chăm sóc theo dõi chỉnh hình khác
Z47.0,chăm sóc theo dõi liên quan đến tháo bỏ nẹp xương gãy và dụng cụ cố định bên trong khác
Z47.8,chăm sóc theo dõi chỉnh hình xác định khác
Z47.9,chăm sóc theo dõi chỉnh hình không đặc hiệu
Z48,chăm sóc theo dõi phẫu thuật khác
Z48.0,chăm sóc băng bó và chỉ khâu
Z48.8,chăm sóc theo dõi sau phẫu thuật xác định khác
Z48.9,chăm sóc theo dõi sau phẫu thuật không đặc hiệu
Z49,chăm sóc về lọc máu
Z49.0,chăm sóc chuẩn bị cho lọc máu
Z49.1,lọc máu ngoài cơ thể thận nhân tạo
Z49.2,các lọc máu khác
Z50,chăm sóc về sử dụng các phương pháp điều trị phục hồi chức năng
Z50.0,phục hồi chức năng tim
Z50.1,vật lí trị liệu khác
Z50.2,phục hồi chức năng nghiện rượu
Z50.3,phục hồi chức năng nghiện ma túy
Z50.4,tâm lý trị liệu chưa được phân loại ở phần khác
Z50.5,âm ngữ trị liệu
Z50.6,huấn luyện về chỉnh thị
Z50.7,hoạt động trị liệu và phục hồi chức năng nghề nghiệp không xác định
Z50.8,chăm sóc liên quan đến sử dụng các phương pháp điều trị phục hồi chức năng khác
Z50.9,chăm sóc liên quan đến điều trị phục hồi chức năng không đặc hiệu
Z51,chăm sóc y học khác
Z51.0,xạ trị liệu
Z51.1,hóa trị liệu khối u
Z51.2,hóa trị liệu khác
Z51.3,truyền máu không có chẩn đoán ghi nhận
Z51.4,chăm sóc chuẩn bị cho điều trị tiếp theo chưa được phân loại ở phần khác
T21.6,ăn mòn tại thân mình độ hai
T43,nhiễm độc do thuốc hướng tâm thần không xếp loại ở nơi khác
T43.0,ngộ độc thuốc chống trầm cảm ba vòng và bốn vòng
T43.1,ngộ độc thuốc chống trầm cảm nhóm ức chế men imao
T43.2,ngộ độc thuốc chống trầm cảm khác và chưa xác định
T43.3,ngộ độc thuốc phenothiazin thuốc tâm thần và an thần
T43.4,ngộ độc thuốc an thần butyrophenon và thioxanthen
T43.5,ngộ độc thuốc tâm thần và an thần
T43.6,ngộ độc thuốc kích thích tâm thần có khả năng lạm dụng thuốc
T43.8,ngộ độc thuốc tâm thần khác không xếp loại phần nào
T43.9,ngộ độc thuốc hướng tâm thần chưa xác định
T44,nhiễm độc do thuốc tác động chủ yếu hệ thần kinh tự động
T44.0,ngộ độc thuốc kháng cholinesterase
T44.1,ngộ độc thuốc giống phó giao cảm khác cholinergics
T44.2,ngộ độc thuốc chẹn hạch chưa xếp loại ở phần nào
T44.3,ngộ độc thuốc hủy phó giao cảm chống tiết cholin và chống ngộ độc muscarinin và giảm co cứng không xếp loại ở phần nào
T44.4,ngộ độc chủ yếu đối kháng receptor alpha adrenalin không xếp loại nơi khác
T44.5,ngộ độc thuốc chủ yếu đối kháng receptor beta adrenalin không xếp loại nơi khác
T44.6,ngộ độc thuốc đối kháng receptor alpha adrenalin không xếp loại nơi khác
T44.7,ngộ độc thuốc đối kháng receptor beta adrenalin không xếp loại ở phần nào
T44.8,ngộ độc thuốc tác động trung tâm và thuốc chẹn thần kinh gây tiết adrenalin không xếp loại nơi khác
X42,tai nạn ngộ độc do phơi nhiễm thuốc ngủ và thuốc hưng thần sinh hoang tưởng không được xếp loại nơi khác
X43,tai nạn ngộ độc do phơi nhiễm thuốc khác tác động lên hệ thống thần kinh tự động
X44,tai nạn ngộ độc do phơi nhiễm các thuốc và sinh chất không rõ đặc điểm
X45,tai nạn ngộ độc và phơi nhiễm rượu
X46,tai nạn ngộ do và phơi nhiễm dung môi hữu cơ và hydrat carbon halogen và các hơi của chúng
X47,tai nạn ngộ độc bởi và phơi nhiễm các khí và hơi khác
X48,vô tình ngộ độc do và tiếp xúc với thuốc trừ sâu
X49,tai nạn ngộ độc bởi và phơi nhiễm các chất hóa học và chất có hại khác không rõ đặc điểm
X50,cố gắng quá mức và những động tác nặng nhọc hoặc lặp đi lặp lại
X51,du lịch và vận động
X52,ở lâu trong môi trường không trọng lượng
X53,thiếu thức ăn
S52.7,gãy nhiều vị trí xương cẳng tay
S52.70,gãy nhiều vị trí xương cẳng tay gãy kín
S52.71,gãy nhiều vị trí xương cẳng tay gãy hở
S52.8,gãy xương phần khác của cẳng tay
S52.80,gãy phần khác của xương cẳng tay gãy kín
S52.81,gãy phần khác của xương cẳng tay gãy hở
S52.9,gãy xương cẳng tay phần chưa xác định
S52.90,gãy xương cẳng tay phần chưa xác định gãy kín
S52.91,gãy xương cẳng tay phần chưa xác định gãy hở
S53,sai khớp bong gân và căng cơ của khớp và dây chằng khuỷu tay
S53.0,sai khớp đầu xương quay
S53.1,sai khớp khủyu chưa xác định
T59.1,nhiễm độc sulfur dioxid
T59.2,nhiễm độc formaldehyd
T59.3,nhiễm độc hơi lacrimogenic
T59.4,nhiễm độc hơi chlorin
T59.5,nhiễm độc hơi fluorin và hydrogen fluorid
T59.6,nhiễm độc hydrogen sulfid
T59.7,nhiễm độc carbon dioxid co2
T59.8,nhiễm độc khí khói hơi đã xác định khác
T59.9,nhiễm độc khí khói hơi chưa xác định
T60,ngộ độc thuốc trừ sâu
T60.0,nhiễm độc thuốc trừ sâu phosphat hữu cơ và carbamat
T60.1,nhiễm độc thuốc diệt côn trùng halogen
T60.2,nhiễm độc thuốc diệt côn trùng khác
T60.3,nhiễm độc thuốc diệt cỏ và thuốc diệt nấm
T60.4,nhiễm độc thuốc diệt chuột
T60.8,nhiễm độc thuốc trừ sâu khác
T60.9,nhiễm độc thuốc trừ sâu chưa xác định
T61,ngộ độc các chất độc do ăn đồ biển
T61.0,nhiễm độc cá ciguatera
T61.1,nhiễm độc cá scombroid
T61.2,nhiễm độc cá khác và sò ốc
T61.8,nhiễm độc hải sản khác
T61.9,nhiễm độc hải sản chưa phân loại nơi khác
T62,ngộ độc chất độc do ăn thực phẩm
T62.0,ngộ độ do ăn nấm
T62.1,nhiễm độc do ăn quả dâu
T62.2,nhiễm độc do ăn một phần các cây khác
T62.8,nhiễm độc do ăn chất độc khác đã xác định như thực phẩm
T62.9,nhiễm độc do ăn chất độc như thực phẩm chưa xác định
H26.0,đục thể thủy tinh trẻ em người trẻ và trước tuổi già loại trừ bẩm sinh
H26.1,đục thể thủy tinh do chấn thương
H26.2,đục thể thủy tinh biến chứng
H26.3,đục thể thủy tinh do thuốc
J67.6,bệnh phổi của công nhân bóc vỏ cây thích
J67.7,bệnh phổi do máy làm ẩm và máy điều hoà không khí
J67.8,viêm phổi tăng cảm do bụi hữu cơ khác
J67.9,viêm phổi tăng cảm do bụi hữu cơ không phân loại
J68,bệnh hô hấp do hít hóa chất khí khói và chất bay hơi
J68.0,viêm phế quản và viêm phổi do hóa chất chất khí khói và chất bay hơi
J68.1,phù phổi do hóa chất khí khói và chất bay hơi
J68.2,viêm đường hô hấp trên do hóa chất khí khói và chất bay hơi chưa phân loại nơi khác
J68.3,bệnh hô hấp cấp và bán cấp khác do hóa chất khí khói và chất bay hơi
J68.4,bệnh hô hấp mạn do hóa chât khí khói và chất bay hơi
J68.8,bệnh hô hấp khác do hóa chất khí khói và chất bay hơi
J68.9,bệnh hô hấp không phân loại do hóa chất khí khói và chất bay hơi
J69,viêm phổi do chất rắn và chất lỏng
J69.0,viêm phổi hít phải thức ăn và chất nôn
J69.1,viêm phổi hít phải dầu và hương liệu
J69.8,viêm phổi hít phải chất rắn và chất lỏng khác
J70,bệnh hô hấp do tác nhân bên ngoài khác
J70.0,biểu hiện cấp tính ở phổi do phóng xạ
J70.1,biểu hiện mãn tính và biểu hiện khác ở phổi do phóng xạ
J70.2,bệnh phổi mô kẽ cấp tính do thuốc
J70.3,bệnh phổi mô kẽ mãn tính do thuốc
J70.4,bệnh phổi mô kẽ do thuốc không phân loại
J70.8,bệnh lý hô hấp do tác nhân bên ngoài xác định khác
J70.9,bệnh lý hô hấp do các tác nhân bên ngoài không phân loại
J80,hội chứng suy hô hấp ở người lớn
J81,phù phổi
J82,tăng bạch cầu ái toan ở phổi chưa được phân loại ở nơi khác
J84,bệnh phổi mô kẽ khác
J84.0,bệnh lý phế nang và thành phế nang
J84.1,bệnh phổi mô kẽ khác có xơ
J84.8,bệnh phổi mô kẽ xác định khác
J84.9,bệnh phổi mô kẽ không phân loại
J85,áp xe phổi và trung thất
J85.0,hoại thư và hoại tử ở phổi
T21.7,ăn mòn tại thân mình độ ba
T22,bỏng và ăn mòn tại vai và chi trên trừ cổ tay và bàn tay
T22.0,bỏng độ chưa xác định của vai và chi trên trừ cổ tay và bàn tay
T22.1,bỏng độ một của vai và chi trên trừ cổ tay và bàn tay
T22.2,bỏng độ hai của vai và chi trên trừ cổ tay và bàn tay
T22.3,bỏng độ ba của vai và chi trên trừ cổ tay và bàn tay
T22.4,ăn mòn độ chưa xác định của vai và chi trên trừ cổ tay và bàn tay
T22.5,ăn mòn độ một của vai và chi trên trừ cổ tay và bàn tay
T22.6,ăn mòn độ hai của vai và chi trên trừ cổ tay và bàn tay
T22.7,ăn mòn độ ba của vai và chi trên trừ cổ tay và bàn tay
T23,bỏng và ăn mòn tại cổ tay và bàn tay
T23.0,bỏng độ chưa xác định của cổ tay và bàn tay
T23.1,bỏng độ một của cổ tay và bàn tay
T23.2,bỏng độ hai của cổ tay và bàn tay
T23.3,bỏng độ ba của cổ tay và bàn tay
T23.4,ăn mòn độ chưa xác định của cổ tay và bàn tay
T23.5,ăn mòn độ một của cổ tay và bàn tay
T23.6,ăn mòn độ hai của cổ tay và bàn tay
T23.7,ăn mòn độ ba của cổ tay và bàn tay
T24,bỏng và ăn mòn tại háng và chi dưới trừ cổ chân và bàn chân
T24.0,bỏng độ chưa xác định tại háng và chi dưới trừ cổ chân và bàn chân
T24.1,bỏng độ một tại háng và chi dưới trừ cổ chân và bàn chân
T24.2,bỏng độ hai tại háng và chi dưới trừ cổ chân và bàn chân
T24.3,bỏng độ ba tại háng và chi dưới trừ cổ chân và bàn chân
T24.4,ăn mòn độ chưa xác định tại háng và chi dưới trừ cổ chân và bàn chân
T24.5,ăn mòn độ một tại háng và chi dưới trừ cổ chân và bàn chân
T24.6,ăn mòn độ hai tại háng và chi dưới trừ cổ chân và bàn chân
T24.7,ăn mòn độ ba tại háng và chi dưới trừ cổ chân và bàn chân
T25,bỏng và ăn mòn tại cổ chân và bàn chân
T25.0,bỏng độ chưa xác định tại cổ chân và bàn chân
T25.1,bỏng độ một tại cổ chân và bàn chân
T25.2,bỏng độ hai tại cổ chân và bàn chân
T25.3,bỏng độ ba tại cổ chân và bàn chân
T25.4,ăn mòn độ chưa xác định tại cổ chân và bàn chân
T25.5,ăn mòn độ một tại cổ chân và bàn chân
X54,thiếu nước
X57,thiếu thốn không rõ đặc điểm
X58,phơi nhiễm các yếu tố khác có biết đặc điểm
X59,phơi nhiễm các yếu tố không rõ đặc điểm
X59.0,phơi nhiễm với yếu tố không rõ đặc điểm gây gãy xương
X59.9,phơi nhiễm với yếu tố không rõ đặc điểm và tổn thương không xác định
X60,cố ý tự đầu đọ c bằng và pho i nhiễm chất giảm đau hạ sốt và chống thấp khớp kho ng có thuốc phiẹ n
X61,cố tình tự đầu đọ c bằng và pho i nhiễm thuốc chống đọ ng kinh an thần ga y ngủ chống parkinson và thuốc ta m thần kho ng đu ợc xếp loại ở no i khác
X62,cố tình tự đầu đọ c bằng và pho i nhiễm thuốc me và hu ng phấn ta m thần ga y hoang tu ởng kho ng xếp loại ở chỗ khác
X63,cố tình tự đầu đọ c bằng và pho i nhiễm các thuốc khác tác dụng le n hẹ thống thần kinh tự đọ ng
X64,cố tình tự đầu đọ c bằng và pho i nhiễm các thuốc và sinh chất kho ng rõ đạ c điểm khác
X65,cố tình tự đầu đọ c bằng và pho i nhiễm dung mo i hữu co hydrocacbon halogen và ho i của chúng
X66,cố tình tự đầu đọ c bằng và pho i nhiễm dung mo i hữu co hydrocacbon halogen và ho i của chúng
X67,cố tình tự đầu đọ c bằng và pho i nhiễm các khí và ho i khác
X68,cố tình tự đầu đọ c bằng và pho i nhiễm chất diẹ t súc vạ t
X69,cố tình tự đầu đọ c bằng và pho i nhiễm các hóa chất và chất có hại khác kho ng rõ đạ c điểm
X70,cố tình tự hại bằng treo làm nghẹt và ngạt thở
X71,cố tình tự hại bằng nhảy xuống nu ớc trầm mình du ới nu ớc
X72,cố tình tự hại bằng đạn súng ngắn
X73,cố tình tự hại bằng súng trường súng dài ho n
X74,cố tình tự hại bằng súng khác kho ng rõ đạ c điểm
X75,cố tình tự hại bằng chất nổ
X76,cố tình tự hại bằng khói cháy và lửa
X77,cố tình tự hại bằng ho i nu ớc ho i nóng và vạ t nóng
X78,cố tình tự hại bằng vạ t nhọn
X79,cố tình tự hại bằng vạ t tầy
X80,cố tình tự hại bằng nhảy từ 1 chỗcao
X81,cố tình tự hại bằng nhẩy hay nằm ra tru ớc vạ t đang chuyển đọ ng
X82,cố tình tự hại bằng đa m xe đọ ng co
X83,cố tình tự hại bằng các phu o ng tiẹ n khác có biết đạ c điểm
X84,cố tình tự hại bằng các phu o ng tiẹ n kho ng rõ đạ c điểm
X85,tấn công bằng thuốc dược chất và chất sinh học
T63,nhiễm độc do tiếp xúc với động vật tiết nọc độc
T63.0,nhiễm độc nọc độc rắn
T63.1,nhiễm độc nọc độc của loài bò sát khác
T63.2,nhiễm độc nọc độc của bọ cạp
T63.3,nhiễm độc nọc độc nhện
T63.4,nhiễm độc nọc độc của các tiết túc khác
T63.5,tác dụng độc do tiếp xúc cá
T63.6,tác dụng độc do tiếp xúc với động vật biển khác
T63.8,tác dụng độc do tiếp xúc với xúc vật tiết nọc độc khác
T63.9,nhiễm độc do tiếp xúc vật tiết nọc độc chưa xác định
T64,nhiễm độc do thực phẩm nhiễm aflatoxin và độc tố nấm khác
T65,nhiễm độc do chất khác và chưa xác định
T65.0,nhiễm độc cyanid
T65.1,nhiễm độc strychnin và muối của nó
T65.2,nhiễm độc thuốc lá và nicotin
T65.3,nhiễm độc dẫn xuất nitro và amino của benzen và chất đồng đẳng
T65.4,nhiễm độc carbon disulfid
T65.5,nhiễm độc nitroglycerin và acid nitric và ester khác
T65.6,nhiễm độc sơn và thuốc nhuộm không xếp loại ở nơi khác
T65.8,nhiễm độc các chất đã xác định khác
T65.9,nhiễm độc các chất chưa xác định
T66,tác dụng chưa xác định của tia xạ
T67,tác dụng do nhiệt và ánh sáng
T67.0,đột quỵ do nhiệt và say nắng
T67.1,ngất do nhiệt
T67.2,chuột rút do nhiệt
T67.3,suy kiệt do nhiệt giảm tiết mồ hôi
T67.4,suy kiệt do nhiệt bởi mất muối
T67.5,suy kiệt do nhiệt chưa xác định
T67.6,mệt do nhiệt nhất thời
T67.7,phù do nhiệt
T67.8,tác động khác của nhiệt và ánh sáng
T67.9,tác động nhiệt và ánh sáng chưa xác định
T68,hạ nhiệt độ
T69,tác dụng khác của giảm nhiệt độ
T69.0,ngâm nước bàn tay và bàn chân
T69.1,bệnh cước
Y44.3,chất đối kháng chống đông máu vitamin k và các chất làm đông máu
Y44.4,thuốc chống huyết khối ức chế ngưng tụ tiểu cầu
Y44.5,thuốc làm tan huyết khối
Y44.6,máu tự nhiên và sản phẩm máu
J85.1,áp xe phổi có viêm phổi
J85.2,áp xe phổi không có viêm phổi
J85.3,áp xe trung thất
J86,mủ lồng ngực
J86.0,mủ lồng ngực có lỗ rò
J86.9,mủ lồng ngực không có lỗ rò
J90,tràn dịch màng phổi không phân loại nơi khác
J91,tràn dịch màng phổi trong bệnh phân loại nơi khác
J92,mảng màng phổi
J92.0,mảng màng phổi do amian
J92.9,mảng màng phổi không do amian
J93,tràn khí màng phổi
J93.0,tràn khí màng phổi tự phát có van
J93.1,các dạng tràn khí màng phổi tự phát khác
J93.8,các dạng tràn khí màng phổi khác
J93.9,tràn khí màng phổi không phân loại
J94,các bệnh màng phổi khác
J94.0,tràn dịch dưỡng trấp
J94.1,xơ hóa màng phổi
J94.2,tràn máu màng phổi
J94.8,các bệnh màng phổi xác định khác
J94.9,bệnh màng phổi không phân loại
J95,các bệnh hô hấp sau can thiệp thủ thuật chưa phân loại nơi khác
J95.0,rối loạn chức năng sau khi mở khí quản
J95.1,hở van động mạch phổi cấp tính sau phẫu thuật lồng ngực
J95.2,hở van động mạch phổi cấp tính sau phẫu thuật ngoài lồng ngực
J95.3,hở van động mạch phổi mãn tính sau phẫu thuật
J95.4,hội chứng mendelson
M01.1,viêm khớp do lao a18 0
M01.10,viêm khớp do lao a18 0 nhiều vị trí
M01.11,viêm khớp do lao a18 0 vùng bả vai
M01.12,viêm khớp do lao a18 0 cánh tay
M01.13,viêm khớp do lao a18 0 cẳng tay
M01.14,viêm khớp do lao a18 0 bàn tay
M01.15,viêm khớp do lao a18 0 vùng chậu và đùi
M01.16,viêm khớp do lao a18 0 cẳng chân
M01.17,viêm khớp do lao a18 0 cổ bàn chân
M01.18,viêm khớp do lao a18 0 vị trí khác
M01.19,viêm khớp do lao a18 0 vị trí không xác định
M01.2,viêm khớp trong bệnh lyme a69 2
T25.6,ăn mòn độ hai tại cổ chân và bàn chân
T25.7,ăn mòn độ ba tại cổ chân và bàn chân
T26,bỏng và ăn mòn giới hạn tại mắt và phần phụ của mắt
T26.0,bỏng tại mi mắt và vùng quanh nhãn cầu
T26.1,bỏng tại giác mạc và túi kết mạc
T26.2,bỏng với hậu quả gây vỡ và phá hủy nhãn cầu
T26.3,bỏng tại phần khác của mắt và phần phụ của mắt
T26.4,bỏng tại mắt và phần phụ của mắt phần chưa xác định
T26.5,ăn mòn tại mi mắt và vùng quanh nhãn cầu
T26.6,ăn mòn tại giác mạc và túi kết mạc
T26.7,ăn mòn với hậu quả gây vỡ và phá hủy nhãn cầu
T26.8,ăn mòn tại phần khác của mắt và phần phụ của mắt
T26.9,ăn mòn tại mắt và phần phụ mắt phần chưa xác định
T27,bỏng và ăn mòn đường hô hấp
T27.0,bỏng thanh quản và khí quản
T27.1,bỏng tác động thanh quản và khí quản với phổi
T27.2,bỏng phần khác của đường hô hấp
T27.3,bỏng đường hô hấp phần chưa xác định
T27.4,ăn mòn thanh quản và khí quản
T27.5,ăn mòn tác động thanh quản và khí quản với phổi
T27.6,ăn mòn phần khác của đường hô hấp
V88.4,người bị thương trong va chạm giữa ô tô và xe tải nặng không phải do giao thông
V88.5,người bị thương trong va chạm giữa xe tải nặng và bus không phải do giao thông
V88.6,người bị thương trong va chạm giữa tầu hỏa hay phương tiện đi trên ray với ô tô không phải giao thông
V88.7,người bị thương trong va chạm giữa các xe có động cơ biết rõ đặc điểm khác không phải giao thông
V88.8,người bị thương trong tai nạn giao thông biết rõ đặc điểm khác không có va chạm liên quan đến xe động cơ không phải do giao thông
V88.9,người bị thương trong tai nạn giao thông khác biết rõ đặc điểm có va chạm không có va chạm liên quan đến xe không động cơ không phải do giao thông
V89,tai nạn xe có hay không có động cơ không biết loại xe
V89.0,người bị thương trong tai nạn xe động cơ không biết rõ đặc điểm không phải do giao thông
V89.1,người bị thương trong tai nạn xe không có động cơ không rõ đặc điểm không phải do giao thông không phải do giao thông
V89.2,người bị thương trong tai nạn xe có động cơ không biết rõ đặc điểm giao thông
V89.3,người bị thương trong tai nạn xe không động cơ không biết rõ đặc điểm giao thông
X86,tấn công bằng chất ăn da
X87,tấn công bằng chất diệt súc vật
X88,tấn công bằng khí và hơi nước
X89,tấn công bằng hóa chất hay chất có hại khác biết rõ đặc điểm
X90,tấn công bằng hóa chất hay chất có hại không rõ đặc điểm
X91,tấn công bằng treo làm nghẹt ngạt thở
X92,tấn công bằng bỏ xuống nước làm ngập nước
Z74.8,các vấn đề khác liên quan đến phụ thuộc của bản thân vào người chăm sóc
Z74.9,vấn đề liên quan đến lệ thuộc của bản thân vào người chăm sóc không đặc hiệu
Z75,những vấn đề liên quan đến phương tiện y học và chăm sóc sức khỏe khác
Z75.0,các dịch vụ y học không có sẵn tại nhà
Z75.1,người chờ đợi được thu nhận vào một cơ sở thích hợp nào đó
Z75.2,giai đoạn chờ đợi để kiểm tra và điều trị
Z75.3,không sử dụng được và không tiếp cận được các phương tiện chăm sóc
Z75.4,không có sẵn hoặc không tiếp cận được với các cơ quan trợ giúp khác
Z75.5,chăm sóc trong ngày nghỉ
Z75.8,những vấn đề khác liên quan đến phương tiện y học và chăm sóc sức khỏe
Z75.9,vấn đề không đặc hiệu liên quan đến phương tiện y học và chăm sóc sức khỏe khác
Z76,những người đến cơ quan y tế trong những hoàn cảnh khác
Z76.0,chỉ định y lệnh tiếp
Z76.1,theo dõi sức khỏe và chăm sóc trẻ bị bỏ rơi
Z76.2,theo dõi sức khỏe và chăm sóc trẻ em khỏe mạnh khác
Z76.3,người khỏe đi theo người ốm
Z76.4,người nội trú khác trong cơ sở y tế
Z76.5,giả bệnh đóng giả có ý thức
Z76.8,người đến cơ sở y tế trong hoàn cảnh xác định khác
Z76.9,người đến cơ sở y tế trong hoàn cảnh không xác định
Z80,tiền sử gia đình có khối u ác tính
Z80.0,tiền sử gia đình có khối u ác tính ở cơ quan tiêu hóa
Z80.1,tiền sử gia đình có khối u ác tính ở khí quản phế quản và phổi
Z80.2,tiền sử gia đình có khối u ác tính ở các cơ quan hô hấp và trong lồng ngực khác
Z80.3,tiền sử gia đình có khối u ác tính ở vú
Z80.4,tiền sử gia đình có khối u ác tính ở cơ quan sinh dục
Z80.5,tiền sử gia đình có khối u ác tính ở đường tiết niệu
Z80.6,tiền sử gia đình có bệnh bạch cầu
Y44.7,chất thay thế huyết tương
Y44.9,chất khác và không rõ đặc điểm tác dụng lên các thành phần của máu
Y45,thuốc giảm đau hạ sốt và chống viêm
Y45.0,thuốc phiện và các chất giảm đau có liên quan
Y45.1,salicylat
Y45.2,dẫn xuất acid propionic
Y45.3,thuốc kháng viêm khác không phải steroid
Y45.4,chống thấp
Y45.5,dẫn xuất 4 aminophenol
Y45.8,thuốc giảm đau và hạ sốt khác
Y45.9,thuốc giảm đau hạ sốt và chống viêm không rõ đặc điểm
Y46,thuốc chống động kinh và parkinson
Y46.0,succinimid
Y46.1,oxazolidinedion
Y46.2,dẫn xuất hydantoin
Y46.3,deoxybarbiturat
Y46.4,iminostilben
Y46.5,acid valproic
Y46.6,thuốc chống động kinh khác và không rõ đặc điểm
Y46.7,thuốc chống parkinson
Y46.8,thuốc chống liệt cứng
Y47,thuốc an thần gây ngủ và chống lo lắng
Y47.0,barbiturat không được xếp loại ở nơi khác
Y47.1,benzodiazepin
Y47.2,dẫn xuất cloral
Y47.3,paraldehyd
Y47.4,chế phẩm brom
Y47.5,thuốc kết hợp an thần và gây ngủ không được xếp loại ở nơi khác
Y47.8,các thuốc an thần gây ngủ và chống lo lắng khác
Y47.9,thuốc an thần gây ngủ và chống lo lắng không rõ đặc điểm
Y48,khí gây mê và điều trị
Y48.0,thuốc gây mê hô hấp
Y48.1,thuốc gây mê tiêm
Y48.2,thuốc gây mê toàn thân khác và không rõ đặc điểm
Y48.3,thuốc tê tại chỗ
Y48.4,thuốc mê tê không rõ đặc điểm
Y48.5,khí điều trị
Y49,thuốc hướng thần không được xếp loại ở nơi khác
Y49.0,thuốc chống trầm cảm 3 vòng và 4 vòng
Y49.1,thuốc chống trầm cảm ức chế men monoamin oxidase
Y49.2,các thuốc chống trầm cảm khác và không rõ đặc điểm
Y49.3,ức chế tâm thần và an thần loại phenothiazin
Y49.4,an thần loại butyrophenon và thioxanthen
M01.20,viêm khớp trong bệnh lyme a69 2 nhiều vị trí
M01.21,viêm khớp trong bệnh lyme a69 2 vùng bả vai
M01.22,viêm khớp trong bệnh lyme a69 2 cánh tay
M01.23,viêm khớp trong bệnh lyme a69 2 cẳng tay
M01.24,viêm khớp trong bệnh lyme a69 2 bàn tay
M01.25,viêm khớp trong bệnh lyme a69 2 vùng chậu và đùi
V19.8,mọi người đạp xe bị thương trong các tai nạn giao thông khác có đặc điểm rõ
V19.9,mọi người đạp xe bị thương trong tai nạn giao thông không rõ đặc điểm
V20,lái xe mô tô bị thương khi va chạm với người đi bộ hay súc vật
V21,lái xe mô tô bị thương khi va chạm với xe đạp
V22,lái xe mô tô bị thương khi va chạm với mô tô 2 3 bánh
V23,lái xe mô tô bị thương khi va chạm với ô tô xe tải thu nhặt hay xe tải
V24,lái xe mô tô bị thương khi va chạm với xe tải nặng hay xe buýt
V25,lái xe mô tô bị thương khi va chạm với tầu hỏa ô tô ray
V26,lái xe mô tô bị thương khi va chạm với xe không động cơ khác
V27,lái xe mô tô bị thương khi va chạm với vật cố định hay tĩnh vật
V28,lái xe mô tô bị thương trong tngt không có va chạm
V29,người lái xe mô tô bị thương trong tngt khác không rõ đặc điểm
V29.0,lái xe bị thương khi va chạm với xe động cơ khác không rõ đặc điểm trong tai nạn không phải giao thông
V29.1,người ngồi xe bị thương khi va chạm với xe động cơ khác không rõ đặc điểm trong tai nạn không phải giao thông
S63.3,chấn thương đứt dây chằng cổ tay và khớp xương cổ tay
S63.4,chấn thương đứt dây chằng ngón tay tại xương đốt bàn tay ngón tay và khớp xương cổ tay và gian đốt ngón khớp
S63.5,bong gân và căng cơ cổ tay
S63.6,bong gân và căng cơ các ngón tay
S63.7,bong gân và căng cơ phần khác chưa xác định của bàn tay
S64,tổn thương dây thần kinh tầm cổ tay và bàn tay
S64.0,tổn thương dây thần kinh xương trụ tầm cổ tay và bàn tay
S64.1,tổn thương dây thần kinh giữa tầm cổ tay và bàn tay
S64.2,tổn thương dây thần kinh xương quay tầm cổ tay và bàn tay
S64.3,tổn thương dây thần kinh ngón tay của ngón tay cái
S64.4,tổn thương dây thần kinh ngón tay của ngón tay khác
S64.7,tổn thương đa dây thần kinh tại tầm cổ tay và bàn tays
S64.8,tổn thương dây thần kinh khác tại tầm cổ tay và bàn tay
S64.9,tổn thương dây thần kinh chưa xác định tầm cổ tay và bàn tay
S65,tổn thương mạch máu tại tầm cổ tay và bàn tay
S65.0,tổn thương động mạch xương trụ tại tầm cổ tay và bàn tay
S65.1,tổn thương động mạch quay tầm cổ tay và bàn tay
S65.2,tổn thương nông cung gan bàn tay
S65.3,tổn thương sâu cung gan bàn tay
T82.8,biến chứng khác của thiết bị tim và huyết quản nhân tạo cấy và ghép
T82.9,biến chứng không xác định của thiết bị nhân tạo của tim và mạch máu cấy ghép và ghép
T83,biến chứng của thiết bị nhân tạo cơ quan tiết niệu sinh dục cấy và ghép
T83.0,biến chứng cơ học của ống thông nước tiểu
T83.1,biến chứng cơ học của thiết bị tiết niệu khác và cấy
T83.2,biến chứng cơ học của ghép cơ quan tiết niệu
T83.3,biến chứng cơ học của thiết bị tránh thai trong tử cung
T83.4,biến chứng cơ học của thiết bị nhân tạo khác cấy và ghép trong đường sinh dục
T83.5,nhiễm trùng và phản ứng viêm do thiết bị nhân tạo cấy và ghép hệ thống tiết niệu
T83.6,nhiễm trùng và phản ứng viêm do thiết bị nhân tạo cấy và ghép đường sinh dục
T83.8,biến chứng của thiết bị nhân tạo tiết niệu sinh dục khác cấy và ghép
T83.9,biến chứng chưa xác định của thiết bị tiết niệu sinh dục nhân tạo cấy và ghép
T84,biến chứng của thiết bị chỉnh hình bên trong cấy và ghép
T84.0,biến chứng cơ học của khớp nhân tạo bên trong
Z03.1,theo dõi khi nghi ngờ u ác tính
Z03.2,theo dõi khi nghi ngờ các rối loạn tâm thần và hành vi
Z03.3,theo dõi khi nghi ngờ có rối loạn hệ thần kinh
Z03.4,theo dõi khi nghi ngờ có nhồi máu cơ tim
Z03.5,theo dõi khi nghi ngờ có các bệnh tim mạch khác
Z03.6,theo dõi khi nghi ngờ ảnh hưởng của độc tính trong thực phẩm
Z03.8,theo dõi khi nghi ngờ mắc bệnh và tình trạng bệnh khác
Z03.9,theo dõi khi nghi ngờ có bệnh hoặc tình trạng không đặc hiệu
Z04,khám và quan sát vì những lý do khác
Z04.0,xét nghiệm phát hiện rượu trong máu và ma túy trong máu
Z04.1,khám và theo dõi sau tai nạn giao thông
Z04.2,khám và theo dõi sau tai nạn lao động
Z04.3,khám và theo dõi sau tai nạn khác
Z04.4,khám và theo dõi sau cưỡng dâm và dụ dỗ
Z04.5,khám và theo dõi sau khi bị vết thương khác gây ra
Z04.6,khám tâm thần tổng quát do nhà chức trách yêu cầu
Z04.8,khám và theo dõi vì lý do xác định khác
Z04.9,khám và theo dõi vì lý do không xác định
Z08,khám theo dõi sau điều trị u ác tính
Z08.0,khám theo dõi sau phẫu thuật khối u ác tính
Z08.1,khám theo dõi sau điều trị xạ trị u ác tính
S65.4,tổn thương mạch máu ngòn tay cái
S65.5,tổn thương mạch máu ngón tay khác
S65.7,tổn thương đa mạch máu tại tầm cổ tay và bàn tay
S65.8,tổn thương mạch máu khác tại tầm cổ tay và bàn tay
S65.9,tổn thương mạch máu chưa xác định tại tầm cổ tay và bàn tay
S66,tổn thương cơ bắp và gân tại tầm cổ tay và bàn tay
S66.0,tổn thương cơ bắp gấp dài và gân ngón tay cái tại tầm cổ tay và bàn tay
S66.1,tổn thương cơ gấp và gân ngón tay khác tại tầm cổ tay và bàn tay
S66.2,tổn thương cơ duỗi và gân ngón tay cái tại tầm cổ tay và bàn tay
S66.3,tổn thương cơ duỗi và gân ngón tay khác tại tầm cổ tay và bàn tay
S66.4,tổn thương cơ nội tại và gân ngón tay cái tại tầm cổ tay và bàn tay
S66.5,tổn thương cơ nội tại và gân ngón tay khác tại tầm cổ tay và bàn tay
S66.6,tổn thương đa cơ gấp và gân tại tầm cổ tay và bàn tay
S66.7,tổn thương đa cơ duỗi và gân tại tầm cổ tay và bàn tay
S66.8,tổn thương cơ khác và gân tầm cổ tay và bàn tay
V29.2,lái xe mô tô không rõ đặc điểm bị thương khi va chạm với mô tô khác không rõ đặc điểm trong tai nạn không phải giao thông
V29.3,mọi lái xe mô tô bị thương trong tai nạn không phải giao thông không rõ đặc điểm
V29.4,lái xe bị thương khi va chạm với xe có động cơ khác không rõ đặc điểm trong tai nạn giao thông
V29.5,người ngồi xe bị thương khi va chạm với xe có động cơ khác không rõ đặc điểm trong tai nạn giao thông
V29.6,lái xe mô tô không rõ đặc điểm bị thương khi va chạm với xe có động cơ khác không rõ đặc điểm trong tai nạn giao thông
V29.8,mọi lái xe mô tô bị thương trong các tai nạn giao thông khác rõ đặc điểm
V29.9,mọi lái xe mô tô bị thương trong tai nạn giao thông không rõ đặc điểm
V30,người đi xe mô tô 3 bánh bị thương khi va chạm với người đi bộ hay súc vật
V31,người trên xe mô tô 3 bánh bị thương khi va chạm với xe đạp
V32,người trên xe mô tô 3 bánh bị thương khi va chạm với mô tô 2 hay 3 bánh
V33,người trên xe mô tô 3 bánh bị thương khi va chạm với ô tô xe tải thu nhặt và xe tải
V34,người trên xe mô tô 3 bánh bị thương khi va chạm với xe tải nặng hay xe buýt
V35,người trên xe mô tô 3 bánh bị thương khi va chạm với tầu hỏa hay ô tô ray
V36,người trên xe mô tô 3 bánh bị thương khi va chạm với xe có động cơ khác
V37,người trên xe mô tô 3 bánh bị thương khi va chạm với vật cố định hay tĩnh vật
V38,người trên xe mô tô 3 bánh bị thương trong tngt không có va chạm
V39,người trên xe mô tô 3 bánh bị thương trong tngt khác không rõ đặc điểm
V39.0,lái xe bị thương khi va chạm với xe có động cơ không rõ đặc điểm khác trong tai nạn không phải do giao thông
V39.1,người trên xe bị thương khi va chạm với xe có động cơ không rõ đặc điểm khác trong tai nạn không phải giao thông
V39.2,người ở trên mô tô 3 bánh không rõ đặc điểm bị thương khi va chạm với xe có động cơ không rõ đặc điểm khác trong tai nạn không phải giao thông
V39.3,mọi người trên xe mô tô 3 bánh bị thương trong tai nạn không rõ đặc điểm không phải tai nạn giao thông
V39.4,lái xe bị thương khi va chạm với xe có động cơ không rõ đặc điểm khác trong tai nạn giao thông
V39.5,người đi xe bị thương khi va chạm với xe có động cơ không rõ đặc điểm khác trong tai nạn giao thông
Z02.9,khám vì lý do hành chính không đặc hiệu
Z03,quan sát thăm khám khi nghi ngờ bệnh và những tình trạng nghi ngờ bệnh
Z03.0,theo dõi khi nghi ngờ mắc bệnh lao
T81.1,sốc kéo dài hoặc hậu quả từ thủ thuật không xếp loại ở nơi khác
T81.2,tai biến thủng và rách trong thủ thuật không xếp loại ở nơi khác
T81.3,thủng của vết mổ không xếp loại ở nơi khác
T81.4,nhiễm trùng sau thủ thuật không xếp loại ở nơi khác
T81.5,dị vật do vô ý để lại trong khoang cơ thể hoặc vết mổ sau khi thủ thuật
T81.6,phản ứng cấp tính do chất lạ vô ý để lại trong khi thủ thuật
T81.7,biến chứng huyết quản sau thủ thuật không xếp loại ở nơi khác
T81.8,biến chứng khác của thủ thuật không xếp loại ở nơi khác
T81.9,biến chứng sau thủ thuật chưa xác định
T82,biến chứng các thiết bị nhân tạo của tim và huyết quản cấy và ghép
T82.0,biến chứng cơ học của van tim nhân tạo
T82.1,biến chứng cơ học của thiết bị điện tử tại tim
T82.2,biến chứng cơ học của đường thay thế động mạch vành và van ghép
T82.3,biến chứng cơ học của ghép huyết quản khác
T82.4,biến chứng cơ học của ống thông thẩm tách huyết quản
T82.5,biến chứng cơ học của thiết bị tim mạch và cấy ghép khác
T82.6,nhiễm trùng và phản ứng viêm do van tim nhân tạo
T82.7,nhiễm trùng và phản ứng viêm do thiết bị tim mạch cấy ghép khác
S82.7,gãy xương tại cẳng chân
S82.70,gãy xương tại cẳng chân gãy kín
S82.71,gãy xương tại cẳng chân gãy hở
S82.8,gãy xương khác của cẳng chân
S82.80,gãy xương khác của cẳng chân gãy kín
S82.81,gãy xương khác của cẳng chân gãy hở
T93.1,di chứng gãy xương đùi
T93.2,di chứng gãy xương khác chi dưới
T93.3,di chứng sai khớp bong gân và căng cơ chi dưới
T93.4,di chứng tổn thương dây thần kinh chi dưới
T93.5,di chứng tổn thương cơ và gân chi dưới
T93.6,di chứng tổn thương dập nát và chấn thương cắt cụt chi dưới
T93.8,di chứng tổn thương khác đã xác định của chi dưới
T93.9,di chứng tổn thương chưa xác định của chi dưới
T94,di chứng tổn thương và chưa xác định vùng cơ thể
T94.0,di chứng tổn thương nhiều vùng cơ thể
T94.1,di chứng tổn thương chưa xác định vùng cơ thể
T95,di chứng bỏng ăn mòn và tổn thương do cóng lạnh
T95.0,di chứng bỏng ăn mòn và tổn thương do cóng lạnh tại đầu và cổ
T95.1,di chứng bỏng ăn mòn và tổn thương do cóng lạnh tại thân
T95.2,di chứng bỏng ăn mòn và tổn thương do cóng lạnh tại chi trên
T95.3,di chứng bỏng ăn mòn và tổn thương do cóng lạnh tại chi dưới
V79.1,người đi xe bị thương khi va chạm với xe có động cơ khác không rõ đặc điểm không phải do tai nạn giao thông
V79.2,người trên xe buýt bus không rõ đặc điểm bị thương khi va chạm với xe động cơ khác không rõ đặc điểm không phải do tai nạn giao thông
V79.3,người trên xe buýt bus bị thương không do tai nạn giao thông không rõ đặc điểm
V79.4,lái xe bị thương trong va chạm với xe động cơ không rõ đặc điểm khác trong tai nạn giao thông
V79.5,người đi xe bị thương trong va chạm với xe động cơ không rõ đặc điểm khác trong tai nạn giao thông
V79.6,người trên xe buýt bus không rõ đặc điểm bị thương khi va chạm với xe động cơ không rõ đặc điểm khác trong tai nạn giao thông
V79.8,người trên xe buýt bus bị thương trong tai nạn giao thông có biết đặc điểm
V79.9,người trên xe buýt bus bị thương trong tai nạn giao thông không rõ đặc điểm
V80,người cưỡi súc vật hay người trên xe súc vật kéo bị thương trong tngt
V80.0,người cưỡi súc vật hay người trên xe bị thương do ngã từ hay ném đi từ súc vật hay xe súc vật kéo trong tai nạn không có va chạm
V80.1,người cưỡi súc vật hay người trên xe bị thương do va chạm với người đi bộ hay súc vật
V80.2,người cưỡi súc vật hay người trên xe bị thương do va chạm với xe đạp
Z25,cần tiêm chủng phòng các bệnh virus khác
Z25.0,tiêm chủng phòng quai bị đơn độc
Z25.1,tiêm chủng phòng bệnh cúm
Z25.8,tiêm chủng phòng các bệnh virus đơn độc xác định khác
Z26,cần tiêm chủng phòng các bệnh nhiễm khuẩn đơn độc khác
Z26.0,tiêm chủng phòng lesmania
Z26.8,tiêm chủng phòng các bệnh nhiễm khuẩn đơn độc xác định khác
Z26.9,tiêm chủng phòng các bệnh nhiễm khuẩn không xác định
Z27,cần tiêm chủng phòng các bệnh nhiễm khuẩn phối hợp
Z27.0,tiêm chủng phòng tả kèm theo thương hàn phó thương hàn tả tab
Z27.1,tiêm chủng phòng bạch hầu uốn ván ho gà phối hợp dtp
Z27.2,tiêm chủng phòng bạch hầu uốn ván ho gà kèm theo thương hàn phó thương hàn dpt tab
Z27.3,tiêm chủng phòng bạch hầu uốn ván ho gà kèm bại liệt dpt bại liệt
Z27.4,tiêm chủng phòng sởi quai bị rubêôn mmr
Z27.8,tiêm chủng phòng các bệnh nhiễm khuẩn phối hợp khác
Z27.9,tiêm chủng phòng các bệnh nhiễm khuẩn phối hợp không đặc hiệu khác
Z28,chưa tiêm chủng
T95.4,di chứng bỏng ăn mòn xếp loại chỉ phụ thuộc phạm vi bề mặt cơ thể tổn thương
T95.8,di chứng bỏng ăn mòn và tổn thương do cóng lạnh khác đã xác định
T95.9,di chứng bỏng ăn mòn và tổn thương do cóng lạnh chưa xác định
T96,di chứng nhiễm độc thuốc dược phẩm và chất sinh học
T97,di chứng có tác động độc của chất nguồn chủ yếu không phải dược phẩm
T98,di chứng do tác động khác và chưa xác định của các nguyên nhân từ bên ngoài
T98.0,di chứng do tác động của dị vật vào qua lỗ tự nhiên
T98.1,di chứng do tác động khác và chưa xác định căn nguyên bên ngoài
T98.2,di chứng của một vài biến chứng sớm của chấn thương
T98.3,di chứng biến chứng phẫu thuật và chăm sóc y tế không xếp loại ở phần khác
V01,người đi bộ bị thương do va chạm với xe đạp
V02,người đi bộ bị thương do va chạm với xe mô tô 2 3 bánh
V03,người đi bộ bị thương do va chạm với ô tô xe tải thu nhặt xe tải
V04,người đi bộ bị thương do va chạm với xe tải hạng nặng xe buýt
V05,người đi bộ bị thương do va chạm với tầu hỏa ô tô ray
V06,người đi bộ bị thương do va chạm với xe không động cơ khác
V09,nđb bị thương trong những tai nạn tn xe cộ khác không xác định
V09.0,người đi bộ bị thương trong tai nạn không phải xe cộ bao gồm xe có động khác và không xác định
V09.1,người đi bộ bị thương trong tai nạn không phải xe cộ không xác định
V09.2,người đi bộ bị thương do tai nạn giao thông có sự tham gia của xe có động cơ khác không xác định
V09.3,người đi bộ bị thương trong tai nạn giao thông không xác định
V09.9,người đi bộ bị thương trong tai nạn giao thông không xác định
V10,người đi xe đạp bị thương vì va chạm với người đi bộ hay súc vật
V11,người đi xe đạp bị thương khi va chạm với người đạp xe đạp khác
V12,người đi xe đạp bị thương do va chạm với mô tô 2 3 bánh
V13,người đi xe đạp bị thương khi va chạm với ô tô xe tải thu góp và xe tải
V14,người đi xe đạp bị thương khi va chạm với xe tải hay xe buýt
V15,người đi xe đạp bị thương khi va chạm với tầu hỏa ô tô ray
V16,người đi xe đạp bị thương khi va chạm với xe không động cơ khác
V17,người đi xe đạp bị thương khi va chạm với vật cố định hay tĩnh vật
V18,người đi xe đạp bị thương trong tai nạn xe cộ không có va chạm
Z28.0,chưa tiêm chủng do chống chỉ định
Z28.1,chưa tiêm chủng do người bệnh chưa quyết định vì lòng tin hay áp lực của nhóm
Z28.2,chưa tiêm chủng do người bệnh chưa quyết định và những lý do không xác định khác
Z28.8,chưa tiêm chủng vì những lý do không xác định
Z28.9,chưa tiêm chủng vì lý do không xác định
Z29,cần có các biện pháp phòng bệnh khác
Z29.0,cách ly
Z29.1,miễn dịch liệu pháp dự phòng
Z29.2,hóa trị liệu dự phòng khác
Z29.8,các biện pháp dự phòng đặc hiệu khác
Z29.9,biện pháp dự phòng không đặc hiệu
Z30,tránh thai
Z30.0,tư vấn tổng quát và lời khuyên về tránh thai
Z30.1,đặt dụng cụ tránh thai trong tử cung
Z30.2,triệt sản
Z30.3,hút kinh nguyệt
Z30.4,theo dõi sử dụng thuốc tránh thai
Z30.5,theo dõi dụng cụ tránh thai trong tử cung
Z30.8,quản lí tránh thai khác
Z30.9,quản lí tránh thai không đặc hiệu
Z31,quản lý sinh sản
Z31.0,tái tạo vòi trứng hay ống dẫn tinh sau khi dùng biện pháp triệt sản trước đó
Z31.1,thụ tinh nhân tạo
Z31.2,thụ tinh trong ống nghiệm
Z31.3,các phương pháp hỗ trợ sinh sản khác
Z31.4,thăm khám lượng giá và xét nghiệm sinh sản
Z31.5,tư vấn về gen
Z31.6,tư vấn tổng quát và lời khuyên về sinh sản
Z31.8,quản lí sinh sản khác
Z31.9,quản lý sinh sản không đặc hiệu
Z32,thăm khám và xét nghiệm xác định có thai
Z32.0,có thai chưa khẳng định
Z32.1,có thai đã được khẳng định
Z33,tình trạng có thai tình cờ
Z34,theo dõi thai bình thường
Z34.0,theo dõi thai bình thường lần đầu
Z34.8,theo dõi thai bình thường khác
Z34.9,theo dõi thai bình thường không đặc hiệu
Z35,theo dõi thai có nguy cơ cao
Z35.0,theo dõi thai phụ có tiền sử vô sinh
Z35.1,theo dõi thai phụ có tiền sử sảy thai
T73.8,tác động khác của thiếu hụt
T73.9,tác dụng thiếu hụt chưa xác định
T74,hội chứng đối xử sai trái
T74.0,sao nhãng hoặc từ bỏ
T74.1,lạm dụng thể lực
T74.2,lạm dụng tình dục
T74.3,lạm dụng tâm lý học
T74.8,hội chứng đối xử sai trái khác
T74.9,hội chứng đối xử sai trái chưa xác định
T75,tác động của các nguyên nhân bên ngoài khác
T75.0,tác động của tia chớp sét
T75.1,đuối và bị nhấn chìm không chết
T75.2,tác động của chấn động
T75.3,chuyển động gây bệnh
T75.4,tác động của dòng điện
T75.8,tác động đã xác định khác của căn nguyên bên ngoài
T78,tác động phụ không xếp loại ở nơi khác
T78.0,sốc phản vệ do phản ứng phụ của thực phẩm
T78.1,phản ứng phụ khác của thực phẩm không xếp loại ở nơi khác
T78.2,sốc phản vệ chưa xác định
T78.3,phù nề do rối loạn thần kinh huyết quản
T78.4,dị ứng chưa xác định
T78.8,tác dụng phụ khác không xếp loại ở nơi khác
T78.9,tác dụng phụ chưa xác định
T79,một vài biến chứng sớm của chấn thương không xếp loại ở nơi khác
T79.0,nghẽn mạch không khí chấn thương
T79.1,nghẽn mạch mỡ chấn thương
T79.2,chấn thương thứ phát và chảy máu tái phát
T79.3,nhiễm trùng vết thương sau chấn thương không xếp loại ở nơi khác
T79.4,sốc chấn thương
T79.5,vô niệu do chấn thương
T79.6,thiếu máu của cơ do chấn thương
T79.7,khí thũng do chấn thương
T79.8,biến chứng sớm khác của chấn thương
T79.9,biến chứng sớm chưa xác định của chấn thương
T80,biến chứng huyết quản sau tiêm truyền truyền máu và tiêm thuốc
T80.0,nghẽn mạch không khí sau tiêm truyền truyền máu và tiêm thuốc
T80.1,biến chứng huyết quản sau tiêm truyền truyền máu và tiêm thuốc
T80.2,nhiễm trùng sau tiêm truyền truyền máu và tiêm thuốc
T80.3,phản ứng tương tác abo
T80.4,phản ứng tương tác rh
V19,người đi xe đạp bị thương trong những tai nạn xe cộ khác không rõ đặc điểm
V19.0,người lái xe bị thương khi va chạm với xe động cơ khác không rõ đặc điểm trong tai nạn không phải do tai nạn giao thông
V19.1,hành khách bị thương khi va chạm với xe động cơ khác không rõ đặc điểm trong tai nạn không phải do giao thông
Y88,di chứng của chăm sóc ngoại khoa và nội khoa như là nguyên nhân bên ngoài
Y88.0,di chứng của tác dụng ngược lại của thuốc dược chất hay sinh chất dùng trong điều trị
Y88.1,di chứng trong rủi ro của bệnh nhân trong thủ thuật nội ngoại khoa
Y88.2,di chứng của tác dụng phụ liên quan đến sử dụng thiết bị y tế trong chẩn đoán và điều trị
Y88.3,di chứng của thủ thuật nội ngoại khoa coi như là nguyên nhân của phản ứng bất thường ở người bệnh hay biến chứng sau này mà không thấy rõ rủi ro trong lúc tiến hành thủ thuật
Y89,di chứng của các nguyên nhân bên ngoài khác
Y89.0,di chứng của can thiệp hợp pháp
Y89.1,di chứng của hoạt động chiến tranh
Y89.9,di chứng của nguyên nhân bên ngoài không xác định chính xác
Y90,bằng chứng liên quan đến rượu xác định bằng mức cồn trong máu
Y90.0,mức cồn trong máu dưới 20 mg 100 ml
Y90.1,mức cồn trong máu ở 20 39mg 100 ml
Y90.2,mức cồn trong máu ở 40 59mg 100 ml
Y90.3,mức cồn trong máu ở 60 79mg 100 ml
Y90.4,mức cồn trong máu ở 80 99mg 100 ml
Y90.5,mức cồn trong máu ở 100 119mg 100 ml
Y90.6,mức cồn trong máu ở 120 119mg 100 ml
Y90.7,mức cồn trong máu ở 220 239mg 100 ml
Y90.8,mức cồn trong máu ở 240mg ml hay hơn
Y90.9,có cồn trong máu không rõ mức độ
Y91,bằng chứng liên quan đến rượu xác định bằng mức độ nhiễm độc
Y91.0,nhiễm độc rượu nhẹ
Y91.1,nhiễm độc rượu trung bình
Y91.2,nhiễm độc rượu nặng
Y91.3,nhiễm độc rượu rất nặng
Y91.9,có liên quan đến rượu không đặc hiệu
Y95,điều kiện bệnh viện
Y96,điều kiện liên quan đến lao động
Y97,điều kiện liên quan đến ô nhiễm môi trường
Y98,điều kiện liên quan đến cách sống
Z00,khám tổng quát và kiểm tra sức khỏe cho những người không có điều gì than phiền về sức khỏe hoặc những người đã có chẩn đoán
Z35.2,theo dõi thai phụ có tiền sử chửa khó hoặc đẻ khó
Z35.3,theo dõi thai phụ có tiền sử chăm sóc trước sinh không đầy đủ
Z35.4,theo dõi thai với các bà mẹ đẻ nhiều lần
Z35.5,theo dõi thai lần đầu ở người nhiều tuổi
T80.5,sốc phản vệ do huyết thanh
T80.6,phản ứng huyết thanh khác
T80.8,biến chứng khác sau tiêm truyền truyền máu và tiêm thuốc
T80.9,biến chứng khác sau tiêm truyền truyền máu và tiêm thuốc chưa xác định
T81,biến chứng của thủ thuật không xếp loại ở nơi khác
T81.0,biến chứng chảy máu và tụ máu do thủ thuật không xếp loại ở nơi khác
Y51.5,chất ưu tiên trên cảm thụ adrenergic không xếp loại ở nơi khác
Y51.6,chất đối kháng cảm thụ adrenalin không xếp loại ở nơi khác
Y51.7,chất đối kháng cảm thụ không xếp loại nơi khác
Y51.8,chất hoạt động ở trung ương và chẹn hệ adrenergic không xếp loại chỗ khác
Y51.9,thuốc khác không rõ đặc điểm tác dụng trước hết lên hệ thần kinh tự động
Y52,thuốc tác dụng chủ yếu lên hệ tim mạch
Y52.0,glycosid kích thích tim và thuốc có tác dụng tương tự
Y52.1,thuốc chẹn kênh calci
Y52.2,các thuốc chống loạn nhịp khác không xếp loại chỗ khác
Y52.3,dãn mạch vành không xếp loại chỗ khác
Y52.4,chất ức chế men chuyển angiotensin
Y52.5,các thuốc chống tăng huyết áp khác không xếp loại chỗ khác
Y52.6,thuốc chống tăng mỡ máu và chống xơ động mạch
Y52.7,thuốc dãn mạch ngoại vi
Y52.8,thuốc chống dãn tĩnh mạch bao gồm chất gây xơ
Y52.9,thuốc khác và không rõ đặc điểm tác dụng trước tiên lên hệ tim mạch
Y53,thuốc tác dụng chủ yếu đến hệ tiêu hóa
Y53.0,chất đối kháng thụ thể histamln h2
Y53.1,thuốc kháng acid và kháng tiết toan dạ dày khác
Y53.2,kích thích nhuận tràng
Y53.3,nhuận tràng muối và thẩm thấu
Y53.4,nhuận tràng khác
Y53.5,thuốc lợi tiểu hóa
Y53.6,thuốc chống ỉa chảy
Y53.7,gây nôn
Y53.8,thuốc khác tác dụng trước hết lên hệ tiêu hóa
Y53.9,thuốc không rõ đặc điểm tác dụng trước hết lên hệ tiêu hóa
Y54,chất tác dụng trước hết lên cồn bằng nước và chuyển hóa chất khóang và acid uric
Y54.0,corticoiid chuyển hóa muối nước
Y54.1,thuốc đối kháng corticod chuyển hóa muối nước đối kháng aldosteron
Y54.2,ức chế carbonic anhydrase
Z00.0,khám sức khỏe tổng quát
Z00.1,khám trẻ em thường quy
Z00.2,khám thời kỳ phát triển nhanh của trẻ
Z00.3,khám tình trạng phát triển ở tuổi thanh thiếu niên
Z00.4,khám tâm thần tổng quát chưa được phân loại ở phần khác
Z00.5,khám cho người muốn hiến tạng và mô
Z00.6,khám để so sánh bình thường và đối chứng trong chương trình nghiên cứu lâm sàng
Z00.8,các loại khám tổng quát khác
Z01,khám đặc biệt và kiểm tra sức khỏe khác cho những người không có điều gì than phiền về sức khỏe hay đã có chẩn đoán trước
Z01.0,khám mắt và thị lực
Z01.1,khám tai và thính lực
Z01.2,khám răng
Z01.3,đo huyết áp
Z01.4,khám phụ khoa tổng quát thường kỳ
Z01.5,chẩn đoán về da và các test mẫn cảm
Z01.6,khám điện quang chưa được phân loại ở phần khác
Z01.7,xét nghiệm cận lâm sàng
Z01.8,các khám xét đặc biệt xác định khác
Z01.9,khám xét đặc biệt không đặc hiệu
Z02,khám vì lý do hành chính
Z02.0,khám để nhập trường học
Z02.1,khám trước khi nhận công tác
Z02.2,khám để nhập vào nơi cư trú
Z02.3,khám tuyển quân
Z02.4,khám để chứng nhận giấy phép lái xe
Z02.5,khám để tham gia thể thao
Z02.6,khám vì lý do bảo hiểm
Z02.7,cấp giấy chứng nhận y học
Z02.8,các khám khác vì lý do hành chính
S82.9,gãy xương cẳng chân phần chưa xác định
S82.90,gãy xương cẳng chân phần chưa xác định gãy kín
S82.91,gãy xương cẳng chân phần chưa xác định gãy hở
S83,sai khớp bong gân và căng cơ khớp và dây chằng đầu gối
S83.0,sai khớp xương bánh chè
S83.1,sai khớp gối
S83.2,vết rách sụn chêm hiện tại
S83.3,rách khớp sụn đầu gối hiện tại
S83.4,bong gân và căng cơ xương mác xương chày tổn thương phụ dây chằng khớp gối
S83.5,bong gân và căng cơ phía trước phía sau tổn thương dây chằng chéo khớp gối
S83.6,bong gân và căng cơ phần khác và chưa xác định khớp gối
Y54.3,dẫn xuất benzothladiazin
Y54.4,lợi tiểu vòng
Y54.5,thuốc lợi tiểu khác
Y54.6,chất cân bằng điện giải năng lượng và nước
Y54.7,chất ảnh hưởng calci hóa
Y54.8,chất ảnh hưởng tới chuyển hóa acid uric
Y54.9,muối khóang không xếp loại chỗ khác
Y55,chất tác dụng trước lên cơ trơn cơ vân và hệ hô hấp
Y55.0,thuốc trợ đẻ oxytocin
Y55.1,thuốc dãn cơ vân chất chẹn thần kinh cơ
Y55.2,thuốc khác không rõ đặc điểm tác dụng đầu tiên lên cơ
Y55.3,chống ho
Y55.4,gây long đờn
Y55.5,thuốc chống cảm cúm
Y55.6,chống hen không xếp chỗ khác
Y55.7,thuốc khác và không rõ đặc điểm tác dụng trước hết lên hệ hô hấp
Y56,tác dụng tại chỗ trước hết lên da và niêm mạc và thuốc mắt tai mũi họng răng
Y56.0,thuốc tại chỗ chống nấm chống nhiễm khuẩn và chống viêm không xếp loại chỗ khác
Y56.1,chống ngứa
Y56.2,gây se tại chỗ tẩy tại chỗ
Y56.3,làm mềm làm dịu bảo vệ
Y56.4,thuốc và chế phẩm phân giải keratin tạo keratin và chữa tóc khác
Y56.5,thuốc và chế phẩm nhãn khoa
Y56.6,thuốc và chế phẩm tai mũi họng
Y56.7,thuốc răng dùng tại chỗ
Y56.8,các thuốc tại chỗ khác
Y56.9,thuốc tại chỗ không rõ đặc điểm
Y57,thuốc và dược chất khác không đặc hiệu
Y57.0,giảm ngon miệng làm chán ăn
Y57.1,thuốc hướng mỡ
Y57.2,chất giải độc và chất chelating không xếp loại chỗ khác
U07.3,sử dụng mã u07 3 trong cấp cứu
U07.4,sử dụng mã u07 4 trong cấp cứu
U07.5,sử dụng mã u07 5 trong cấp cứu
U07.6,sử dụng mã u07 6 trong cấp cứu
U07.7,sử dụng mã u07 7 trong cấp cứu
U07.8,sử dụng mã u07 8 trong cấp cứu
U07.9,sử dụng mã u07 9 trong cấp cứu
U82,kháng kháng sinh họ betalactam
U82.0,kháng penicillin
U82.1,kháng methicillin
U82.8,kháng kháng sinh họ betalactam khác
S83.7,tổn thương đa cấu trúc khớp gối
S84,tổn thương dây thần kinh tại tầm cẳng chân
S84.0,tổn thương dây thần kinh xương chày tại tầm cẳng chân
S84.1,tổn thương dây thần kinh xương mác tại tầm cẳng chân
S84.2,tổn thương dây thần kinh xương cảm giác da tại tầm cẳng chân
S84.7,tổn thương đa dây thần kinh tại tầm cẳng chân
S84.8,tổn thương dây thần kinh khác tại tầm cẳng chân
S84.9,tổn thương dây thần kinh chưa xác định tầm cẳng chân
S85,tổn thương mạch máu tại tầm cẳng chân
S85.0,tổn thương động mạch kheo
S85.1,tổn thương phía trước phía sau động mạch xương chày
S85.2,tổn thương động mạch xương mác
S85.3,tổn thương tĩnh mạch hiển lớn tại tầm cẳng chân
S85.4,tổn thương tĩnh mạch hiển nhỏ tại tầm cẳng chân
S85.5,tổn thương tĩnh mạch kheo
S85.7,tổn thương đa mạch máu tại tầm cẳng chân
S85.8,tổn thương mạch máu khác tại tầm cẳng chân
S85.9,tổn thương mạch máu chưa xác định tại tầm cẳng chân
S86,tổn thương cơ bắp và gân tại tầm cẳng chân
S86.0,tổn thương gân gót achilles
S86.1,tổn thương cơ khác và gân nhóm cơ sau tại tầm cẳng chân
S86.2,tổn thương cơ khác và gân nhóm cơ trước tại tầm cẳng chân
S86.3,tổn thương cơ bắp và gân nhóm cơ trước tại tầm cẳng chân
S86.7,tổn thương đa cơ và gân tại tầm cẳng chân
S86.8,tổn thương cơ khác và gân tại tầm cẳng chân
S86.9,tổn thương cơ chưa xác định và gân tầm cẳng chân
S87,tổn thương dập nát tại cẳng chân
S87.0,tổn thương dập nát khớp gối
S87.8,tổn thương dập nát phần khác chưa xác định của cẳng chân
S88,chấn thương cắt cụt tầm khớp gối
S88.0,chấn thương cắt cụt tầm khớp gối
S88.1,chấn thương cắt cụt tầm giữa khớp gối và cổ chân
S88.9,chấn thương cắt cụt cẳng chân tầm chưa xác định
S89,tổn thương khác và chưa xác định tại cẳng chân
S89.7,đa tổn thương tại cẳng chân
S89.8,tổn thương xác định khác tại cẳng chân
S89.9,tổn thương chưa xác định tại cẳng chân
U82.9,kháng kháng sinh họ betalactam không đặc hiệu
U83,kháng các kháng sinh khác
U83.0,kháng vancomycin
U83.1,kháng các kháng sinh thuộc họ vancomycin khác
U83.2,kháng nhóm quinolon
U83.7,kháng đa kháng sinh
U83.8,kháng một loại kháng sinh xác định khác
U83.9,kháng kháng sinh không xác định
U84,kháng các thuốc kháng sinh khác
U84.0,kháng các thuốc diệt ký sinh trùng
U84.1,kháng các thuốc chống nấm
U84.2,kháng các thuốc diệt virus
U84.3,kháng các thuốc chống lao
U84.7,kháng đa thuốc kháng vi sinh vật
U84.8,kháng thuốc kháng vi sinh vật xác định khác
U84.9,kháng các thuốc kháng vi sinh vật không xác định
U85,kháng các thuốc kháng ung thư
S62.20,gãy xương đốt đầu bàn tay gãy kín
S62.21,gãy xương đốt đầu bàn tay gãy hở
S62.3,gãy xương đốt khác bàn tay
S62.30,gãy xương đốt khác bàn tay gãy kín
S62.31,gãy xương đốt khác bàn tay gãy hở
S62.4,gãy nhiều xương đốt bàn tay
S62.40,gãy nhiều xương đốt bàn tay gãy kín
S62.41,gãy nhiều xương đốt bàn tay gãy hở
S62.5,gãy xương ngón tay cái
S62.50,gãy xương ngón tay cái gãy kín
S62.51,gãy xương ngón tay cái gãy hở
S62.6,gãy xương các ngón tay khác
S62.60,gãy xương các ngón tay khác gãy kín
S62.61,gãy xương các ngón tay khác gãy hở
S62.7,gãy nhiều xương ngón tay
S62.70,gãy nhiều xương ngón tay gãy kín
S62.71,gãy nhiều xương ngón tay gãy hở
S62.8,gãy xương khác và phần chưa xác định cổ tay và bàn tay
S62.80,gãy xương khác và phần chưa xác định cổ tay và bàn tay gãy kín
S62.81,gãy xương khác và phần chưa xác định cổ tay và bàn tay gãy hở
S63,sai khớp bong gân và căng cơ của khớp và dây chằng tầm cổ tay và bàn tay
S63.0,sai khớp cổ tay
S63.1,sai khớp ngón tay
S63.2,sai khớp nhiều ngón tay
S90,tổn thương nông tại cổ chân và bàn chân
S90.0,đụng giập tại cổ chân
S90.1,đụng giập ngón chân không có tổn thương móng
S90.2,đụng giập ngón chân có tổn thương móng
S90.3,đụng giập phần khác và chưa xác định tại bàn chân
S90.7,đa tổn thương nông tại cổ chân và bàn chân
S90.8,tổn thương nông khác tại cổ chân và bàn chân
S90.9,tổn thương nông tại cổ chân và bàn chân chưa xác định
S91,vết thương hở tại cổ chân và bàn chân
S91.0,vết thương hở tại cổ chân
S91.1,vết thương hở tại ngón chân không có tổn thương móng
V19.2,người đi xe đạp không rõ đặc điểm bị thương khi va chạm với xe có động cơ khác không rõ đặc điểm trong tai nạn không phải xe cộ
V19.3,mọi người đạp xe bị thương trong tai nạn không phải xe cộ không rõ đặc điểm
V19.4,lái xe bị thương khi va chạm với xe có động cơ khác không rõ đặc điểm trong tai nạn giao thông
V19.5,người đi xe bị thương khi va chạm với xe có động cơ khác không rõ đặc điểm trong tai nạn giao thông
V19.6,người đạp xe không rõ đặc điểm bị thương khi va chạm với xe có động cơ khác không rõ đặc điểm trong tai nạn giao thông
Y76,dụng cụ sản phụ khoa kết hợp với tai biến
Y77,dụng cụ mắt kết hợp với tai biến
Y78,dụng cụ điện quang kết hợp với tai biến
Y79,dụng cụ chỉnh hình kết hợp với tai biến
Z23.4,tiêm chủng phòng tularemia
Z23.5,tiêm chủng phòng uốn ván đơn độc
Z23.6,tiêm chủng phòng bạch hầu đơn độc
Z23.7,tiêm chủng phòng ho gà đơn độc
Z23.8,tiêm chủng phòng bệnh nhiễm khuẩn đơn thuần khác
Z24,cần tiêm chủng phòng một số bệnh virus đơn thuần
Z24.0,tiêm chủng phòng bại liệt
Z24.1,tiêm chủng phòng viêm não virus do tiết túc mang
Z24.2,tiêm chủng phòng bệnh dại
Z24.3,tiêm chủng phòng sốt vàng da
Z24.4,tiêm chủng phòng sởi đơn độc
Z24.5,tiêm chủng phòng rubêôn đơn độc
Z24.6,tiêm chủng phòng viêm gan virus
S97.8,tổn thương dập nát tại phần khác của cổ chân và bàn chân
S98,chấn thương cắt cụt cổ chân và bàn chân
S98.0,chấn thương cắt cụt bàn chân tại tầm cổ chân
S98.1,chấn thương cắt cụt một ngón chân
S98.2,chấn thương cắt cụt hai hoặc nhiều ngón chân
S98.3,chấn thương cắt cụt phần khác của bàn chân
S98.4,chấn thương cắt cụt bàn chân tại tầm chưa xác định
S99,tổn thương khác và chưa xác định của cổ chân và bàn chân
S99.7,đa tổn thương tại cổ chân và bàn chân
S99.8,tổn thương khác đã xác định tại cổ chân và bàn chân
S99.9,tổn thương chưa xác định tại cổ chân và bàn chân
T00,tổn thương nông tác động nhiều vùng cơ thể
T00.0,tổn thương nông tác động đầu với cổ
T00.1,tổn thương nông tác động ngực với bụng lưng dưới và khung chậu
T00.2,tổn thương nông tác động nhiều vùng chi trên
T00.3,tổn thương nông tác động nhiều vùng chi dưới
T00.6,tổn thương nông tác động nhiều vùng chi trên và chi dưới
T00.8,tổn thương nông tác động kết hợp khác các vùng cơ thể
T00.9,nhiều tổn thương nông chưa xác định
T01,vết thương hở tác động nhiều vùng cơ thể
T01.0,vết thương hở tác động đầu với cổ
T01.1,vết thương hở tác động ngực với bụng dưới lưng và khung chậu
V62,người trên xtn bị thương khi va chạm với mô tô 2 hay 3 bánh
T01.2,vết thương hở ở tác động nhiều vùng của chi trên
T01.3,vết thương hở tác động của nhiều vùng của chi dưới
Y80,dụng cụ y tế kết hợp với tai biến
Y81,dụng cụ phẫu thuật chung và tạo hình kết hợp với tai biến
Y82,dụng cụ khác và không rõ đặc điểm kết hợp với tai biến
Y83,phẫu thuật và các thủ thuật ngoại khoa khác là nguyên nhân của phản ứng bất thường của bệnh nhân hay biến chứng sau này mà không được nêu ra là rủi ro tại thời điểm thực hiện
Y83.0,tai biến do phẫu thuật ngoại khoa với ghép toàn bộ 1 tạng phủ
Y83.1,tai biến do phẫu thuật ngoại khoa với ghép một dụng cụ nhân tạo
Y83.2,tai biến do phẫu thuật ngoại khoa với khâu nối bắc cầu hay ghép
Y83.3,tai biến do phẫu thuật ngoại khoa với thực hiện một lỗ thông ra ngoài
Y83.4,tai biến do phẫu thuật ngoại khoa tái tạo khác
Y83.5,tai biến do phẫu thuật ngoại khoa cắt cụt nhiều chi
Y83.6,tai biến do phẫu thuật ngoại khoa cắt bỏ cơ quan khác 1 phần toàn bộ
Y83.8,tai biến do phẫu thuật ngoại khoa khác
Y83.9,tai biến do phẫu thuật ngoại khoa chưa xác định chính xác
Y84,các thủ thuật nội khoa khác là nguyên nhân của phản ứng bất thường ở người bệnh hay biến chứng sau này mà không nêu rõ vấn đề rủi ro trong lúc tiến hành thủ thuật
Y84.0,tai biến do thông tim
Y84.1,tai biến do chạy thận nhân tạo
Y84.2,tai biến do thủ thuật điện quang điều trị tia xạ
Y84.3,tai biến do liệu pháp sốc
Y84.4,tai biến do hút dịch
Y84.5,tai biến do đặt ống thông dạ dày hay tá tràng
Y84.6,tai biến do thông tiểu thông đái
Y84.7,tai biến do lấy mẫu máu
Y84.8,tai biến do các thủ thuật nội khoa khác
Y84.9,tai biến do thủ thuật nội khoa không xác định khác
Y85,di chứng của tai nạn giao thông
Y85.0,di chứng của tai nạn xe động cơ
Y85.9,di chứng của các tại nạn giao thông khác và không rõ đặc điểm
Y86,di chứng của các tai nạn khác
Y87,dc của cố ý tự hại tấn công hay biến cố không rõ đặc điểm
Y87.0,di chứng của cố ý tự hại
Y87.1,di chứng của tấn công
Y87.2,di chứng của biến cố không xác định được
S75,tổn thương mạch máu tại tầm háng và đùi
S75.0,tổn thương động mạch đùi
S75.1,tổn thương tĩnh mạch đùi tại tầm háng và đùi
T01.6,vết thương hở với tác động của nhiều vùng chi trên và chi dưới
T01.8,vết thương hở tác động kết hợp khác của nhiều vùng cơ thể
T01.9,đa vết thương hở chưa xác định
T02,gãy xương tác động nhiều vùng cơ thể
T02.0,gãy xương tác động đầu với cổ
T02.1,gãy xương tác động ngực dưới lưng và khung chậu
T02.2,gãy xương tác động nhiều vùng của một chi trên
T02.3,gãy xương tác động nhiều vùng của một chi dưới
T02.4,gãy xương tác động nhiều vùng của cả hai chi trên
T02.5,gãy xương tác động nhiều vùng của cả hai chi dưới
T02.6,gãy xương tác động nhiều vùng của chi trên và chi dưới
T02.7,gãy xương tác động ngực với lưng dưới và khung chậu với chi
T02.8,gãy xương tác động kết hợp khác của nhiều vùng cơ thể
T02.9,gãy xương nhiều vị trí chưa xác định
T03,sai khớp bong gân căng cơ tác động của nhiều vùng cơ thể
T03.0,sai khớp bong gân căng cơ tác động của nhiều vùng cơ thể
T03.1,sai khớp bong gân căng cơ tác động của ngực với lưng dưới và khung chậu
T03.2,sai khớp bong gân căng cơ tác động nhiều vùng chi trên
T03.3,sai khớp bong gân căng cơ tác động nhiều của vùng chi dưới
T03.4,sai khớp bong gân căng cơ tác động của nhiều vùng của chi trên và chi dưới
T03.8,sai khớp bong gân căng cơ tác động kết hợp khác của các vùng cơ thể
T03.9,nhiều sai khớp bong gân căng cơ chưa xác định
T04,tổn thương dập nát tác động nhiều vùng cơ thể
T04.0,tổn thương dập nát tác động đầu với cổ
T04.1,tổn thương dập nát tác động ngực với bụng lưng dưới và khung chậu
T04.2,tổn thương giập nát tác động nhiều vùng của chi trên
T04.3,tổn thương dập nát tác động nhiều vùng các chi dưới
T04.4,tổn thương dập nát tác động nhiều vùng của các chi trên và các chi dưới
T04.7,tổn thương dập nát của ngực với bụng lưng dưới và khung chậu với các chi
T04.8,tổn thương dập nát tác động kết hợp các vùng cơ thể
V60,người trên xtn bị thương khi va chạm với người đi bộ hay súc vật
V61,người trên xtn bị thương khi va chạm với xe đạp
Z08.2,khám theo dõi sau hóa trị liệu u ác tính
Z08.7,khám theo dõi sau điều trị phối hợp u ác tính
Z08.8,khám theo dõi sau điều trị khác của u ác tính
Z08.9,khám theo dõi sau điều trị không đặc hiệu của u ác tính
Z09,khám theo dõi sau điều trị các tình trạng bệnh khác đi kèm với khối u ác tính
Z09.0,khám theo dõi sau phẫu các tình trạng khác
Z09.1,khám theo dõi sau xạ trị liệu các tình trạng khác
Z09.2,khám theo dõi sau hóa trị liệu các trạng thái khác
Z09.3,khám theo dõi sau tâm lí liệu pháp
Z09.4,khám theo dõi sau điều trị gãy xương
Z09.7,khám theo dõi sau điều trị phối hợp các trạng thái khác
Z09.8,khám theo dõi sau điều trị khác của các trạng thái khác
Z09.9,khám theo dõi sau điều trị không đặc hiệu của các trạng thái khác
Z10,kiểm tra sức khỏe tổng quát thường quy cho nhóm dân cư xác định
Z10.0,khám sức khỏe về nghề nghiệp
T84.1,biến chứng cơ học của thiết bị cố định bên trong xương các chi
T84.2,biến chứng cơ học của thiết bị cố định bên trong xương khác
T84.3,biến chứng cơ học của thiết bị xương khác cấy và ghép
T84.4,biến chứng cơ học của thiết bị chỉnh hình bên trong khác cấy và ghép
T84.5,nhiễm trùng và phản ứng viêm do khớp nhân tạo bên trong
T84.6,nhiễm trùng và phản ứng viêm do thiết bị nhân tạo chỉnh hình bên trong bất kỳ vị trí nào
T84.7,nhiễm trùng và phản ứng viêm do thiết bị nhân tạo chỉnh hình bên trong khác cấy và ghép
T84.8,biến chứng khác của thiết bị nhân tạo chỉnh hình bên trong cấy và ghép
T84.9,biến chứng chưa xác định của thiết bị nhân tạo chỉnh hình bên trong cấy và ghép
T85,biến chứng của thiết bị nhân tạo bên trong khác cấy và ghép
T85.0,biến chứng cơ học của lưu thông não thất nội sọ chuyển hướng
T85.1,biến chứng cơ học của cấy kích thích điện tử của hệ thần kinh
T85.2,biến chứng cơ học của thủy tinh thể trong nội nhãn cầu
T85.3,biến chứng cơ học của thiết bị mắt nhân tạo khác cấy và ghép
T85.4,biến chứng cơ của vú nhân tạo và ghép
T85.5,biến chứng cơ học của thiết bị nhân tạo dạ dày ruột cấy và ghép
T85.6,biến chứng cơ học thiết bị nhân tạo đặc hiệu bên trong khác cấy và ghép
Y57.3,thuốc giải rượu
Y57.4,tá dược
Y57.5,chất cản quang
Y57.6,các chất dùng để chẩn đoán khác
Y57.7,vitamin không xếp loại nơi khác
Y57.8,thuốc dược chất khác
Y57.9,thuốc dược chất không rõ đặc điểm
Y58,vaccin vi khuẩn
Y58.0,vaccin bcg
Y58.1,vaccin thương hàn và phó thương hàn
Y58.2,vaccin tả
Y58.3,vaccin dịch hạch
Y58.4,vaccin uốn ván
Y58.5,vaccin bạch hầu
Y58.6,vaccin ho gà bao gồm phối hợp với 1 thành phần ho gà
Y58.8,vaccin phối hợp vi khuẩn trừ phối hợp 1 thành phần ho gà
Y58.9,vaccin khác và không rõ đặc điểm
Y59,các vaccin vc và sinh chất khác không đặc hiệu
Y59.0,vaccin virus
Y59.1,vaccin rickettsia
Z10.1,kiểm tra sức khỏe tổng quát thường quy cho nhân viên cơ quan
Z10.2,kiểm tra sức khỏe tổng quát thường quy của lực lượng vũ trang
Z10.3,kiểm tra sức khỏe tổng quát thường quy cho các đội thể thao
Z10.8,kiểm tra sức khỏe tổng quát thường quy cho các nhóm dân cư xác định khác
Z11,khám sàng lọc đặc biệt các bệnh nhiễm khuẩn và ký sinh trùng
Z11.0,khám sàng lọc đặc biệt về các bệnh nhiễm khuẩn đường ruột
Z11.1,khám sàng lọc đặc biệt về lao phổi
Z11.2,khám sàng lọc đặc biệt về các bệnh nhiễm khuẩn khác
Z11.3,khám sàng lọc đặc biệt về các nhiễm khuẩn có đường lây chủ yếu qua tình dục
Z11.4,khám sàng lọc đặc biệt về virus suy giảm miễn dịch người hiv
Z11.5,khám sàng lọc đặc biệt về các bệnh virus khác
Z11.6,khám sàng lọc đặc biệt về các bệnh do động vật đơn bào khác và giun sán
Z11.8,khám sàng lọc đặc biệt về các bệnh nhiễm khuẩn và ký sinh vật khác
Z11.9,khám sàng lọc đặc biệt về các bệnh nhiễm khuẩn và ký sinh vật khác không đặc hiệu
Z12,khám sàng lọc đặc biệt các khối u
Z12.0,khám sàng lọc đặc biệt u dạ dày
Z12.1,khám sàng lọc đặc biệt u đường ruột
S91.2,vết thương hở tại ngón chân với tổn thương móng
S91.3,vết thương hở tại phần khác của bàn chân
S91.7,đa vết thương hở ở cẳng chân và bàn chân
S91.70,đa vết thương hở ở cẳng chân và bàn chân gãy kín
S91.71,đa vết thương hở ở cẳng chân và bàn chân gãy hở
S92,gãy xương bàn chân trừ cổ chân
S92.0,gãy xương gót
S92.00,gãy xương gót gãy kín
S92.01,gãy xương gót gãy hở
S92.1,gãy xương mắt cá
S92.10,gãy xương mắt cá gãy kín
S92.11,gãy xương mắt cá gãy hở
S92.2,gãy xương cổ chân khác
S92.20,gãy xương cổ chân khác gãy kín
S92.21,gãy xương cổ chân khác gãy hở
S92.3,gãy xương đốt bàn chân
S92.30,gãy xương đốt bàn chân gãy kín
S92.31,gãy xương đốt bàn chân gãy hở
S92.4,gãy xương ngón chân cái
S92.40,gãy xương ngón chân cái gãy kín
Y59.2,vaccin đơn bào
Y59.3,globulin miễn dịch
Y59.8,các vaccin và sinh chất đặc biệt khác
Y59.9,các vaccin và sinh chất không đặc hiệu
Y60,không cố ý cắt chọc làm thủng chảy máu trong trong phẫu thuật và thủ thuật
Y60.0,trong khi mổ
Y60.1,trong truyền dịch hay máu
Y60.2,trong chạy thận nhân tạo hay truyền khác
Y60.3,trong khi tiêm hay gây miễn dịch
Y60.4,trong khám nội soi
Y60.5,trong thông tim
Y60.6,trong hút chọc hay thông khác
Y60.7,trong khi thụt
Y60.8,trong chăm sóc nội ngoại khoa khác
Y60.9,trong chăm sóc nội ngoại khoa không đặc biệt
Y61,dị vật nhỡ để quên trong cơ thể trong khi chăm sóc nội ngoại khoa
Y61.0,trong mổ
Y61.1,trong truyền dịch hay máu
Y61.2,trong chạy thận nhân tạo hay truyền khác
Y61.3,trong tiêm hay gây miễn dịch
Y61.4,trong khám nội soi
Y61.5,trong thông tim
Y61.6,trong hút chọc và thông khác
Y61.7,trong khi rút catheter hay bọc lại
Y61.8,trong chăm sóc nội ngoại khoa khác
Y61.9,trong chăm sóc nội ngoại khoa không xác định chính xác
Y62,không đảm bảo vô trùng trong chăm sóc nội ngoại khoa
Y62.0,trong mổ
Y62.1,trong truyền dịch hay máu
Y62.2,trong chạy thận nhân tạo hay truyền khác
Y62.3,trong tiêm hay gây miễn dịch
Y62.4,trong khám nội soi
Y62.5,trong thông tim
Y62.6,trong hút chọc và thông khác
Y62.8,trong chăm sóc nội ngoại khoa khác
Y62.9,trong chăm sóc nội ngoại khoa không xác định chính xác
Y63,không đảm bảo liều lượng trong chăm sóc nội ngoại khoa
Y63.0,cho quá nhiều máu hay dịch trong truyền máu truyền dịch
Y63.1,pha loãng dịch không đúng trong truyền dịch
Y63.2,quá liều tia xạ trong khi điều trị
Y63.3,phơi nhiễm của bệnh nhân do bất cẩn trước tia xạ trong chăm sóc y tế
S92.41,gãy xương ngón chân cái gãy hở
S92.5,gãy xương ngón chân khác
S92.50,gãy xương ngón chân khác gãy kín
S92.51,gãy xương ngón chân khác gãy hở
S92.7,gãy nhiều xương bàn chân
S92.70,gãy nhiều xương bàn chân gãy kín
S92.71,gãy nhiều xương bàn chân gãy hở
S92.9,gãy xương bàn chân chưa xác định
S93,sai khớp bong gân căng cơ khớp và dây chằng tại tầm cẳng chân và bàn chân
S93.0,sai khớp cổ chân
S93.1,sai khớp ngón chân
S93.2,đứt dây chằng tại tầm cẳng chân và bàn chân
S93.3,sai khớp phần khác và chưa xác định tại bàn chân
S93.4,bong gân và căng cơ cổ chân
S93.5,bong gân và căng cơ ngón chân
S93.6,bong gân và căng cơ phần khác chưa xác định của bàn chân
S94,tổn thương dây thần kinh tại tầm cổ chân và bàn chân
S94.0,tổn thương dây thần kinh bên bàn chân
S94.1,tổn thương dây thần kinh giữa bàn chân
S94.2,tổn thương dây thần kinh sâu xương mác tại tầm cổ chân và bàn chân
S94.3,tổn thương dây thần kinh cảm giác da tầm cổ chân và bàn chân
S94.7,tổn thương đa dây thần kinh tại tầm cổ chân và bàn chân
S94.8,tổn thương dây thần kinh khác tại tầm cổ chân và bàn chân
S94.9,tổn thương dây thần kinh chưa xác định tại tầm cổ chân và bàn chân
S95,tổn thương mạch máu tại tầm cổ chân và bàn chân
S95.0,tổn thương động mạch mu bàn chân
S95.1,tổn thương động mạch gan bàn chân
S95.2,tổn thương tĩnh mạch mu bàn chân
S95.7,tổn thương đa mạch máu tại tầm cổ chân và bàn chân
S95.8,tổn thương mạch máu khác tại tầm cổ chân và bàn chân
S95.9,tổn thương mạch máu chưa xác định tầm cổ chân và bàn chân
S96,tổn thương cơ bắp và gân tại tầm cổ chân và bàn chân
S96.0,tổn thương cơ và gân cơ gấp dài của ngón tại tầm cổ chân và bàn chân
S96.1,tổn thương cơ và gân cơ duỗi dài của ngón tại tầm cổ chân và bàn chân
S96.2,tổn thương cơ trong và gân tại tầm cổ chân và bàn chân
S96.7,tổn thương đa cơ và gân tại tầm cổ chân và bàn chân
Y63.4,sai liều trong sốc điện hay liệu pháp sốc insulin
Y63.5,nhiệt độ không phù hợp trong khi áp tại chỗ hay đắp quanh người
Y63.6,không dùng thuốc dược chất sinh chất không cần thiết
Y63.8,sự cố trong chăm sóc nội ngoại khoa khác
Y63.9,sự cố trong chăm sóc nội ngoại khoa không xác định chính xác
Y64,chất liệu y tế hay sinh học lây nhiễm
Y64.0,chất liệu y tế sinh học máu truyền chất truyền lây nhiễm
S66.9,tổn thương cơ chưa xác định và gân tại tầm cổ tay và bàn tay
S67,tổn thương dập nát cổ tay và bàn tay
S67.0,tổn thương dập nát ngón tay cái và các ngón tay khác
S67.8,tổn thương dập nát phần khác và chưa xác định của cổ tay và bàn tay
S68,chấn thương cắt cụt cổ tay và bàn tay
S68.0,chấn thương cắt cụt ngón tay cái toàn phần một phần
S68.1,chấn thương cắt cụt ngón tay khác toàn phần một phần
S68.2,chấn thương cắt cụt hai hoặc nhiều ngón tay đơn thuần toàn phần một phần
S68.3,chấn thương cắt cụt kết hợp một phần ngón tay với phần khác của cổ tay và bàn tay
S68.4,chấn thương cắt cụt tại cổ tay và bàn tay
S68.8,chấn thương cắt cụt phần khác của cổ tay và bàn tay
S68.9,chấn thương cắt cụt cổ tay và bàn tay tầm chưa xác định
S69,tổn thương khác và chưa xác định của cổ tay và bàn tay
S69.7,đa tổn thương cổ tay và bàn tay
S69.8,tổn thương xác định khác của cổ tay và bàn tay
S69.9,tổn thương chưa xác định của cổ tay và bàn tay
S70,tổn thương nông tại háng và đùi
S70.0,đụng giập tại háng
S70.1,đụng giập tại đùi
S70.7,đa tổn thương nông tại háng và đùi
S70.8,tổn thương nông khác tại háng và đùi
S70.9,tổn thương nông tại háng và đùi chưa xác định
S71,vết thương hở tại háng và đùi
S71.0,vết thương hở tại háng
S71.1,vết thương hở tại đùi
S71.7,đa vết thương hở tại háng và đùi
S71.8,vết thương hở phần khác chưa xác định của khung chậu
S72,gãy xương đùi
S72.0,gãy cổ xương đùi
S72.00,gãy cổ xương đùi gãy kín
S96.8,tổn thương cơ khác và gân tại tầm cổ chân và bàn chân
S96.9,tổn thương cơ chưa xác định và gân tầm cổ chân và bàn chân
S97,tổn thương dập nát tại cổ chân và bàn chân
S97.0,tổn thương dập nát tại cổ chân
S97.1,tổn thương dập nát tại ngón chân
V39.6,người trên xe mô tô 3 bánh bị thương khi va chạm với xe động cơ không rõ đặc điểm khác trong tai nạn giao thông
V39.8,mọi người trên xe mô tô 3 bánh bị thương trong tai nạn giao thông khác có biết rõ đặc điểm
V39.9,mọi người trên xe mô tô 3 bánh bị thương trong tai nạn giao thông không rõ đặc điểm
V40,người trên ô tô bị thương khi va chạm với người đi bộ hay súc vật
V41,người đi ô tô bị thương khi va chạm với xe đạp
V42,người đi ô tô bị thương khi va chạm với mô tô 2 hay 3 bánh
V43,người đi ô tô bị thương khi va chạm với xe ô tô xe tải thu nhặt và xe tải
V44,người đi ô tô bị thương khi va chạm với xe tải nặng hay xe buýt
V45,người đi ô tô bị thương khi va chạm với tầu hỏa hay ô tô ray
V46,người đi ô tô bị thương khi va chạm với xe không động cơ khác
V47,người đi ô tô bị thương khi va chạm với vật cố định hay tĩnh vật
V48,người đi ô tô bị thương trong tai nạn xe cộ không có va chạm
V49,người đi ô tô bị thương trong tai nạn giao thông tai nạn xe cộ khác và không rõ đặc điểm
V49.0,lái xe bị thương trong va chạm với xe động cơ khác không rõ đặc điểm trong tai nạn không phải tai nạn giao thông
V49.1,người đi ô tô bị thương do va chạm với xe động cơ khác không rõ đặc điểm trong tai nạn không phải tai nạn giao thông
V49.2,người đi ô tô không rõ đặc điểm bị thương do va chạm với xe có động cơ khác không rõ đặc điểm trong tai nạn không phải tai nạn giao thông
V49.3,mọi người đi ô tô bị thương trong tai nạn không rõ đặc điểm không phải tai nạn giao thông
V49.4,lái xe bị thương vì va chạm với xe có động cơ khác không rõ đặc điểm trong tai nạn giao thông
V49.5,người đi ô tô bị thương vì va chạm với xe động cơ khác không rõ đặc điểm trong tai nạn giao thông
V49.6,người trên ô tô không rõ đặc điểm bị thương vì va chạm với xe có động cơ không rõ đặc điểm khác trong trong tai nạn không phải tai nạn giao thông
V49.8,mọi người trên ô tô bị thương trong tai nạn giao thông khác có biết đặc điểm
V49.9,mọi người trên ô tô bị thương trong tai nạn giao thông không rõ đặc điểm
S72.01,gãy cổ xương đùi gãy hở
S72.1,gãy mấu chuyển
S72.10,gãy mấu chuyển gãy kín
S72.11,gãy mấu chuyển gãy hở
S72.2,gãy mấu chuyển phụ
S72.20,gãy mấu chuyển phụ gãy kín
S72.21,gãy mấu chuyển phụ gãy hở
S72.3,gãy thân xương đùi
S72.30,gãy thân xương đùi gãy kín
S72.31,gãy thân xương đùi gãy hở
S72.4,gãy xương đầu dưới xương đùi
S72.40,gãy xương đầu dưới xương đùi gãy kín
S72.41,gãy xương đầu dưới xương đùi gãy hở
S72.7,gãy nhiều vị trí xương đùi
S72.70,gãy đa xương xương đùi gãy kín
S72.71,gãy đa xương xương đùi gãy hở
S72.8,gãy phần khác xương đùi
S72.80,gãy xương phần khác xương đùi gãy kín
S72.81,gãy xương phần khác xương đùi gãy hở
S72.9,gãy xương đùi phần chưa xác định
S72.90,gãy xương đùi phần chưa xác định gãy kín
S72.91,gãy xương đùi phần chưa xác định gãy hở
S73,sai khớp bong gân và căng cơ khớp và dây chằng háng
S73.0,sai khớp háng
S73.1,bong gân và căng cơ của khớp háng
S74,tổn thương dây thần kinh tầm háng và đùi
S74.0,tổn thương dây thần kinh hông tại tầm háng và đùi
S74.1,tổn thương dây thần kinh đùi tại tầm háng và đùi
S74.2,tổn thương dây thần kinh cảm giác da tại tầm háng và đùi
S74.7,tổn thương đa dây thần kinh tại tầm háng và đùi
S74.8,tổn thương dây thần kinh khác tại tầm háng và đùi
S74.9,tổn thương dây thần kinh chưa xác định tầm háng và đùi
T85.7,nhiễm trùng và phản ứng viêm do thiết bị nhân tạo bên trong khác cấy và ghép
T85.8,biến chứng khác của thiết bị nhân tạo bên trong cấy và ghép không xếp loại ở nơi khác
T85.9,biến chứng của thiết bị nhân tạo bên trong cấy và ghép không xác định khác
T86,thất bại và thải bỏ ghép phủ tạng và tổ chức
T86.0,thải bỏ ghép tủy xương
T86.1,thất bại và thải bỏ ghép thận
T86.2,thất bại và thải bỏ ghép tim
T86.3,thất bại và thải bỏ ghép tim phổi
V50,người trên xe tải xe kéo bị thương do va chạm với người đi bộ hay súc vật
V51,người trên xe tải xe kéo bị thương do va chạm với xe đạp
V52,người trên xe tải xe kéo bị thương do va chạm với mô tô 2 hay 3 bánh
V53,người trên xe tải xe kéo bị thương do va chạm với ô tô tải xe kéo
V54,người trên xe tải xe kéo bị thương do va chạm với xe tải nặng hay xe buýt
V55,người trên xe tải xe kéo bị thương do va chạm với tầu hỏa ô tô ray
V56,người trên xe tải xe kéo bị thương do va chạm với xe không động cơ khác
V57,người trên xe tải xe kéo bị thương do va chạm với vật cố định hay tĩnh vật
V58,người trên xe tải xe kéo bị thương trong tnxc không có va chạm
V59,người trên xe tải xe kéo bị thương trong tnxc khác không rõ đặc điểm
V59.0,lái xe bị thương khi va chạm với xe có động cơ khác không rõ đặc điểm không phải trong tai nạn giao thông
V59.1,người đi xe bị thương khi va chạm với xe có động cơ khác không rõ đặc điểm trong tai nạn không phải tai nạn giao thông
V59.2,người của xe tải xe kéo không rõ đặc điểm bị thương khi va chạm với xe có động cơ khác không rõ đặc điểm trong tai nạn không phải tai nạn giao thông
V59.3,mọi người trên xe tải xe kéo bị thương trong tai nạn không rõ đặc điểm không phải tai nạn giao thông
V59.4,lái xe bị thương khi va chạm với xe có động cơ khác không rõ đặc điểm trong tai nạn giao thông
V59.5,người đi xe bị thương khi va chạm với xe có động cơ khác không rõ đặc điểm trong tai nạn giao thông
V59.6,người của xe tải xe kéo không rõ đặc điểm bị thương khi va chạm với xe có động cơ khác không rõ đặc điểm trong tai nạn giao thông
V59.8,mọi người trên xe tải xe kéo bị thương trong tai nạn giao thông khác có biết đặc điểm
V59.9,mọi người trên xe tải xe kéo bị thương trong tai nạn giao thông không rõ đặc điểm
Z12.2,khám sàng lọc đặc biệt u cơ quan hô hấp
Z12.3,khám sàng lọc đặc biệt u vú
Z12.4,khám sàng lọc đặc biệt về u cổ tử cung
Z12.5,khám sàng lọc đặc biệt u tiền liệt tuyến
Z12.6,khám sàng lọc đặc biệt u bàng quang
Z12.8,khám sàng lọc đặc biệt khối u ở vị trí khác
Z12.9,khám sàng lọc đặc biệt khối u không đặc hiệu
Z13,khám sàng lọc đặc biệt các bệnh và các rối loạn khác
Z13.0,khám sàng lọc đặc biệt các bệnh về máu và các cơ quan tạo máu và một số rối loạn liên quan đến cơ chế miễn dịch
T86.4,thất bại và thải bỏ các ghép phủ tạng và tổ chức khác
T86.8,thất bại và thải bỏ ghép gan
T86.9,thất bại và thải bỏ ghép phủ tạng và tổ chức chưa xác định
T87,biến chứng nối lại và cắt cụt
T87.0,biến chứng nối lại phần của chi trên
T87.1,biến chứng nối lại phần của chi dưới
T87.2,biến chứng nối lại phần của cơ thể
T87.3,u thần kinh của mỏm cắt cụt
T87.4,nhiễm trùng của mỏm cắt cụt
T87.5,hoại tử của mỏm cắt cụt
T87.6,biến chứng khác chưa xác định của mỏm cắt cụt
T88,biến chứng khác của phẫu thuật và chăm sóc y tế không xếp loại ở nơi khác
T88.0,nhiễm trùng sau gây miễn dịch
T88.1,biến chứng khác sau gây miễn dịch không xếp loại ở nơi khác
T88.2,sốc do gây mê
T88.3,sốt cao ác tính do gây mê
T88.4,thất bại hoặc khó đặt khí quản
T88.5,biến chứng khác của gây mê
T88.6,sốc phản vệ do tác dụng phụ của thuốc hoặc dược phẩm thích hợp và sử dụng đúng quy cách
T88.7,tác dụng phụ chưa xác định của thuốc hoặc dược phẩm
T88.8,biến chứng đã xác định của phẫu thuật và chăm sóc y tế không xếp loại ở nơi khác
T88.9,biến chứng phẫu thuật và chăm sóc y tế chưa xác định
T90,di chứng tổn thương đầu
T90.0,di chứng tổn thương nông ở đầu
T90.1,di chứng vết thương hở ở đầu
T90.2,di chứng gãy xương sọ và xương mặt
T90.3,di chứng tổn thương các dây thần kinh sọ não
T90.4,di chứng tổn thương ở mắt và hố mắt
T90.5,di chứng tổn thương nội sọ
T90.8,di chứng tổn thương khác đã xác định ở đầu
T90.9,di chứng tổn thương chưa xác định ở đầu
T91,di chứng tổn thương cổ và thân mình
T91.0,di chứng tổn thương nông và vết thương hở tại cổ và thân
T91.1,di chứng gãy xương cột sống
T91.2,di chứng gãy xương ngực và khung chậu khác
T91.3,di chứng tổn thương tủy sống
T91.4,di chứng tổn thương nội tạng trong lồng ngực
T91.5,di chứng tổn thương nội tạng trong bụng và khung chậu
Z13.1,khám sàng lọc đặc biệt đái tháo đường
Z13.2,khám sàng lọc đặc biệt các rối loạn dinh dưỡng
Z13.3,khám sàng lọc đặc biệt các rối loạn tâm thần và hành vi
Z13.4,khám sàng lọc đặc biệt một số loạn phát triển của trẻ em
Z13.5,khám sàng lọc đặc biệt các rối loạn thị giác và thính giác
Z13.6,khám sàng lọc đặc biệt các rối loạn tim mạch
Z13.7,khám sàng lọc đặc biệt các dị dạng bẩm sinh các biến dạng khác và các bất thường nhiễm sắc thể
Z13.8,khám sàng lọc đặc biệt các bệnh và các rối loạn xác định khác
Z13.9,khám sàng lọc đặc biệt không đặc hiệu
Z20,tiếp xúc và phơi nhiễm với các bệnh lây truyền
Z20.0,tiếp xúc và phơi nhiễm với các bệnh nhiễm khuẩn đường ruột
Z20.1,tiếp xúc và phơi nhiễm với vi khuẩn lao
Z20.2,tiếp xúc và phơi nhiễm với các bệnh nhiễm khuẩn lây truyền chủ yếu qua đường tình dục
Z20.3,tiếp xúc và phơi nhiễm với bệnh virus dại
Z20.4,tiếp xúc và phơi nhiễm với virus rubella
Z20.5,tiếp xúc và phơi nhiễm với virus viêm gan
Z20.6,tiếp xúc và phơi nhiễm với virus suy giảm miễn dịch người hiv
Z20.7,tiếp xúc và phơi nhiễm với chấy rận giun đũa và các ký sinh trùng khác
Z20.8,tiếp xúc và phơi nhiễm với các bệnh lây truyền khác
Z20.9,tiếp xúc và phơi nhiễm với bệnh lây truyền không xác định
Z21,trạng thái nhiễm virus suy giảm miễn dịch hiv không triệu chứng
Z22,mang mầm bệnh nhiễm khuẩn
Z22.0,mang mầm bệnh thương hàn
Z22.1,mang mầm bệnh nhiễm khuẩn đường ruột khác
Z22.2,mang mầm bệnh bạch hầu
Z22.3,mang mầm bệnh các vi khuẩn xác định khác
Z22.4,mang mầm bệnh nhiễm khuẩn có đường lây chủ yếu qua tình dục
Z22.5,mang virus viêm gan
Z22.6,mang virus typ 1 hướng lympho t người htlv 1
Z22.8,mang mầm bệnh nhiễm khuẩn khác
Z22.9,mang mầm bệnh nhiễm khuẩn không đặc hiệu
Z23,cần tiêm chủng phòng các bệnh nhiễm khuẩn đơn thuần
Z23.0,tiêm chủng phòng thương hàn đơn độc
Z23.1,tiêm chủng phòng thương hàn cận thương hàn đơn độc tab
Z23.2,tiêm chủng phòng lao bcg
Z23.3,tiêm chủng phòng dịch hạch
T91.8,di chứng tổn thương khác đã xác định tại cổ và thân
T91.9,di chứng tổn thương chưa xác định tại cổ và thân
T92,di chứng tổn thương chi trên
T92.0,di chứng vết thương hở chi trên
T92.1,di chứng gãy xương tay
T92.2,di chứng gãy xương tầm cổ tay và bàn tay
T92.3,di chứng sai khớp bong gân và căng cơ chi trên
T92.4,di chứng tổn thương dây thần kinh chi trên
T92.5,di chứng tổn thương cơ và gân chi trên
T92.6,di chứng tổn thương dập nát và chấn thương cắt cụt chi trên
T92.8,di chứng tổn thương khác đã xác định của chi trên
T92.9,di chứng tổn thương chưa xác định của chi trên
T93,di chứng tổn thương chi dưới
T93.0,di chứng vết thương hở chi dưới
Y64.1,chất liệu y tế hay sinh học bị lây nhiễm tiêm hay sử dụng gây miễn dịch
Y64.8,chất liệu y tế hay sinh học bị lây nhiễm vào cơ thể bằng các phương tiện khác
Y64.9,chất liệu y tế hay sinh học bị lây nhiễm vào cơ không rõ bằng phương tiện nào
Y65,các rủi ro khác trong chăm sóc nội ngoại khoa
Y65.0,nhầm nhóm máu khi truyền
Y65.1,truyền nhầm dịch
Y65.2,không khâu hay thắt được trong mổ
Y65.3,đặt sai ống nội khí quản trong gây mê
Y65.4,thất bại trong đưa vào hay lấy ra ống hay dụng cụ khác
Y65.5,tiến hành phẫu thuật không phù hợp
Y65.8,các rủi ro đặc biệt khác trong khi chăm sóc nội ngoại khoa
Y66,không thực hiện chăm sóc nội khoa và ngoại khoa
Y69,các rủi ro không xác định chính xác trong chăm sóc nội ngoại khoa
Y70,dụng cụ gây mê kết hợp với tai biến
Y71,dụng cụ tim mạch kết hợp với tai biến
Y72,dụng cụ tai mũi họng kết hợp với tai biến
Y73,dụng cụ tiêu hóa tiết niệu kết hợp với tai biến
Y74,bệnh viện đa khoa và các phương tiện sử dụng cá nhân với các tai biến
Y75,dụng cụ thần kinh kết hợp với tai biến
G45.2,các hội chứng động mạch não trước rải rác hai bên
G45.3,mù thoáng qua
G45.4,quên toàn bộ thoáng qua
G45.8,cơn thiếu máu não thoáng qua khác và hội chứng liên quan
L62.8,các bệnh của móng trong các bệnh khác đã phân loại ở phần khác
L63,rụng tóc từng mảng
L63.0,rụng tóc toàn thể
L63.1,rụng lông tóc toàn bộ
L63.2,rụng tóc dạng dải
L63.8,rụng tóc từng mảng khác
L63.9,rụng tóc từng mảng không điển hình
L64,rụng tóc do nội tiết tố nam tính
L64.0,rụng tóc do thuốc nội tiết tố nam
L64.8,rụng tóc do nội tiết tố nam khác
L64.9,rụng tóc do nội tiết tố nam không đặc hiệu
L65,rụng tóc không sẹo khác
L65.0,rụng tóc ở giai đoạn ngừng phát triển của tóc
L65.1,rụng tóc ở giai đoạn đầu của sự phát triển tóc
L65.2,rụng tóc do lắng đọng chất nhầy
L65.8,rụng tóc không do sẹo đặc hiệu khác
L65.9,rụng tóc không sẹo không điển hình
L66,rụng tóc có sẹo
L66.0,giả rụng tóc pelade
L66.1,lichen phẳng nang lông
L66.2,viêm nang lông gây rụng tóc toàn thể
L66.3,viêm nang lông da đầu
L66.4,viêm nang lông hồng ban hình mạng lưới
L66.8,rụng tóc có sẹo khác
L66.9,rụng tóc có sẹo không điển hình
L67,bất thường về màu và sợi tóc
L67.0,tóc giòn có nốt
L67.1,thay đổi màu tóc
L67.8,các bất thường khác về màu tóc sợi tóc
L67.9,các bất thường về màu tóc và sợi tóc không điển hình
L68,rậm lông tóc
L68.0,rậm lông
L68.1,rậm lông tơ mắc phải
L68.2,rậm lông khu trú
L68.3,đa nang tóc
L68.8,rậm lông tóc khác
L68.9,rậm lông tóc không điển hình
L70,trứng cá
L70.0,trứng cá thông thường
L70.1,trứng cá mạch lươn
L70.2,trứng cá dạng thủy đậu
L70.3,trứng cá nhiệt đới
K80,sỏi mật
K80.0,sỏi túi mật có viêm túi mật cấp
K80.1,sỏi túi mật có viêm túi mật khác
K80.2,sỏi túi mật không có viêm túi mật
K80.3,sỏi ống mật có viêm đường mật
K80.4,sỏi đường mật có viêm túi mật
K80.5,sỏi mật không viêm đường mật hay viêm túi mật
K80.8,sỏi mật khác
K81,viêm túi mật
K81.0,viêm túi mật cấp
K81.1,viêm túi mật mạn
K81.8,viêm túi mật thể khác
K81.9,viêm túi mật không đặc hiệu
K82,bệnh khác của túi mật
K82.0,tắc túi mật
K82.1,tràn dịch túi mật
M14.50,bệnh khớp trong các bệnh nội tiết dinh dưỡng và các bệnh chuyển hóa khác nhiều vị trí
M14.51,bệnh khớp trong các bệnh nội tiết dinh dưỡng và các bệnh chuyển hóa khác vùng bả vai
M14.52,bệnh khớp trong các bệnh nội tiết dinh dưỡng và các bệnh chuyển hóa khác cánh tay
M14.53,bệnh khớp trong các bệnh nội tiết dinh dưỡng và các bệnh chuyển hóa khác cẳng tay
M14.54,bệnh khớp trong các bệnh nội tiết dinh dưỡng và các bệnh chuyển hóa khác bàn tay
M14.55,bệnh khớp trong các bệnh nội tiết dinh dưỡng và các bệnh chuyển hóa khác vùng chậu và đùi
M14.56,bệnh khớp trong các bệnh nội tiết dinh dưỡng và các bệnh chuyển hóa khác cẳng chân
M14.57,bệnh khớp trong các bệnh nội tiết dinh dưỡng và các bệnh chuyển hóa khác cổ bàn chân
M14.58,bệnh khớp trong các bệnh nội tiết dinh dưỡng và các bệnh chuyển hóa khác vị trí khác
M14.59,bệnh khớp trong các bệnh nội tiết dinh dưỡng và các bệnh chuyển hóa khác vị trí không xác định
M14.6,bệnh khớp do thần kinh
M14.60,bệnh khớp do thần kinh nhiều vị trí
M14.61,bệnh khớp do thần kinh vùng bả vai
M14.62,bệnh khớp do thần kinh cánh tay
M14.63,bệnh khớp do thần kinh cẳng tay
M14.64,bệnh khớp do thần kinh bàn tay
M14.65,bệnh khớp do thần kinh vùng chậu và đùi
M14.66,bệnh khớp do thần kinh cẳng chân
M14.67,bệnh khớp do thần kinh cổ bàn chân
M14.68,bệnh khớp do thần kinh vị trí khác
G53,bệnh dây thần kinh sọ trong bệnh phân loại nơi khác
G53.0,đau dây thần kinh sau zona b02 2
K92.8,bệnh hệ tiêu hóa đặc hiệu khác
K92.9,bệnh hệ tiêu hóa không đặc hiệu
K93,rối loạn của cơ quan tiêu hóa khác đã được phân loại ở nơi khác
K93.0,bệnh lao ở ruột phúc mạc và tuyến mạc treo a18 3
K93.1,phình đại tràng trong bệnh chagas b57 3
K93.8,rối loạn cơ quan tiêu hóa đặc hiệu khác đã được phân loại ở nơi khác
L00,họ i chứng bong vảy da do tụ cầu
L01,chốc
L01.0,chốc bất kỳ sinh vật nào cơ quan nào bất kỳ vị trí nào
L01.1,chốc hóa của các bệnh da khác
L02,áp xe da nhọt nhọt cụm
L02.0,áp xe da nhọt và cụm nhọt ở mặt
L02.1,áp xe da nhọt cụm nhọt ở cổ
L02.2,áp xe da nhọt cụm nhọt ở thân
M23.12,sụn chêm dạng đĩa bẩm sinh dây chằng bên trong hoặc sụn chêm khác và không xác định
M23.13,sụn chêm dạng đĩa bẩm sinh dây chằng bên trong hoặc sụn chêm trong khác và không đặc hiệu
M23.14,sụn chêm dạng đĩa bẩm sinh dây chằng bên ngoài hoặc sừng trước của sụn chêm ngoài
M23.15,sụn chêm dạng đĩa bẩm sinh sừng sau của sụn chêm ngoài
M23.16,sụn chêm dạng đĩa bẩm sinh sụn chêm ngoài khác và không đặc hiệu
M23.17,sụn chêm dạng đĩa bẩm sinh dây chằng bao khớp
M23.19,sụn chêm dạng đĩa bẩm sinh dây chằng không đặc hiệu hoặc sụn chêm không đặc hiệu
M23.2,sụn chêm di lệch do tổn thương rách hay chấn thương cũ
I83.0,dãn tĩnh mạch chi dưới có loét
I83.1,dãn tĩnh mạch chi dưới có viêm
I83.2,dãn tĩnh mạch chi dưới có loét và viêm
I83.9,dãn tĩnh mạch chi dưới không loét không viêm
I85,dãn tĩnh mạch thực quản
I85.0,dãn tĩnh mạch thực quản có chảy máu
I85.9,dãn tĩnh mạch thực quản không chảy máu
I86,dãn tĩnh mạch vị trí khác
I86.0,dãn tĩnh mạch dưới lưỡi
I86.1,túi dãn tĩnh mạch bìu
I86.2,dãn tĩnh mạch chậu
I86.3,dãn tĩnh mạch âm hộ
I86.4,dãn tĩnh mạch dạ dày
I86.8,dãn tĩnh mạch ở vị trí xác định khác
I87,rối loạn khác của tĩnh mạch
I87.0,hội chứng sau huyết khối
I66,nghẽn tắc và hẹp động mạch não không dẫn đến nhồi máu não
I66.8,nghẽn tắc và hẹp động mạch não khác
I67.0,tách thành động mạch não không vỡ
E61.5,thiếu molypđen
E61.6,thiếu vanadin
E61.7,thiếu nhiều yếu tố dinh dưỡng
E61.8,thiếu các yếu tố dinh dưỡng xác định khác
E61.9,thiếu các yếu tố dinh dưỡng không đặc hiệu
E63,thiếu dinh dưỡng khác
E63.0,thiếu acid béo cần thiết efa
E63.1,mất cân đối trong thành phần thức ăn
E63.8,thiếu dinh dưỡng đặc hiệu khác
E63.9,thiếu dinh dưỡng không đặc hiệu
E64,di chứng của suy dinh dưỡng và bệnh thiếu dinh dưỡng khác
E64.0,di chứng của suy dinh dưỡng do thiếu protein năng lượng
E64.1,di chứng của thiếu vitamin a
E64.2,di chứng của thiếu vitamin c
E64.3,di chứng của bệnh còi xương
G63,bệnh đa dây thần kinh trong các bệnh phân loại nơi khác
G63.0,bệnh đa dây thần kinh trong các bệnh nhiễm trùng và ký sinh trùng đã phân loại nơi khác
G63.1,bệnh đa dây thần kinh trong u c00 d48
G63.2,bệnh đa dây thần kinh do đái tháo đường e10 e14 với ký tự thứ tự chung là 4
G63.3,bệnh đa dây thần kinh trong các bệnh nội tiết và chuyển hóa khác e00 e07 e15 e16 e20 e34 e70 e89
G63.4,bệnh đa dây thần kinh trong thiểu dinh dưỡng e40 e64
G63.5,bệnh đa dây thần kinh trong bệnh hệ thống mô liên kết m30 m35
G53.1,liệt nhiều dây thần kinh sọ trong bệnh nhiễm trùng và ký sinh trùng phân loại ở mục khác a00 b99
G53.2,liệt nhiều dây thần kinh sọ trong bệnh saccoit d86 8
G53.3,liệt nhiều dây thần kinh sọ trong u c00 d48
G53.8,bệnh dây thần kinh sọ khác trong các bệnh khác được phân loại nơi khác
I69.3,di chứng nhồi máu não
I69.4,di chứng đột quỵ không xác định là xuất huyết hay nhồi máu
I69.8,di chứng bệnh mạch máu não khác và không xác định
I70,xơ vữa động mạch
I70.0,xơ vữa động mạch chủ
I70.1,xơ vữa động mạch thận
I70.2,xơ vữa động mạch ngoại biên
I70.8,xơ vữa động mạch khác
I70.9,xơ vữa động mạch toàn thể và không xác định
I71,phình và tách thành động mạch chủ
I71.0,tách thành động mạch chủ bất kỳ đoạn nào
I71.1,phình động mạch chủ ngực vỡ
I71.2,phình động mạch chủ ngực không vỡ
I71.3,phình động mạch chủ bụng vỡ
I71.4,phình động mạch chủ bụng không vỡ
I71.5,phình động mạch chủ ngực bụng vỡ
I71.6,phình động mạch chủ ngực bụng không vỡ
I71.8,phình động mạch chủ vị trí không xác định vỡ
I71.9,phình động mạch chủ vị trí không xác định không vỡ
I72,phình và tách động mạch khác
I72.0,phình và tách động mạch cảnh
I72.1,phình và tách động mạch chi trên
I72.2,phình và tách động mạch thận
I72.3,phình và tách động mạch chậu
I72.4,phình và tách động mạch chi dưới
I72.5,phình và tách động mạch nền thân
I72.6,phình và tách động mạch đốt sống
I72.8,phình và tách động mạch xác định khác
I72.9,phình và tách động mạch vị trí không xác định
I73,bệnh mạch máu ngoại biên
I73.0,hội chứng raynaud
I73.1,viêm tắc mạch huyết khối buerger
I73.8,bệnh mạch máu ngoại biên xác định khác
I73.9,bệnh mạch máu ngoại biên không đặc hiệu
E72.8,các rối loạn xác định khác của chuyển hóa acid amin
E72.9,rối loạn chuyển hóa acid amin không đặc hiệu
E73,không dung nạp lactose
E73.0,thiếu men lactase bẩm sinh
E73.1,thiếu men lactase thứ phát
E73.8,không dung nạp lactose khác
E73.9,không dung nạp lactose không đặc hiệu
E74,rối loạn khác của chuyển hóa carbohydrat
E74.0,bệnh tích luỹ glycogen
E74.1,rối loạn chuyển hóa fructose
E74.2,rối loạn chuyển hóa galactose
E74.3,rối loạn khác của hấp thu carbohydrat ở ruột non
E74.4,rối loạn chuyển hóa pyruvat và tân tạo glucose
E74.8,rối loạn xác định khác của chuyển hóa carbohydrat
E74.9,rối loạn chuyển hóa carbohydrat không đặc hiệu
E75,rối loạn chuyển hóa sphingolipid và rối loạn tích luỹ lipid
E75.0,bệnh nhiễm gangliosid gm2
E75.1,bệnh nhiễm gangliosid khác
E75.2,bệnh nhiễm sphingolipid khác
E75.3,bệnh nhiễm sphingolipid không đặc hiệu
E75.4,bệnh lý tích tụ lipofuscin ở neuron ncl
E75.5,rối loạn tích luỹ lipid khác
E75.6,rối loạn tích luỹ lipid không đặc hiệu
E76,rối loạn chuyển hóa glycosaminoglycan
E76.0,nhiễm mucopolysaccharid typ i
E76.1,nhiễm mucopolysaccharid typ ii
E76.2,nhiễm mucopolysaccharid khác
E76.3,nhiễm mucopolysaccharid không đặc hiệu
E76.8,rối loạn chuyển hóa glucosaminoglycan khác
E76.9,rối loạn chuyển hóa glucosaminoglycan không đặc hiệu
E77,rối loạn chuyển hóa glycoprotein
E77.0,khiếm khuyết trong sự biến đổi sau chuyển mã của các men tiêu bào
G83.8,các hội chứng liệt xác định khác
G83.9,hội chứng liệt không đặc hiệu
G90,bệnh hệ thần kinh tự động
G90.0,bệnh thần kinh tự động ngoại vi nguyên phát
G90.1,rối loạn thần kinh tự động gia đình riley day
G90.2,hội chứng horner
G90.3,thoái hóa đa hệ
G90.4,loạn phản xạ tự quản
G90.8,bệnh khác của hệ thần kinh tự động
I08.1,bệnh cả van hai lá và van ba lá
I08.2,bệnh cả van động mạch chủ và van ba lá
I08.3,bệnh lý phối hợp van hai lá van động mạch chủ và van ba lá
I08.8,bệnh lý nhiều van khác
I87.1,ép tĩnh mạch
I87.2,suy tĩnh mạch mạn ngoại biên
I87.8,rối loạn khác tĩnh mạch xác định khác
I87.9,rối loạn khác tĩnh mạch không đặc hiệu khác
I88,viêm hạch bạch huyết không đặc hiệu
I88.0,viêm hạch bạch huyết mạc treo không đặc hiệu
I88.1,viêm hạch bạch huyết mạn ngoại trừ mạc treo
I88.8,viêm hạch bạch huyết không đặc hiệu khác
I88.9,viêm hạch bạch huyết không đặc hiệu không đặc hiệu
I89,rối loạn mạch bạch huyết và hạch bạch huyết không nhiễm trùng khác
I89.0,phù bạch huyết không phân loại nơi khác
I89.1,viêm mạch bạch huyết
I89.8,rối loạn mạch bạch huyết và hạch bạch huyết xác định khác không do nhiễm trùng
I89.9,rối loạn mạch bạch huyết và hạch bạch huyết không do nhiễm trùng không đặc hiệu
I95,huyết áp thấp hạ huyết áp
I95.0,hạ huyết áp không rõ nguyên nhân
I95.1,hạ huyết áp thế đứng
I95.2,hạ huyết áp do thuốc
I95.8,hạ huyết áp khác
I95.9,hạ huyết áp không đặc hiệu
I97,rối loạn hệ tuần hoàn sau phẫu thuật chưa phân loại nơi khác
I97.0,hội chứng sau mổ tim
I97.1,rối loạn chức năng khác sau phẫu thuật tim
I97.2,hội chứng phù hạch bạch huyết sau cắt bỏ tuyến vú
I97.8,rối loạn hệ tuần hoàn khác sau phẫu thuật không phân loại nơi khác
E79.9,rối loạn chuyển hóa purine và pyrimidine không đặc hiệu
E80,rối loạn chuyển hóa porphyrin và bilirubin
E80.0,rối loạn chuyển hóa porphyrin sinh hồng cầu di truyền
E80.1,rối loạn chuyển hóa porphyrin biểu hiện muộn ở da
E80.2,rối loạn chuyển hóa porphyrin máu khác
E80.3,khiếm khuyết men catalase và peroxidase
E80.4,hội chứng glibert
E80.5,hội chứng crigler najjar
E80.6,rối loạn chuyển hóa bilirubin khác
E80.7,rối loạn chuyển hóa bilirubin không đặc hiệu
E83,rối loạn chuyển hóa chất khóang
E83.0,rối loạn chuyển hóa đồng bao gồm cả bệnh wilson
E83.1,rối loạn chuyển hóa sắt
E83.2,rối loạn chuyển hóa kẽm
E83.3,rối loạn chuyển hóa phospho và phosphatase
G63.6,bệnh đa dây thần kinh trong bệnh cơ xương khác m00 m25 m40 m96
G63.8,bệnh đa dây thần kinh trong bệnh khác phân loại nơi khác
G64,bệnh khác của hệ thần kinh ngoại vi
G70,nhược cơ và bệnh thần kinh cơ khác
G70.0,nhược cơ
G70.1,bệnh thần kinh cơ do nhiễm độc
G70.2,nhược cơ bẩm sinh và trong quá trình phát triển
G70.8,bệnh thần kinh cơ xác định khác
G70.9,bệnh thần kinh cơ không đặc hiệu
G71,bệnh cơ tiên phát
G71.0,loạn dưỡng cơ
G71.1,bệnh loạn trương lực cơ
G71.2,bệnh cơ bẩm sinh
G71.3,bệnh cơ do thể ty lạp không phân loại nơi khác
G71.8,các bệnh tiên phát khác của cơ
G71.9,bệnh cơ tiên phát không đặc hiệu
H91.2,điếc đột ngột không rõ nguyên do
H91.3,câm điếc không phân loại nơi khác điếc câm không phân loại nơi khác
H91.8,nghe kém do nguyên nhân đặc hiệu khác
H91.9,nghe kém không đặc hiệu khác nghe kém không đặc hiệu
H92,đau tai và chảy dịch ở tai
H92.0,đau tai
H92.1,chảy dịch tai
H92.2,chảy máu tai
H93,bệnh khác của tai không phân loại nơi khác
H93.0,bệnh do thoái hóa và do mạch máu của tai
H93.1,ù tai
H93.2,nhận thức thính giác bất thường khác tiếp nhận thính giác bất thường khác
H93.3,rối loạn của thần kinh thính giác
H93.8,bệnh tai đặc hiệu khác
H93.9,bệnh tai không đặc hiệu
H94,bệnh khác của tai trong bệnh phân loại nơi khác
H94.0,viêm dây thần kinh thính giác trong bệnh nhiễm trùng và ký sinh trùng phân loại nơi khác
H94.8,những rối loạn đặc hiệu khác của tai trong những bệnh đã phân loại khác
H95,bệnh tai và xương chũm sau phẫu thuật không phân loại nơi khác
H95.0,cholesteatoma tái phát ở hố mổ khóet chũm
H95.1,bệnh khác sau mổ khóet chũm
H95.8,rối loạn khác của tai và xương chũm sau phẫu thuật
H95.9,rối loạn của tai và xương chũm sau phẫu thuật không đặc hiệu
I00,thấp kho ng có tổn thu o ng tim
K56.1,lồng ruột
K56.2,xoắn ruột
K56.3,liệt ruột do sỏi
K56.4,nghẹt ruột khác
K56.5,dính ruột thành dải có tắc nghẽn
K56.6,tắc ruột khác và không xác định
K56.7,liệt ruột không đặc hiệu
K57,bệnh túi thừa của ruột
K57.0,bệnh túi thừa của ruột non có thủng và áp xe
K57.1,bệnh túi thừa của ruột non không thủng hay áp xe
K57.2,bệnh túi thừa của đại tràng có thủng và áp xe
K57.3,bệnh túi thừa của đại tràng không thủng hay áp xe
K57.4,bệnh túi thừa của ruột non và đại tràng có thủng và áp xe
K57.5,bệnh túi thừa của cả ruột non và đại tràng không thủng hay áp xe
K57.8,bệnh túi thừa của ruột vị trí không xác định có thủng và áp xe
K57.9,bệnh túi thừa của ruột vị trí không xác định không thủng hay áp xe
M17.2,thoái hóa khớp gối sau chấn thương cả 2 bên
M17.3,thoái hóa khớp gối sau chấn thương khác
M17.4,thoái hóa khớp gối thứ phát khác cả 2 bên
M17.5,thoái hóa khớp gối thứ phát khác
M17.9,thoái hóa khớp gối không đặc hiệu
M18,thoái hóa khớp cổ bàn ngón tay cái
M18.0,thoái hóa khớp cổ bàn ngón tay cái cả 2 bên
M18.1,các thoái hóa nguyên phát khác của khớp cổ bàn ngón cái
M18.2,thoái hóa khớp cổ bàn ngón cái sau chấn thương cả 2 bên
M18.3,thoái hóa khớp cổ bàn ngón cái sau chấn thương khác
M18.4,thoái hóa khớp cổ bàn ngón cái thứ phát khác cả 2 bên
M18.5,thoái hóa khớp cổ bàn ngón cái thứ phát khác
M18.9,thoái hóa khớp cổ bàn ngón cái không đặc hiệu
G21.2,hội chứng parkinson thứ phát do tác nhân bên ngoài khác
G21.3,hội chứng parkinson sau viêm não
G21.4,hội chứng parkinson do bệnh mạch máu
G21.8,hội chứng parkinson thứ phát khác
G21.9,hội chứng parkinson thứ phát không đặc hiệu
G22,hội chứng parkinson trong bệnh phân loại nơi khác
G23,bệnh thoái hóa khác của hạch nền não
G23.0,bệnh hallervorden spatz
G23.1,liệt vận nhãn trên nhân tiến triển steele richardson olszewski
I08.9,bệnh lý nhiều van khác không đặc hiệu
I09,các bệnh tim khác do thấp
I09.0,viêm cơ tim do thấp
I09.1,bệnh nội tâm mạc do thấp có tổn thương van không đặc hiệu
I09.2,viêm màng ngoài tim do thấp mãn tính
I09.8,các bệnh tim do thấp khác
I09.9,bệnh tim do thấp không đặc hiệu
I10,bệnh lý tăng huyết áp
I11,bệnh tim do tăng huyết áp
I11.0,bệnh tim do tăng huyết áp có suy tim sung huyết
I11.9,bệnh tim do tăng huyết áp không suy tim sung huyết
I12,bệnh thận do tăng huyết áp
I12.0,bệnh thận do tăng huyết áp có suy thận
I12.9,bệnh thận do tăng huyết áp không suy thận
I13,bệnh tim và thận do tăng huyết áp
I13.0,bệnh tim và thận do tăng huyết áp có suy tim sung huyết
I13.1,bệnh tim và thận do tăng huyết áp có suy thận
I13.2,bệnh tim và thận do tăng huyết áp có suy tim sung huyết và suy thận
I13.9,bệnh tim và thận do tăng huyết áp không đặc hiệu
I15,tăng huyết áp thứ phát
I15.0,tăng huyết áp do nguyên nhân mạch thận
I15.1,tăng huyết áp thứ phát do bệnh thận khác
I15.2,tăng huyết áp thứ phát do rối loạn nội tiết
I15.8,tăng huyết áp thứ phát khác
I15.9,tăng huyết áp thứ phát không đặc hiệu
I20,cơn đau thắt ngực
I20.0,cơn đau thắt ngực không ổn định
I20.1,cơn đau thắt ngực do co thắt mạch
I20.8,dạng khác của cơn đau thắt ngực
I20.9,cơn đau thắt ngực không đặc hiệu
I21,nhồi máu cơ tim cấp
I21.0,nhồi máu cơ tim trước vách cấp xuyên thành của thành trước
I21.1,nhồi máu cơ tim xuyên thành cấp của thành dưới
I21.2,nhồi máu xuyên thành cấp ở vị trí khác
I21.3,nhồi máu cơ tim xuyên thành cấp không rõ vị trí
I21.4,nhồi máu cơ tim dưới nội tâm mạc cấp
M14.69,bệnh khớp do thần kinh vị trí không xác định
M14.8,bệnh khớp trong các bệnh đặc hiệu khác đã được phân loại mục khác
M14.80,bệnh khớp trong các bệnh đặc hiệu khác đã được phân loại mục khác nhiều vị trí
E83.4,rối loạn chuyển hóa magnie
E83.5,rối loạn chuyển hóa calci
E83.8,rối loạn chuyển hóa chất khóang khác
E83.9,rối loạn chuyển hóa chất khóang không đặc hiệu
E84,xơ nang
E84.0,xơ nang kèm biểu hiện tại phổi
E84.1,xơ nang kèm biểu hiện tại ruột
E84.8,xơ nang với các biểu hiện khác
E84.9,xơ nang không đặc hiệu
E85,thoái hóa dạng bột
E85.0,thoái hóa dạng bột mang tính di truyền gia đình không có bệnh lý thần kinh
E85.1,thoái hóa dạng bột mang tính di truyền gia đình có bệnh lý thần kinh
E85.2,thoái hóa dạng bột mang tính di truyền gia đình không đặc hiệu
E85.3,thoái hóa dạng bột toàn thân thứ phát
E85.4,thoái hóa dạng bột giới hạn ở cơ quan
E85.8,thoái hóa dạng bột khác
E85.9,thoái hóa dạng bột không đặc hiệu
E86,giảm thể tích
E87,rối loạn cân bằng nước điện giải và thăng bằng kiềm toan
E87.0,tăng áp suất thẩm thấu và tăng natri máu
E87.1,giảm áp suất thẩm thấu và giảm na máu
E87.2,nhiễm toan
E87.3,nhiễm kiềm
E87.4,rối loạn cân bằng kiềm toan phối hợp
E87.5,tăng kali máu
E87.6,hạ kali máu
E87.7,quá tải dịch
I23.3,biến chứng nứt thành tim không có tràn máu màng ngoài tim sau nhồi máu cơ tim cấp
I23.4,biến chứng đứt dây chằng van hai lá sau nhồi máu cơ tim cấp
I23.5,biến chứng đứt cơ nhú sau nhồi máu cơ tim cấp
I23.6,biến chứng huyết khối trong buồng tim tâm nhĩ tiểu nhĩ và tâm thất sau nhồi máu cơ tim cấp
I23.8,biến chứng khác xảy ra sau nhồi máu cơ tim cấp
I24,bệnh tim do thiếu máu cục bộ cấp khác
I24.0,huyết khối mạch vành không gây nhồi máu cơ tim
I24.1,hội chứng dressler
I24.8,dạng khác của bệnh tim thiếu máu cục bộ cấp
I24.9,bệnh tim do thiếu máu cục bộ cấp không đặc hiệu
I25,bệnh tim thiếu máu cục bộ mạn
I25.0,bệnh tim mạch do xơ vữa động mạch vành
I25.1,bệnh tim mạch do xơ vữa động mạch
I25.2,nhồi máu cơ tim cũ
I01,thấp ảnh hưởng đến tim
I01.0,viêm màng ngoài tim do thấp cấp
I01.1,viêm nội tâm mạc cấp do thấp
I01.2,viêm cơ tim do thấp cấp
I01.8,bệnh tim cấp khác do thấp
K28.5,loét dạ dày hỗng tràng mạn hay kho ng đạ c hiẹ u có thủng
K28.6,loét dạ dày hỗng tràng mạn hay kho ng đạ c hiẹ u có xuất huyết hay thủng
K28.7,loét dạ dày hỗng tràng mạn kho ng có xuất huyết hay thủng
K28.9,loét dạ dày hỗng tràng kho ng xác định là cấp hay mạn kho ng xuất huyết hay thủng
K29,viêm dạ dày và tá tràng
K29.0,viêm dạ dày xuất huyết cấp tính
K29.1,viêm dạ dày cấp khác
K29.2,viêm dạ dày do rượu
K29.3,viêm nông niêm mạc dạ dày mãn tính
M14.31,viêm khớp và da nhiễm mỡ e78 8 vùng bả vai
M14.32,viêm khớp và da nhiễm mỡ e78 8 cánh tay
M14.33,viêm khớp và da nhiễm mỡ e78 8 cẳng tay
M14.34,viêm khớp và da nhiễm mỡ e78 8 bàn tay
M14.35,viêm khớp và da nhiễm mỡ e78 8 vùng chậu và đùi
M14.36,viêm khớp và da nhiễm mỡ e78 8 cẳng chân
M14.37,viêm khớp và da nhiễm mỡ e78 8 cổ bàn chân
M14.38,viêm khớp và da nhiễm mỡ e78 8 vị trí khác
M14.39,viêm khớp và da nhiễm mỡ e78 8 vị trí không xác định
M14.4,bệnh khớp nhiễm bột e85
M14.40,bệnh khớp nhiễm bột e85 nhiều vị trí
M14.41,bệnh khớp nhiễm bột e85 vùng bả vai
M14.42,bệnh khớp nhiễm bột e85 cánh tay
M14.43,bệnh khớp nhiễm bột e85 cẳng tay
M14.44,bệnh khớp nhiễm bột e85 bàn tay
M14.45,bệnh khớp nhiễm bột e85 vùng chậu và đùi
M14.46,bệnh khớp nhiễm bột e85 cẳng chân
M14.47,bệnh khớp nhiễm bột e85 cổ bàn chân
M14.48,bệnh khớp nhiễm bột e85 vị trí khác
M14.49,bệnh khớp nhiễm bột e85 vị trí không xác định
M14.5,bệnh khớp trong các bệnh nội tiết dinh dưỡng và các bệnh chuyển hóa khác
F93.0,rối loạn lo âu chia ly ở trẻ em
F93.1,rối loạn ám ảnh sợ ở trẻ em
F93.2,rối loạn lo âu xã hội ở trẻ em
F93.3,rối loạn ganh tỵ đối với anh chị em ruột
G23.2,thoái hóa thể vân liềm đen
G23.8,bbệnh thoái hóa xác định khác của hạch nền
G23.9,bệnh thoái hóa hạch nền không đặc hiệu
G24,loạn trương lực cơ
G24.0,loạn trương lực cơ do thuốc
G24.1,loạn trương lực cơ gia đình tự phát
G24.2,loạn trương lực cơ không có tính gia đình nguyên phát
G24.3,vẹo cổ
G24.4,loạn trương lực cơ mặt miệng nguyên phát
G24.5,co thắt cơ vòng mi
G24.8,loạn trương lực cơ khác
G24.9,loạn trương lực cơ không xác định
G25,hội chứng ngoại tháp và rối loạn vận động khác
I44.7,blốc nhánh trái không đặc hiệu
I45,rối loạn dẫn truyền khác
I45.0,blốc nhánh phải
I45.1,blốc nhánh phải khác và không xác định
I45.2,blốc hai nhánh
I45.3,blốc ba nhánh
I45.4,blốc trong thất không đặc hiệu
I45.5,blốc tim xác định khác
I45.6,hội chứng kích thích sớm hội chứng tiền kích thích
I45.8,rối loạn dẫn truyền xác định khác
I45.9,rối loạn dẫn truyền không đặc hiệu
I46,ngưng tim
I46.0,ngưng tim với hồi sức thành công
I46.1,đột tử do tim được mô tả
I46.9,ngưng tim không đặc hiệu
I47,nhịp nhanh kịch phát
I47.0,loạn nhịp thất do cơ chế vòng vào lại
I47.1,nhịp nhanh trên thất
I47.2,nhịp nhanh thất
I47.9,nhịp nhanh kịch phát không đặc hiệu
L40.1,vảy nến mủ toàn thân
L40.2,viêm da đầu chi liên tục
L40.3,vảy nến thể mủ ở gan bàn tay bàn chân
L40.4,vảy nến thể giọt
L40.5,vảy nến thể khớp m07 0 m07 3 m09 0
L40.8,vảy nến khác
L40.9,vảy nến không điển hình
L41,á vảy nến
L41.0,vảy phấn dạng lichen và đậu mùa cấp tính
L41.1,vảy phấn dạng lichen mãn tính
L41.2,bệnh sẩn dạng lympho
L41.3,á vảy nến thể mảng nhỏ
L41.4,á vảy nến thể mảng lớn
M14.81,bệnh khớp trong các bệnh đặc hiệu khác đã được phân loại mục khác vùng bả vai
M14.82,bệnh khớp trong các bệnh đặc hiệu khác đã được phân loại mục khác cánh tay
M14.83,bệnh khớp trong các bệnh đặc hiệu khác đã được phân loại mục khác cẳng tay
M14.84,bệnh khớp trong các bệnh đặc hiệu khác đã được phân loại mục khác bàn tay
M14.85,bệnh khớp trong các bệnh đặc hiệu khác đã được phân loại mục khác vùng chậu và đùi
M14.86,bệnh khớp trong các bệnh đặc hiệu khác đã được phân loại mục khác cẳng chân
M14.87,bệnh khớp trong các bệnh đặc hiệu khác đã được phân loại mục khác cổ bàn chân
M14.88,bệnh khớp trong các bệnh đặc hiệu khác đã được phân loại mục khác vị trí khác
M14.89,bệnh khớp trong các bệnh đặc hiệu khác đã được phân loại mục khác vị trí không xác định
M15,thoái hóa đa khớp
M15.0,thoái hóa khớp nguyên phát có tính gia đình
M15.1,có hạt heberden có kèm tổn thương khớp
M15.2,hạt bouchard có kèm tổn thương khớp
M15.3,thoái hóa nhiều khớp thứ phát
M15.4,thoái hóa khớp kiểu bào mòn
M15.8,các thoái hóa đa khớp khác
M15.9,các thoái hóa đa khớp không đặc hiệu
M16,thoái hóa khớp háng
M16.0,thoái hóa khớp háng nguyên phát cả 2 bên
M16.1,các thoái hóa khớp háng nguyên phát khác
M16.2,các thoái hóa khớp háng do loạn dưỡng cả 2 bên
M16.3,các thoái hóa khớp háng do loạn dưỡng khác
M16.4,thoái hóa khớp háng sau chấn thương cả 2 bên
M16.5,các thoái hóa khớp háng sau chấn thương khác
M16.6,các thoái hóa khớp háng thứ phát khác cả 2 bên
M16.7,các thoái hóa khớp háng thứ phát khác
M16.9,thoái hóa khớp háng không đặc hiệu
M17,thoái hóa khớp gối
M17.0,thoái hóa khớp gối nguyên phát cả 2 bên
M17.1,thoái hóa khớp gối nguyên phát khác
G05.1,viêm não viêm tủy và viêm não tủy trong bệnh virus phân loại nơi khác
I74,thuyên tắc và huyết khối động mạch
I74.0,thuyên tắc và huyết khối động mạch chủ bụng
I74.1,thuyên tắc và huyết khối đoạn động mạch chủ khác và không xác định
I74.2,thuyên tắc và huyết khối động mạch chi trên
I74.3,thuyên tắc và huyết khối động mạch chi dưới
I25.3,phình thành tim
I25.4,phình động mạch vành
I25.5,bệnh cơ tim do thiếu máu cục bộ
I25.6,thiếu máu cơ tim thầm lặng
I25.8,dạng khác của bệnh tim thiếu máu cục bộ mạn
I25.9,bệnh tim thiếu máu cục bộ mạn không đặc hiệu
I26,tắc mạch phổi
I26.0,thuyên tắc phổi có tâm phế cấp
I26.9,thuyên tắc phổi không có tâm phế cấp
I27,các bệnh tim do phổi khác
I27.0,tăng áp động mạch phổi nguyên phát
I27.1,bệnh tim do gù vẹo cột sống
I27.2,tăng huyết áp động mạch phổi thứ phát
I27.8,bệnh tim do phổi đã xác định khác
I27.9,bệnh tim do phổi không đặc hiệu
I28,bệnh mạch máu phổi khác
I28.0,dò động tĩnh mạch phổi
I28.1,phình động mạch phổi
I28.8,bệnh mạch máu phổi xác định khác
I28.9,bệnh mạch máu phổi không đặc hiệu
I30,viêm màng ngoài tim cấp
I30.0,viêm màng ngoài tim cấp không rõ nguyên nhân không đặc hiệu
I30.1,viêm màng ngoài tim nhiễm trùng
I30.8,các thể khác của viêm màng ngoài tim cấp
I30.9,viêm màng ngoài tim cấp không đặc hiệu
I31,các bệnh màng ngoài tim khác
I31.0,viêm dày dính màng ngoài tim mạn
M23.20,sụn chêm di lệch do tổn thương rách hay chấn thương cũ nhiều vị trí
M23.21,sụn chêm di lệch do tổn thương rách hay chấn thương cũ 1dây chằng chéo trước hoặc sừng trước của sụn chêm trong
M23.22,sụn chêm di lệch do tổn thương rách hay chấn thương cũ dây chằng chéo sau hoặc sừng sau của sụn chêm trong
M23.23,sụn chêm di lệch do tổn thương rách hay chấn thương cũ dây chằng bên trong hoặc sụn chêm khác và không xác định
M23.24,sụn chêm di lệch do tổn thương rách hay chấn thương cũ dây chằng bên ngoài hoặc sừng trước của sụn chêm ngoài
M23.25,sụn chêm di lệch do tổn thương rách hay chấn thương cũ sừng sau của sụn chêm ngoài
M23.26,sụn chêm di lệch do tổn thương rách hay chấn thương cũ sụn chêm ngoài khác và không xác định
M23.27,sụn chêm di lệch do tổn thương rách hay chấn thương cũ dây chằng bao khớp
M23.29,sụn chêm di lệch do tổn thương rách hay chấn thương cũ dây chằng không xác định hoặc sụn chêm không xác định
F93.8,rối loạn cảm xúc khác ở trẻ em
F93.9,rối loạn cảm xúc ở tuổi trẻ em không biệt định
F94,các rối loạn hoạt động xã hội khởi phát đặc biệt ở tuổi trẻ em và thanh thiếu niên
F94.0,không nói chọn lọc
F94.1,rối loạn phản ứng trong sự gắn bó ở tuổi trẻ em
F94.2,rối loạn sự gắn bó giải ức chế của trẻ em
F94.8,rối loạn khác ở trẻ em về hoạt động xã hội
F94.9,rối loạn hoạt động xã hội ở trẻ em không biệt định
F95,các rối loạn tic
F95.0,rối loạn tic nhất thời
F95.1,rối loạn tic vận động hoặc lời nói mãn tính
F95.2,rối loạn kết hợp tic lời nói với tic vận động nhiều loại hội chứng tourette
I67.5,bệnh moyamoya
I67.8,bệnh mạch máu não xác định khác
I68.0,bệnh mạch máu não do thoái hóa dạng bột e85
I68.1,viêm động mạch não trong bệnh nhiễm trùng và ký sinh trùng phân loại nơi khác
I68.2,viêm động mạch não trong bệnh khác phân loại nơi khác
I68.8,ngập máu tăng ure máu trong bệnh thận mãn tính
I69,di chứng bệnh mạch máu não
I69.0,di chứng xuất huyết dưới màng nhện
I69.1,di chứng xuất huyết nội sọ
I69.2,di chứng xuất huyết nội sọ không do chấn thương khác
L02.3,áp xe da nhọt cụm nhọt ở mông
L02.4,áp xe da nhọt cụm nhọt ở chi
L02.8,áp xe da nhọt cụm nhọt ở vị trí khác
L02.9,áp xe da nhọt cụm nhọt không đặc hiệu
L03,viêm mô bào
L03.0,viêm mô bào ở ngón tay và ngón chân
L03.1,viêm mô bào ở các phần khác của chi
L03.2,viêm mô bào ở mặt
L03.3,viêm mô bào ở thân
L03.8,viêm mô bào ở vị trí khác
M20.5,các biến dạng khác của ngón chân mắc phải
M20.6,các biến dạng mắc phải khác của ngón chân không đặc hiệu
M21,biến dạng mắc phải khác của chi
M21.0,biến dạng vẹo ra ngoài không xếp loại ở mục khác
M21.1,biến dạng vẹo vào trong không xếp loại ở mục khác
M21.2,biến dạng gấp
M21.3,biến dạng cổ tay hoặc bàn chân rủ mắc phải
M21.4,biến dạng bàn chân phẳng mắc phải
M21.5,biến dạng bàn tay quặp bàn tay vẹo bàn chân quặp bàn chân vẹo mắc phải
M21.6,các biến dạng mắc phải khác của cổ chân và bàn chân
M21.7,chi lệch mắc phải
M21.8,biến dạng mắc phải đặc hiệu khác của chi
M21.9,biến dạng mắc phải không đặc hiệu của chi
M22,các bất thường của xương bánh chè
M22.0,trật xương bánh chè tái phát
M22.1,bán trật xương bánh chè tái phát
M22.2,bất thường khớp đùi bánh chè
M22.3,các loại trật khác của xương bánh chè
M22.4,chứng nhuyễn sụn xương bánh chè
M22.8,các bất thường của xương bánh chè
M22.9,các bất thường của xương bánh chè không đặc hiệu
M23,tổn thương bên trong khớp gối
M23.0,kén nang sụn chêm
M23.00,kén nang sụn chêm nhiều vị trí
M23.01,kén nang sụn chêm dây chằng chéo trước hoặc sừng trước của sụn chêm trong
M23.02,kén nang sụn chêm dây chằng chéo sau hoặc sừng sau của sụn chêm trong
M23.03,kén nang sụn chêm dây chằng bên trong hoặc sụn chêm khác và không xác định
I48,rung nhĩ và cuồng nhĩ
I48.0,rung nhĩ kịch phát
I48.1,rung nhĩ dai dẳng
I48.2,rung nhĩ mãn tính
I48.3,rung nhĩ điển hình
I48.4,cuồng nhĩ không điển hình
I48.9,rung nhĩ và cuồng nhĩ không đặc hiệu
I49,loạn nhịp tim khác
I49.0,rung thất và cuồng thất
I49.1,ngoại tâm thu nhĩ
I49.2,khử cực sớm vùng bộ nối
I49.3,ngoại tâm thu thất
I49.4,khử cực sớm khác và không xác định
I49.5,hội chứng suy nút xoang
I49.8,loạn nhịp tim xác định khác
I74.4,thuyên tắc và huyết khối động mạch chi không đặc hiệu
I74.5,thuyên tắc và huyết khối động mạch chậu
I74.8,thuyên tắc và huyết khối động mạch khác
I74.9,thuyên tắc và huyết khối động mạch không xác định
I77,các bệnh khác của hệ động mạch và tiểu động mạch
I77.0,dò động tĩnh mạch mắc phải
I77.1,co hẹp động mạch
I77.2,vỡ động mạch
I77.3,loạn sản chun xơ cơ của động mạch
I77.4,hội chứng chèn ép động mạch tạng
I77.5,hoại tử động mạch
I77.6,viêm động mạch không đặc hiệu
I77.8,bệnh xác định khác của động mạch và tiểu động mạch
I77.9,bệnh động mạch và tiểu động mạch không đặc hiệu
I78,bệnh của mao mạch
I78.0,dãn mạch di truyền xuất huyết
I78.1,tổn thương mạch máu trên da naevus không tân sinh
I78.8,bệnh khác của mao mạch
I78.9,bệnh khác của mao mạch không đặc hiệu
I79,bệnh động mạch tiểu động mạch và mao mạch trong bệnh phân loại nơi khác
I79.0,phình động mạch chủ trong bệnh phân loại nơi khác
I79.1,viêm động mạch chủ trong bệnh phân loại nơi khác
I79.8,bệnh động mạch tiểu động mạch và mao mạch trong bệnh phân loại nơi khác
L23.6,viêm da dị ứng tiếp xúc do thực phẩm
L23.7,viêm da dị ứng tiếp xúc do thực vật ngoại trừ thực phẩm
L23.8,viêm da dị ứng tiếp xúc do tác nhân khác
L23.9,viêm da dị ứng tiếp xúc nguyên nhân không đặc hiệu
L24,viêm da tiếp xúc kích ứng
L24.0,viêm da tiếp xúc kích ứng do chất tẩy rửa
L24.1,viêm da tiếp xúc kích ứng do dầu mỡ
L24.2,viêm da tiếp xúc kích ứng do dung môi
L24.3,viêm da tiếp xúc kích ứng do mỹ phẩm
G90.9,bệnh hệ thần kinh tự động không đặc hiệu
G91,tràn dịch não
G91.0,tràn dịch não thông
G91.1,tràn dịch não tắc
G91.2,tràn dịch não áp lực bình thường
G91.3,tràn dịch não sau chấn thương không đặc hiệu
G91.8,tràn dịch não khác
M23.3,các tổn thương sụn chêm khác
M23.4,dị vật nội khớp
M23.5,tổn thương mất vững mãn tính của khớp gối
M23.6,các đứt tự phát khác của dây chằng trong khớp gối
M23.8,các bệnh bên trong khác của khớp gối
M23.9,bệnh bên trong khớp gối không đặc hiệu
M24,các tổn thương đặc hiệu khác ở khớp
M24.0,dị vật nội khớp
M24.1,các bệnh sụn khớp khác
M24.2,bệnh dây chằng
M24.3,trật và bán trật bệnh lý của khớp chưa được xếp loại ở mục khác
M24.4,trật và bán trật khớp tái phát của khớp
M24.5,cứng khớp
M24.6,dính khớp
M24.7,lồi vào trong ổ cối protrusioacetabuli
M24.8,các bệnh khớp đặc hiệu khác không xếp loại ở mục khác
M24.9,những bệnh lý khớp không đặc hiệu
M25,bệnh khớp khác không được xếp loại ở mục khác
M25.0,chảy máu khớp
M25.1,rò khớp
M25.2,lỏng lẻo khớp
M25.3,các tổn thương mất vững khác của khớp
M25.4,tràn dịch khớp
M25.5,đau khớp
M25.6,cứng khớp không xếp loại ở mục khác
M25.7,gai xương
M25.8,các bệnh khớp đặc hiệu khác
M25.9,các bệnh khớp không đặc hiệu
I97.9,rối loạn hệ tuần hoàn sau phẫu thuật không đặc hiệu
I98,rối loạn khác của hệ tuần hoàn trong bệnh phân loại nơi khác
I98.0,giang mai tim mạch
L43,lichen phẳng
L43.0,lichen phẳng phì đại
L43.1,lichen phẳng bọng nước
L43.2,phản ứng thuốc dạng lichen
L43.3,lichen phẳng bán cấp hoạt tính
L43.8,lichen phẳng khác
L43.9,lichen phẳng không đặc hiệu
L44,các bệnh sẩn có vảy khác
L44.0,vảy phấn đỏ nang lông
L44.1,lichen hình chuỗi hạt
L44.2,lichen thành dải
L44.3,lichen dạng vằn
L44.4,viêm da đầu chi dạng sẩn ở trẻ em glannotti crosti
L03.9,viêm mô bào không đặc hiệu
L04,viêm hạch bạch huyết cấp tính
L04.0,viêm hạch bạch huyết cấp ở mặt đầu và cổ
L04.1,viêm bạch mạch huyết cấp ở thân
L04.2,viêm bạch mạch huyết cấp ở chi trên
L04.3,viêm bạch mạch huyết cấp ở chi dưới
L04.8,viêm hạch bạch huyết cấp ở các vị trí khác
L04.9,viêm bạch mạch huyết cấp không đặc hiệu
L05,kén nang lông
L05.0,kén nang lông áp xe hóa
L05.9,kén nang lông không áp xe hóa
L08,nhiễm khuẩn khu trú khác của da và mô dưới da
L08.0,viêm da mủ
L08.1,bệnh erythrasma
G72,bệnh cơ khác
G72.0,bệnh cơ do thuốc
G72.1,bệnh cơ do rượu
G72.2,bệnh cơ do độc tố khác
G72.3,liệt chu kỳ
G72.4,viêm cơ không phân loại nơi khác
G72.8,bệnh cơ xác định khác
G72.9,bệnh cơ không đặc hiệu
G73,bệnh khớp thần kinh cơ và cơ trong các bệnh phân loại nơi khác
G73.0,hội chứng nhược cơ trong bệnh nội tiết
G73.1,hội chứng lambert eaton c80
G73.2,hội chứng nhược cơ khác trong u c00 d48
G73.3,hội chứng nhược cơ trong các bệnh khác phân loại nơi khác
G73.4,bệnh cơ trong bệnh nhiễm trùng và ký sinh trùng phân loại nơi khác
G73.5,bệnh cơ trong bệnh nội tiết
G73.6,bệnh cơ trong bệnh chuyển hóa
G73.7,bệnh cơ trong bệnh khác phân loại nơi khác
G80,bại não
G80.0,bại não liệt tứ chi co cứng
G80.1,bại não liệt co cứng hai bên
G80.2,bại não liệt nửa người co cứng
G80.3,bại não loạn động
G80.4,bại não thất điều
G80.8,bại não khác
G80.9,bại não không đặc hiệu
G81,liệt nửa người
G81.0,liệt mềm nửa người
G81.1,liệt cứng nửa người
G81.9,liệt nửa người không đặc hiệu
G82,liệt hai chân và liệt tứ chi
S77.2,crushing injury of hip with thigh
S78,chấn thương cắt cụt ở háng và đùi
S78.0,chấn thương cắt cụt ở háng và đùi
S78.1,chấn thương cắt cụt tầm giữa háng và khớp gối
S78.9,chấn thương cắt cụt háng và đùi tầm chưa xác định
S79,tổn thương khác chưa xác định của háng và đùi
S79.7,đa tổn thương ở háng và đùi
S79.8,tổn thương khác xác định của háng và đùi
S79.9,tổn thương chưa xác định của háng và đùi
S80,tổn thương nông tại cẳng chân
S80.0,đụng giập tại đầu gối
S80.1,đụng giập tại phần khác và chưa xác định của cẳng chân
S80.7,đa tổn thương nông tại cẳng chân
S80.8,tổn thương nông khác tại cẳng chân
S80.9,tổn thương nông tại cẳng chân chưa xác định
S81,vết thương hở tại cẳng chân
S81.0,vết thương hở đầu gối
S81.7,đa vết thương hở chi dưới
S81.8,vết thương hở phần khác của chi dưới
S81.9,vết thương hở chi dưới phần không xác định
S82,gãy xương cẳng chân bao gồm cổ chân
S82.0,gãy xương bánh chè
S82.00,gãy xương bánh chè gãy kín
S82.01,gãy xương bánh chè gãy hở
S82.1,gãy đầu trên của xương chày
S82.10,gãy đầu trên của xương chày gãy kín
V63,người trên xtn bị thương khi va chạm với ô tô tải xe kéo
V64,người trên xtn bị thương khi va chạm với xtn hay xe buýt
V65,người trên xtn bị thương khi va chạm với tầu hỏa hay ô tô ray
V66,người trên xtn bị thương khi va chạm với xe không động cơ khác
V67,người trên xtn bị thương khi va chạm với vật cố định hay tĩnh vật
V68,người trên xtn bị thương trong tai nạn giao thông không có va chạm
V69,người trên xtn bị thương trong tai nạn giao thông khác không rõ đặc điểm
V69.0,lái xe bị thương khi va chạm với xe có động cơ khác không rõ đặc điểm không phải trong tai nạn giao thông
V69.1,người đi xe bị thương khi va chạm với xe có động cơ khác không rõ đặc điểm không phải trong tai nạn giao thông
V69.2,người đi xe tải nặng không rõ đặc điểm bị thương khi va chạm với xe có động cơ không rõ đặc điểm khác không phải trong tai nạn giao thông
G91.9,tràn dịch não không đặc hiệu
G92,bệnh não nhiễm độc
G93,bệnh khác của não
G93.0,kén dịch não
G93.1,tổn thương não do thiếu oxy không phân loại nơi khác
G93.2,tăng áp lực trong sọ lành tính
G93.3,hội chứng mệt mỏi sau nhiễm virus
G93.4,bệnh não không đặc hiệu
G93.5,chèn ép não
G93.6,phù não
G93.7,hội chứng reye
G93.8,các bệnh xác định khác của não
G93.9,bệnh não không đặc hiệu
G94,bệnh khác của não trong bệnh phân loại nơi khác
G94.0,tràn dịch não trong bệnh nhiễm trùng và ký sinh trùng phân loại ở mục khác a00 b99
G94.1,tràn dịch não trong u c00 d48
G94.2,tràn dịch não trong các bệnh khác phân loại nơi khác
G94.8,các bệnh xác định khác của não trong các bệnh phân loại nơi khác
G95,bệnh khác của tủy sống
G95.0,bệnh rỗng tủy sống và rỗng hành não
G95.1,bệnh mạch máu tủy
G95.2,chèn ép tủy không đặc hiệu
G95.8,các bệnh tủy xác định khác của tủy
G95.9,bệnh của tủy không đặc hiệu
G96,bệnh khác của hệ thần kinh trung ương
G96.0,dò dịch não tủy
G96.1,bệnh màng não không phân loại nơi khác
G96.8,bệnh xác định khác của hệ thần kinh trung ương
G96.9,bệnh thần kinh trung ương không đặc hiệu
G97,bệnh hệ thần kinh sau thủ thuật không phân loại nơi khác
G97.0,dò dịch não tủy do chọc dò thắt lưng
G97.1,phản ứng khác đối với chọc dò thắt lưng
G97.2,hạ áp lực nội sọ sau dẫn lưu não thất
G97.8,bệnh khác của hệ thần kinh sau thủ thuật
I21.9,nhồi máu cơ tim cấp không đặc hiệu
I22,nhồi máu cơ tim tiến triển
I22.0,nhồi máu cơ tim tiến triển của thành trước
K43.3,thoát vị cạnh miệng nối có tắc không hoại thư
K43.4,thoát vị cạnh miệng nối có hoại thư
K43.5,thoát vị cạnh miệng nối không tắc hay hoại thư
K43.6,thoát vị bụng khác và không xác định có tắc nghẽn không hoại thư
L44.8,các bệnh sẩn có vảy đặc hiệu khác
L44.9,các bệnh sẩn có vảy không điển hình
L45,các bệnh sẩn có vảy trong các bệnh đã phân loại ở nơi khác
L50,mày đay
L50.0,mày đay dị ứng
L50.1,mày đay tự phát
L50.2,mày đay do lạnh và nóng
L50.3,da vẽ nổi
L50.4,mày đay do rung động
L50.5,mày đay do cholin
L50.6,mày đay tiếp xúc
L50.8,mày đay khác
L50.9,mày đay không đặc hiệu
L51,hồng ban đa dạng
L51.0,hồng ban đa dạng không có bọng nước
L51.1,hồng ban đa dạng có bọng nước
L51.2,hoại tử thượng bì nhiễm độc lyell
L51.8,hồng ban đa dạng khác
L51.9,hồng ban đa dạng không điển hình
L52,hồng ban nút
L53,các trạng thái hồng ban khác
L53.0,hồng ban do nhiễm độc
L53.1,hồng ban hình nhẫn
L53.2,hồng ban hình bản đồ
L53.3,hồng ban mãn tính khác
L53.8,các tình trạng hồng ban đặc hiệu khác
L53.9,các tình trạng hồng ban không điển hình
M09.08,viêm khớp thiếu niên sau vảy nến k50 _ vị trí khác
M09.09,viêm khớp thiếu niên sau vảy nến k50 _ vị trí không xác định
M09.1,viêm khớp trẻ em trong bệnh crohn viêm ruột đoạn k50
M09.10,viêm khớp trẻ em trong bệnh crohn viêm ruột đoạn k50 nhiều vị trí
M09.11,viêm khớp trẻ em trong bệnh crohn viêm ruột đoạn k50 vùng bả vai
M09.12,viêm khớp trẻ em trong bệnh crohn viêm ruột đoạn k50 cánh tay
M09.13,viêm khớp trẻ em trong bệnh crohn viêm ruột đoạn k50 cẳng tay
M09.14,viêm khớp trẻ em trong bệnh crohn viêm ruột đoạn k50 bàn tay
M09.15,viêm khớp trẻ em trong bệnh crohn viêm ruột đoạn k50 vùng chậu và đùi
M09.16,viêm khớp trẻ em trong bệnh crohn viêm ruột đoạn k50 cẳng chân
M09.17,viêm khớp trẻ em trong bệnh crohn viêm ruột đoạn k50 cổ bàn chân
M09.18,viêm khớp trẻ em trong bệnh crohn viêm ruột đoạn k50 vị trí khác
G82.0,liệt mềm hai chi dưới
G82.1,liệt cứng hai chi dưới
G82.2,liệt hai chi dưới không đặc hiệu
G82.3,liệt mềm tứ chi
G82.4,liệt cứng tứ chi
G82.5,liệt tứ chi không đặc hiệu
G83,hội chứng liệt khác
G83.0,liệt hai chi trên
G83.1,liệt một chi dưới
G83.2,liệt một chi trên
G83.3,liệt một chi không đặc hiệu
G83.4,hội chứng đuôi ngựa
I98.1,rối loạn tim mạch trong bệnh nhiễm trùng và ký sinh trùng khác phân loại nơi khác
K29.4,viêm teo niêm mạc dạ dày mãn tính
K29.5,viêm dạ dày mạn không đặc hiệu
K29.6,viêm dạ dày khác
K29.7,viêm dạ dày không đặc hiệu
K29.8,viêm tá tràng
K29.9,viêm dạ dày tá tràng không đặc hiệu
K30,khó tiêu chức năng
K31,bệnh khác của dạ dày và tá tràng
K31.0,dãn dạ dày cấp
K31.1,hẹp môn vị do phì đại ở người lớn
K31.2,hẹp dạ dày và chít hẹp dạng đồng hồ cát
K31.3,co thắt môn vị không phân loại nơi khác
K31.4,túi thừa dạ dày
K31.5,tắc tá tràng
K31.6,dò dạ dày và tá tràng
K31.7,polyp dạ dày và tá tràng
K31.8,bệnh dạ dày và tá tràng đặc hiệu khác
K31.9,bệnh dạ dày và tá tràng không đặc hiệu
K35,viêm ruột thừa cấp
K35.0,viêm ruột thừa với viêm phúc mạc toàn bộ
K35.1,viêm ruột thừa cấp với áp xe phúc mạc
K35.2,viêm ruột thừa cấp tính kèm viêm phúc mạc toàn bộ
K35.3,viêm ruột thừa cấp tính kèm viêm phúc mạc khu trú
K35.8,viêm ruột thừa cấp tính khác và không đặc hiệu
K35.9,viêm ruột thừa cấp không đặc hiệu
K36,viêm ruột thừa khác
K37,viêm ruột thừa không đặc hiệu
K38,bệnh khác của ruột thừa
K38.0,tăng sản ở ruột thừa
K38.1,sỏi ở ruột thừa
K38.2,túi thừa của ruột thừa
K38.3,dò ruột thừa
K38.8,bệnh ruột thừa đặc hiệu khác
L41.5,á vảy nến dạng lưới
L41.8,á vảy nến khác
L41.9,á vảy nến không điển hình
L42,vảy phấn hồng
E23,suy chức năng và rối loạn khác của tuyến yên
E23.0,suy tuyến yên
E23.1,suy tuyến yên do thuốc
E23.2,đái tháo nhạt
E23.3,rối loạn chức năng vùng dưới đồi chưa được phân loại ở phần khác
E23.6,rối loạn khác của tuyến yên
E23.7,rối loạn tuyến yên không đặc hiệu
E24,hội chứng cushing
E24.0,bệnh cushing phụ thuộc tuyến yên
E24.1,hội chứng nelson
E24.2,hội chứng cushing do thuốc
E24.3,hội chứng acth lạc chỗ
E24.4,hội chứng cushing giả do rượu
E24.8,hội chứng cushing khác
E24.9,hội chứng cushing không đặc hiệu
E25,rối loạn thượng thận sinh dục
E25.0,rối loạn thượng thận sinh dục bẩm sinh kết hợp với thiếu enzym
E25.8,các rối loạn khác của thượng thận sinh dục
E25.9,rối loạn thượng thận sinh dục không đặc hiệu
E26,cường aldosterone
E26.0,cường aldosterone nguyên phát
E26.1,cường aldosterone thứ phát
E26.8,cường aldosterone thứ phát
E26.9,cường aldosterone không đặc hiệu
E27,các rối loạn khác của tuyến thượng thận
E27.0,tăng hoạt động vỏ thượng thận khác
E27.1,thiểu năng vỏ thượng thận nguyên phát
E27.2,cơn addison
J20.9,viêm phế quản cấp không phân loại
J21,viêm tiểu phế quản cấp
J21.0,viêm tiểu phế quản cấp do virus hợp bào hô hấp
J21.1,viêm tiểu phế quản cấp tính do metapneumovirus người
J21.8,viêm tiểu phế quản cấp do vi sinh vật khác đã được định danh
J21.9,viêm tiểu phế quản cấp không phân loại
J22,nhiễm trùng hô hấp dưới cấp không phân loại
J30,viêm mũi vận mạch và viêm mũi dị ứng
J30.0,viêm mũi vận mạch
J30.1,viêm mũi dị ứng do phấn hoa
J30.2,viêm mũi dị ứng theo mùa khác
J30.3,viêm mũi dị ứng khác
K43.7,thoát vị bụng khác và không xác định có hoại thư
K43.9,thoát vị bụng không tắc hay hoại thư
K44,thoát vị hoành
K44.0,thoát vị hoành có tắc không hoại tử
K44.1,thoát vị hoành có hoại tử
K44.9,thoát vị hoành không tắc hay hoại tử
K45,thoát vị bụng khác
K45.0,thoát vị bụng xác định khác có tắc không hoại thư
K45.1,thoát vị bụng đặc hiệu khác có hoại tử
K45.8,thoát vị bụng đặc hiệu khác không tắc hay hoại tử
K46,thoát vị bụng không đặc hiệu
K46.0,thoát vị bụng không đặc hiệu có tắc không hoại tử
K46.1,thoát vị bụng không đặc hiệu có hoại tử
K46.9,thoát vị bụng không đặc hiệu không tắc hay hoại tử
K50,bệnh crohn viêm ruột từng vùng
K50.0,bệnh crohn của ruột non
K50.1,bênh crohn của đại tràng
K50.8,bệnh crohn khác
K50.9,bệnh crohn không đặc hiệu
K51,viêm loét đại tràng chảy máu
K51.0,viêm loét toàn ruột mãn tính
K51.1,viêm loét hồi đại tràng mãn
K51.2,viêm loét trực tràng chảy máu mạn
K51.3,viêm loét đại tràng sigma trực tràng chảy máu mạn
K51.4,nhiều polyp viêm
K51.5,viêm loét đại tràng chảy máu nửa đại tràng trái
K51.8,viêm loét đại tràng chảy máu phần khác
K51.9,viêm loét đại tràng chảy máu không đặc hiệu
K52,viêm dạ dày ruột và viêm đại tràng khác không nhiễm trùng khác
K52.0,viêm dạ dày ruột và đại tràng do tia xạ
K52.1,viêm dạ dày ruột và đại tràng do nhiễm độc
K52.2,viêm dạ dày ruột và đại tràng do dị ứng và thức ăn
K52.3,viêm đại tràng không xác định
G05.2,viêm não viêm tủy và viêm não tủy trong bệnh nhiễm trùng ký sinh trùng khác phân loại ở mục khác
G05.8,viêm não viêm tủy và viêm não tủy trong bệnh khác phân loại nơi khác
G06,áp xe và u hạt nội sọ và nội tủy
G06.0,áp xe và u hạt nội sọ
G06.1,áp xe và u hạt nội tủy
G06.2,áp xe ngoài màng cứng và dưới màng cứng không đặc hiệu
G07,áp xe và u hạt nội sọ và nội tủy trong bệnh phân loại ở mục khác
M09.19,viêm khớp trẻ em trong bệnh crohn viêm ruột đoạn k50 vị trí không xác định
M09.2,viêm khớp trẻ em trong bệnh viêm loét đại tràng k51
M09.20,viêm khớp trẻ em trong bệnh viêm loét đại tràng k51 nhiều vị trí
M09.21,viêm khớp trẻ em trong bệnh viêm loét đại tràng k51 vùng bả vai
M09.22,viêm khớp trẻ em trong bệnh viêm loét đại tràng k51 cánh tay
F38.8,rối loạn khí sắc cảm xúc biệt định khác
F39,rối loạn khí sắc cảm xúc biệt định
F40,rối loạn lo âu ám ảnh sợ hãi
F40.0,ám ảnh sợ khoảng trống
F40.1,ám ảnh sợ xã hội
F40.2,ám ảnh sợ đặc hiệu riêng lẻ
F40.8,các rối loạn lo âu ám ảnh sợ khác
F40.9,rối loạn lo âu ám ảnh sợ không biệt định
F41,các rối loạn lo âu khác
F41.0,rối loạn hoảng sợ lo âu kịch phát từng giai đoạn
F41.1,rối loạn lo âu lan toả
F41.2,rối loạn hỗn hợp lo âu và trầm cảm
F41.3,các rối loạn lo âu hỗn hợp khác
F41.8,các rối loạn lo âu biệt định khác
F41.9,rối loạn lo âu không biệt định
F42,rối loạn ám ảnh nghi thức
F42.0,những ý tưởng hoặc nghiền ngẫm ám ảnh chiếm ưu thế
I31.1,viêm màng ngoài tim co thắt mạn
I31.2,tràn máu ngoại tâm mạc không phân loại nơi khác
I31.3,tràn dịch màng ngoài tim không do viêm
I31.8,bệnh màng ngoài tim khác
I31.9,bệnh ngoại tâm mạc không đặc hiệu
I32,viêm màng ngoài tim trong bệnh phân loại nơi khác
I32.0,viêm màng ngoài tim trong bệnh nhiễm khuẩn phân loại nơi khác
I32.1,viêm màng ngoài tim trong bệnh nhiễm trùng và ký sinh trùng khác phân loại nơi khác
I32.8,viêm màng ngoài tim trong bệnh khác phân loại nơi khác
I33,viêm nội tâm mạc cấp và bán cấp
I33.0,viêm nội tâm mạc nhiễm trùng cấp và bán cấp
I33.9,viêm nội tâm mạc cấp không đặc hiệu
I34,bệnh van hai lá không do thấp
I34.0,hở van hai lá
K58,hội chứng ruột kích thích
K58.0,hội chứng ruột kích thích có tiêu chảy
K38.9,bệnh ruột thừa không đặc hiệu
K40,thoát vị bẹn
K40.0,thoát vị bẹn hai bên có tắc không hoại tử
K40.1,thoát vị bẹn hai bên có hoại tử
K40.2,thoát vị bẹn hai bên không tắc hay hoại thư
K40.3,thoát vị bẹn một bên hay không xác định có tắc không hoại tử
K40.4,thoát vị bẹn một bên hay không đặc hiệu có hoại tử
K40.9,thoát vị bẹn một bên hay không đặc hiệu không tắc hay hoại tử
K41,thoát vị đùi
K41.0,thoát vị đùi hai bên có tắc không hoại tử
F95.8,các rối loạn tic khác
F95.9,rối loạn tic không biệt định
F98,các rối loạn tác phong và cảm xúc khác thường khởi phát ở lứa tuổi trẻ em và thanh thiếu niên
F98.0,đái dầm không thực tổn
F98.1,ỉa bậy không do thực tổn
F98.2,rối loạn ăn uống ở trẻ dưới một năm và trẻ em
F98.3,chứng ăn chất không dinh dưỡng ở trẻ dưới một năm và trẻ em
F98.4,rối loạn động tác định hình
F98.5,nói lắp
F98.6,nói lúng búng
F98.8,rối loạn hành vi cảm xúc biệt định khác thường khởi phát trong tuổi trẻ em và thanh thiếu niên
F98.9,các rối loạn hành vi và cảm xúc biệt không biệt định c thường khởi phát trong tuổi trẻ em và thanh thiếu niên
F99,rối loạn tâm thần không biệt định khác
G00,viêm màng não vi khuẩn không phân loại nơi khác
G00.0,viêm màng não do haemophilus
G00.1,viêm màng não do phế cầu
G00.2,viêm màng não do liên cầu
G00.3,viêm màng não do tụ cầu
G00.8,viêm màng não do vi khuẩn khác
G00.9,viêm màng não vi khuẩn không biệt định
G01,viêm màng não trong bệnh nhiễm khuẩn phân loại ở mục khác
G02,viêm màng não trong bệnh nhiễm trùng và ký sinh trùng phân loại ở mục khác
G02.0,viêm màng não trong bệnh virus phân loại ở mục khác
G02.1,viêm màng não trong bệnh nấm
G02.8,viêm màng não trong bệnh nhiễm trùng và ký sinh trùng biệt định khác phân loại ở mục khác
I49.9,rối loạn nhịp tim không đặc hiệu
I50,suy tim
I50.0,suy tim sung huyết
I50.1,suy thất trái
I50.9,suy tim không đặc hiệu
I51,biến chứng và bệnh lý được xác định là do bệnh tim mạch
I51.0,thông vách ngăn tim mắc phải
I51.1,đứt dây chằng van tim không có trong phân loại nơi khác
I51.2,đứt cơ nhú không có trong phân loại nơi khác
I51.3,huyết khối trong tim không phân loại nơi khác
I51.4,viêm cơ tim không đặc hiệu
I51.5,thoái hóa cơ tim
I51.6,bệnh tim mạch không đặc hiệu
I51.7,tim to
I51.8,bệnh lý khác được xác định là bệnh lý của tim
I51.9,bệnh tim không đặc hiệu
I52,các bệnh lý khác trong các bệnh đã phân loại nơi khác
I52.0,bệnh tim khác trong bệnh nhiễm trùng phân loại nơi khác
I52.1,bệnh tim khác trong bệnh nhiễm trùng và ký sinh trùng khác phân loại nơi khác
E27.3,thiểu năng vỏ thượng thận do thuốc
E27.4,thiểu năng vỏ thượng thận khác và không đặc hiệu
E27.5,tăng năng tủy thượng thận
E27.8,các rối loạn xác định khác của tuyến thượng thận
E27.9,rối loạn tuyến thượng thận không đặc hiệu
E28,rối loạn chức năng buồng trứng
E28.0,thừa estrogen
E28.1,thừa androgen
E28.2,hội chứng buồng trứng đa nang
E28.3,suy buồng trứng nguyên phát
E28.8,rối loạn chức năng buồng trứng khác
E28.9,các thể rối loạn chức năng buồng trứng không đặc hiệu
E29,rối loạn chức năng tinh hoàn
E29.0,cường năng tinh hoàn
G08,viêm tĩnh mạch và viêm tắc tĩnh mạch nội sọ và nội tủy
G09,di chứng của bệnh viêm hệ thần kinh trung ương
G10,bệnh hungtington
G11,thất điều di truyền
G11.0,thất điều bẩm sinh không tiến triển
G11.1,thất điều tiểu não khởi phát sớm
G11.2,thất điều tiểu não khởi phát muộn
G11.3,thất điều tiểu não với rối loạn sửa chữa dna
G11.4,liệt cứng hai chân di truyền
G11.8,thất điều di truyền khác
G11.9,thất điều di truyền không đặc hiệu
G12,teo cơ do tổn thương tủy sống và hội chứng liên quan
G12.0,teo cơ do tủy trẻ em loại i werdnig hofman
G12.1,teo cơ do tủy sống di truyền khác
G12.2,bệnh tế bào thần kinh vận động
G12.8,teo cơ tủy khác và hội chứng liên quan
G12.9,teo cơ tủy sống không đặc hiệu
G13,bệnh teo hệ thống ảnh hưởng chủ yếu tới hệ thần kinh trung ương trong bệnh phân loại nơi khác
G13.0,bệnh thần kinh cơ và bệnh thần kinh cận u
G13.1,bệnh teo hệ thống ảnh hưởng chủ yếu tới hệ thần kinh trung ương khác trong u
G13.2,bệnh teo hệ thống ảnh hưởng chủ yếu tới hệ thần kinh trung ương trong bệnh phù niêm e00 1 e03
G13.8,bệnh teo hệ thống ảnh hưởng chủ yếu tới hệ thần kinh trung ương trong bệnh khác phân loại nơi khác
G14,hội chứng sau bại liệt
G20,bẹ nh parkinson
G21,hội chứng parkinson thứ phát
G21.0,hội chứng an thần kinh ác tính
G21.1,hội chứng parkinson thứ phát khác do thuốc
L24.4,viêm da tiếp xúc kích ứng do thuốc tại chỗ
L24.5,viêm da tiếp xúc kích ứng do các hóa chất khác
L24.6,viêm da tiếp xúc kích ứng do thực phẩm
L24.7,viêm da tiếp xúc kích ứng do thực vật ngoại trừ thực phẩm
L24.8,viêm da tiếp xúc kích ứng do tác nhân khác
L24.9,viêm da tiếp xúc kích ứng nguyên nhân không đặc hiệu
L25,viêm da tiếp xúc không đặc hiệu
L25.0,viêm da tiếp xúc không đặc hiệu do mỹ phẩm
K58.9,hội chứng ruột kích thích không tiêu chảy
K59,rối loạn chức năng khác của ruột
K59.0,táo bón
K59.1,tiêu chảy rối loạn chức năng
K59.2,rối loạn ruột do nguyên nhân thần kinh không phân loại nơi khác
K59.3,phình đại tràng không phần loại nơi khác
K59.4,co thắt hậu môn
K59.8,rối loạn chức năng đặc hiệu khác
K59.9,rối loạn ruột chức năng không đặc hiệu
K60,rò vùng hậu môn và trực tràng
K60.0,nứt kẽ hậu môn cấp
K60.1,nứt kẽ hậu môn mạn
K60.2,nứt ống hậu môn không đặc hiệu
K60.3,rò hậu môn
K60.4,rò trực tràng
K60.5,rò hậu môn trực tràng
K61,áp xe vùng hậu môn trực tràng
K61.0,áp xe hậu môn
K61.1,áp xe trực tràng
K61.2,áp xe hậu môn trực tràng
K61.3,áp xe ụ ngồi trực tràng
K61.4,áp xe trong cơ thắt hậu môn
K62,bệnh khác của hậu môn và trực tràng
K62.0,polip hậu môn
K62.1,polip trực tràng
K62.2,sa hậu môn
M30,viêm nút quanh động mạch và bệnh liên quan
M30.0,viêm đa động mạch hình nút
M30.1,viêm đa động mạch có tổn thương phổi churg strauss
M30.2,viêm đa động mạch trẻ em
M30.3,hội chứng hạch da niêm mạc kawasaki
M30.8,các bệnh khác liên quan đến viêm nút quanh động mạch
M31,bệnh mạch máu hoại tử khác
M31.0,viêm đa mạch quá mẫn
M31.1,bệnh vi mạch có huyết khối
M31.2,bệnh u hạt ác tính dòng giữa
M31.3,bệnh u hạt wegener
M31.4,hội chứng quai động mạch chủ takayasu
G25.0,run vô căn
G25.1,run do thuốc
G25.2,các thể run khác
G25.3,giật cơ
G25.4,múa giật do thuốc
G25.5,múa giật khác
G25.6,tic thói tật do thuốc và các tic thói tật khác do nguyên nhân thực thể
G25.8,hội chứng ngoại tháp và rối loạn vận động
G03,viêm màng não do nguyên nhân khác và không xác định
G03.0,viêm màng não không sinh mủ
G03.1,viêm màng não mãn tính
G03.2,viêm màng não tái diễn lành tính mollaret
G03.8,viêm màng não do nguyên nhân biệt định khác
G03.9,viêm màng não không biệt định
G04,viêm não viêm tủy và viêm não tủy
G04.0,viêm não rải rác cấp tính
G04.1,liệt co cứng hai chân vùng nhiệt đới
G04.2,viêm não màng não và viêm tủy màng tủy do vi khuẩn không phân loại ở mục khác
L08.8,các nhiễm trùng khu trú ở da và tổ chức dưới da đặc hiệu khác
L08.9,các nhiễm trùng khu trú ở da và tổ chức dưới da không đặc hiệu
L10,pemphigus
L10.0,pemphigus thông thường
L10.1,pemphigus sùi
L10.2,pemphigus vảy lá
L10.3,pemphigus brazil
L10.4,pemphigus đỏ da
L10.5,pemphigus do thuốc
L10.8,các pemphigus khác
L10.9,pemphigus không đặc hiệu
L11,các bệnh da ly gai khác
L11.0,dày sừng nang lông mắc phải
L11.1,bệnh da do tiêu lớp gai thoáng qua grover
L11.8,các bệnh ly gai đặc hiệu khác
L11.9,các bệnh ly gai không đặc hiệu
L12,pemphigus
L12.0,pemphigoid bọng nước
L12.1,pemphigoid sẹo
L12.2,bệnh bọng nước mãn tính ở trẻ em
L12.3,ly thượng bì bọng nước mắc phải
L12.8,pemphigoid khác
L12.9,pemphigoid không đặc hiệu
L13,các bệnh da có bọng nước khác
L13.0,viêm da dạng herpes
L13.1,viêm da mụn mủ dưới lớp sừng
L13.8,các bệnh da bọng nước đặc hiệu khác
L13.9,các bệnh da bọng nước không đặc hiệu
L14,các bệnh da bọng nước trong các bệnh đã được phân loại ở phần khác
L20,viêm da cơ địa
L20.0,sẩn ngứa besnier
L20.8,viêm da cơ địa khác
L20.9,viêm da cơ địa không đặc hiệu
V69.3,người đi xe tải nặng bị thương trong tai nạn không rõ đặc điểm không phải do tai nạn giao thông
V69.4,lái xe bị thương khi va chạm với xe có động cơ khác không rõ đặc điểm trong tai nạn giao thông
V69.5,người đi xe bị thương khi va chạm với xe có động cơ khác không rõ đặc điểm trong tai nạn giao thông
V69.6,người đi xe tải nặng không rõ đặc điểm bị thương khi va chạm với xe có động cơ khác không rõ đặc điểm trong tai nạn giao thông
V69.8,người trên xe tải nặng bị thương trong tai nạn giao thông đặc biệt khác
V69.9,người đi xe tải nặng bị thương trong tai nạn giao thông không rõ đặc điểm
V70,người trên xe b bị thương khi va chạm với người đi bộ hay súc vật
V71,người trên xe b ntxb bị thương khi va chạm với xe đạp
V72,người đi trên xe buýt bus bị thương khi va chạm với mô tô 2 hay 3 bánh
V73,người đi trên xe buýt bus bị thương khi va chạm với ô tô xe tải hoặc bán tải
V74,người đi trên xe buýt bus bị thương khi va chạm với xe tải nặng hoặc xe buýt bus
V75,người đi trên xe buýt bus bị thương khi va chạm với tầu hỏa hay ô tô ray
V76,người đi trên xe buýt bus bị thương khi va chạm với xe không có động cơ khác
V77,người đi trên xe buýt bus bị thương khi va chạm với vật cố định hay tĩnh vật
V78,người đi trên xe buýt bus bị thương trong tngt không có va chạm
V79,người đi trên xe buýt bus bị thương trong tngt khác không rõ đặc điểm
V79.0,lái xe bị thương khi va chạm với xe có động cơ khác không rõ đặc điểm không phải do tai nạn giao thông
S82.11,gãy đầu trên của xương chày gãy hở
S82.2,gãy thân xương chày
S82.20,gãy thân xương chày gãy kín
S82.21,gãy thân xương chày gãy hở
S82.3,gãy xương đầu dưới xương chày
S82.30,gãy xương đầu dưới xương chày gãy kín
S82.31,gãy xương đầu dưới xương chày gãy hở
S82.4,gãy xương đơn thuần xương mác
S82.40,gãy xương đơn thuần xương mác gãy kín
S82.41,gãy xương đơn thuần xương mác gãy hở
S82.5,gãy xương giữa mắt cá chân
S82.50,gãy xương giữa mắt cá chân gãy kín
S82.51,gãy xương giữa mắt cá chân gãy hở
S82.6,gãy xương bên mắt cá chân
S82.60,gãy xương bên mắt cá chân gãy kín
S82.61,gãy xương bên mắt cá chân gãy hở
L25.1,viêm da tiếp xúc không đặc hiệu do thuốc
L25.2,viêm da tiếp xúc không đặc hiệu do thuốc nhuộm
L25.3,viêm da tiếp xúc không đặc hiệu do hóa chất khác
L25.4,viêm da tiếp xúc không đặc hiệu do thực phẩm
L25.5,viêm da tiếp xúc không đặc hiệu do thực vật trừ thực phẩm
L25.8,viêm da tiếp xúc không đặc hiệu do tác nhân khác
L25.9,viêm da tiếp xúc không đặc hiệu
L26,đỏ da toàn thân
L27,viêm da do các chất được đưa vào trong cơ thể
L27.0,phát ban toàn thân do dược chất và thuốc
L27.1,phát ban khu trú do dược chất và thuốc
L27.2,viêm da do thức ăn
L27.8,viêm da do các chất khác đưa vào trong cơ thể
L27.9,viêm da do các chất không đặc hiệu đưa vào trong cơ thể
L28,lichen đơn dạng mãn tính và sẩn ngứa
L28.0,lichen đơn dạng mãn tính
L28.1,sẩn cục
L28.2,sẩn ngứa khác
L29,ngứa
L29.0,ngứa hậu môn
L29.1,ngứa bìu
L29.2,ngứa âm hộ
L29.3,ngứa hậu môn sinh dục không đặc hiệu
L29.8,ngứa khác
L29.9,ngứa không đặc hiệu
L30,các viêm da khác
L30.0,chàm đồng tiền
L30.1,tổ đỉa chàm dạng trứng sam
L30.2,tự mẫn cảm da
L30.3,viêm da nhiễm trùng
L30.4,viêm kẽ
L30.5,vảy phấn trắng
L30.8,viêm da đặc hiệu khác
L30.9,viêm da không đặc hiệu
L40,vảy nến
L40.0,vảy nến thông thường
G97.9,bệnh của hệ thần kinh sau thủ thuật không đặc hiệu
G98,bệnh khác của hệ thần kinh không phân loại nơi khác
G99,bệnh khác của hệ thần kinh trong bệnh phân loại nơi khác
G99.0,bệnh hệ thần kinh tự động trong bệnh nội tiết và chuyển hóa
G99.1,bệnh khác của hệ thần kinh tự động trong các bệnh phân loại nơi khác
G99.2,bệnh tủy trong các bệnh phân loại nơi khác
G25.9,hội chứng ngoại tháp và rối loạn vận động không đặc hiệu
G26,hội chứng ngoại tháp và rối loạn vận động trong bệnh phân loại nơi khác
G30,bệnh alzheimer
G30.0,bệnh alzheimer khởi phát sớm
G30.1,bệnh alzheimer khởi phát muộn
G30.8,bệnh alzheimer khác
G30.9,bệnh alzheimer không đặc hiệu
G31,bệnh thoái hóa khác của hệ thần kinh không phân loại ở mục khác
G31.0,teo não khu trú
G31.1,thoái hóa não tuổi già không phân loại nơi khác
G31.2,thoái hóa hệ thần kinh do rượu
G31.8,bệnh thoái hóa xác định khác của hệ thần kinh
G31.9,bệnh thoái hóa hệ thần kinh không đặc hiệu
G32,bệnh thoái hóa khác của hệ thần kinh trong bệnh phân loại nơi khác
G32.0,thoái hóa phối hợp bán cấp tủy sống trong bệnh phân loại nơi khác
G32.8,bệnh thoái hóa xác định khác của hệ thần kinh trong bệnh phân loại nơi khác
G35,xơ cứng rải rác
G36,mất myelin rải rác cấp tính khác
L54,hồng ban trong các bệnh đã phân loại ở phần khác
L54.0,hồng ban hình bản đồ trong thấp khớp cấp có sốt i00
L54.8,hồng ban trong các bệnh đã phân loại ở phần khác
L55,bỏng nắng
L55.0,bỏng nắng độ một
L55.1,bỏng nắng độ hai
L55.2,bỏng nắng độ ba
L55.8,bỏng nắng khác
L55.9,bỏng nắng không điển hình
L56,biến đổi da cấp tính khác do bức xạ tia cực tím
L56.0,nhiễm độc ánh sáng do thuốc
L56.1,phản ứng quá mẫn với ánh sáng do thuốc
L56.2,viêm da tiếp xúc ánh sáng viêm da berloque
L56.3,mày đay do ánh nắng
L56.4,phát ban đa dạng do ánh sáng
L56.8,biến đổi da cấp tính đặc hiệu khác do tia cực tím
L56.9,biến đổi da cấp tính do tia cực tím không điển hình
L57,bệnh da do tiếp xúc lâu dài với bức xạ không ion hóa
L57.0,dày sừng ánh sáng
L21,viêm da dầu
L21.0,viêm da dầu ở đầu
L21.1,viêm da dầu ở trẻ em
L21.8,viêm da dầu khác
L21.9,viêm da dầu không đặc hiệu
L22,viêm da tã lót
L23,viêm da tiếp xúc dị ứng
L23.0,viêm da dị ứng tiếp xúc do kim loại
L23.1,viêm da dị ứng tiếp xúc do keo dính
L23.2,viêm da dị ứng tiếp xúc do mỹ phẩm
L23.3,viêm da dị ứng tiếp xúc do thuốc
I98.2,giãn tĩnh mạch thực quản không chảy máu trong bệnh phân loại nơi khác
I98.3,dãn tĩnh mạch thực quản chảy máu trong bệnh phân loại nơi khác
I98.8,rối loạn hệ tuần hoàn xác định khác trong bệnh phân loại nơi khác
I99,rối loạn hệ tuần hoàn khác và không xác định của hệ tuần hoàn
J00,vie m mũi họng cấp cảm thu ờng
J01,viêm xoang cấp
J01.0,viêm xoang hàm cấp
J01.1,viêm xoang trán cấp
J01.2,viêm xoang sàng cấp
J01.3,viêm xoang bướm cấp
J01.4,viêm toàn bộ xoang cấp
J01.8,viêm đa xoang cấp tính khác
J01.9,viêm xoang cấp không phân loại
J02,viêm họng cấp
J02.0,viêm họng do liên cầu
J02.8,viêm họng cấp do các vi sinh vật khác đã được xác định
J02.9,viêm họng cấp không đặc hiệu
J03,viêm amyđan cấp
J03.0,viêm amydan do liên cầu streptococcus
J03.8,viêm amydan cấp tính do các vi sinh vật khác đã được xác định
J03.9,viêm amydan cấp không phân loại
J04,viêm thanh quản và khí quản cấp
J04.0,viêm thanh quản cấp
J04.1,viêm khí quản cấp
J04.2,viêm thanh khí quản cấp
J05,viêm thanh quản tắc nghẽn tắc nghẽn thanh quản và nắp thanh môn cấp
J05.0,viêm thanh quản tắc nghẽn cấp croup
J05.1,viêm nắp thanh môn cấp
J06,nhiễm trùng đường hô hấp trên cấp ở nhiều nơi và vị trí không phân loại
J06.0,viêm họng thanh quản cấp
J06.8,các nhiễm trùng đường hô hấp trên cấp khác ở nhiều vị trí
J06.9,nhiễm trùng đường hô hấp trên cấp không phân loại
J30.4,viêm mũi dị ứng không phân loại
J31,viêm mũi viêm mũi họng viêm họng mãn tính
J31.0,viêm mũi mãn tính
J31.1,viêm mũi họng mãn tính
J31.2,viêm họng mãn tính
J32,viêm xoang mãn tính
J32.0,viêm xoang hàm mãn tính
J32.1,viêm xoang trán mãn tính
J32.2,viêm xoang sàng mãn tính
J32.3,viêm xoang bướm mãn tính
J32.4,viêm toàn bộ xoang mạn
J32.8,viêm xoang mãn tính khác
J32.9,viêm xoang mãn tính không phân loại
J33,políp mũi
J33.0,políp mũi
J33.1,thoái hóa xoang dạng políp
J33.8,políp của xoang khác
J33.9,políp mũi không phân loại
J34,bệnh khác của mũi và xoang
J34.0,áp xe nhọt và nhọt tiền đình mũi
J34.1,u nang và u nhày của mũi và xoang mũi
J34.2,lệch vách mũi
J34.3,phì đại cuốn mũi
J34.8,bệnh xác định khác của mũi và xoang
J35,bệnh mãn tính của amyđan và sùi dạng tuyến
J35.0,viêm amydan mãn tính
J35.1,amydan quá phát
J35.2,phì đại va
J35.3,phì đại amydan
J35.8,bệnh mãn tính khác của amydan và va
J35.9,bệnh mãn tính của amydan và va không đặc hiệu
J36,áp xe quanh amydan
J37,viêm thanh quản và viêm thanh khí quản mãn tính
M19,thoái hóa khớp khác
M19.0,thoái hóa khớp nguyên phát ở các khớp khác
M19.1,thoái hóa khớp sau chấn thương ở các khớp khác
M19.2,thoái hóa khớp thứ phát khác
M19.8,thoái hóa khớp điển hình khác
M19.9,thoái hóa khớp không đặc hiệu
M20,biến dạng mắc phải của ngón tay và ngón chân
M20.0,biến dạng ngón tay
M20.1,biến dạng quẹo ngón chân cái ra ngoài mắc phải hallux valgus
M20.2,biến dạng cứng ngón chân cái hallux rigidus
M20.3,các biến dạng ngón chân cái mắc phải khác
M20.4,biến dạng ngón chân hình búa mắc phải
G99.8,các bệnh xác định khác của hệ thần kinh trong các bệnh phân loại nơi khác
H00,lẹo và chắp
H00.0,lẹo và viêm sâu khác của mi mắt
H00.1,chắp
H01,viêm khác của mí mắt
H01.0,viêm bờ mi
H01.1,bệnh da mi mắt không nhiễm trùng
H01.8,viêm mi mắt đặc hiệu khác
J16.0,viêm phổi do chlamydia
J16.8,viêm phổi do tác nhân nhiễm khuẩn khác
J17,viêm phổi trong các bệnh đã được phân loại nơi khác
J17.0,viêm phổi trong các bệnh do vi khuẩn phân loại nơi khác
J17.1,viêm phổi trong các bệnh do virus được phân loại nơi khác
J17.2,viêm phổi trong do nấm
J17.3,viêm phổi trong bệnh ký sinh trùng
J17.8,viêm phổi trong bệnh khác phân loại nơi khác
J18,viêm phổi tác nhân không xác định
J18.0,viêm phế quản phổi không đặc hiệu
J18.1,viêm phổi thuỳ không đặc hiệu
J18.2,viêm phổi do nằm lâu ngày không đặc hiệu
J18.8,viêm phổi khác không xác định vi sinh vật
J18.9,viêm phổi không đặc hiệu
J20,viêm phế quản cấp
J20.0,viêm phế quản cấp do mycoplasma pneumoniae
J20.1,viêm phế quản cấp do haemophilus lnfluenzae
J20.2,viêm phế quản cấp do streptococcus
J20.3,viêm phế quản cấp do virus coxsackie
J20.4,viêm phế quản cấp do virus parainfluenza
J20.5,viêm phế quản cấp do virus hợp bào hô hấp
J20.6,viêm phế quản cấp do rhinovirus
J20.7,viêm phế quản cấp do echovirus
J20.8,viêm phế quản cấp do vi sinh vật khác đã được định danh
K52.8,viêm dạ dày ruột và đại tràng đặc hiệu khác không do nhiễm trùng
K52.9,viêm dạ dày ruột và đại tràng không nhiễm trùng không đặc hiệu
K55,rối loạn mạch máu của ruột
K55.0,rối loạn mạch máu ruột cấp tính
K55.1,rối loạn mạch máu ruột mạn
K55.2,loạn sản mạch máu đại tràng
K55.8,rối loạn mạch máu khác của ruột
K55.9,rối loạn mạch máu ở ruột không đặc hiệu
K56,liệt ruột và tắc ruột không có thoát vị
K56.0,liệt ruột
L57.1,ban dạng lưới do ánh sáng
L57.2,bệnh dày da gáy
L57.3,bệnh teo da hình mạng lưới của civatt
L57.4,bệnh nhão da người già
L57.5,u hạt do ánh sáng
L57.8,biển đổi khác ở da do tiếp xúc lâu dài với bức xạ không ion hóa
L57.9,biến đổi khác ở da do tiếp xúc lâu dài với bức xạ không ion hóa không điển hình
L58,viêm da do quang tuyến
L58.0,viêm da do quang tuyến cấp tính
L58.1,viêm da do quang tuyến mãn tính
E35,rối loạn tuyến nội tiết trong các bệnh đã được phân loại ở phần khác
E35.0,rối loạn tuyến giáp trong các bệnh đã được phân loại ở phần khác
E35.1,rối loạn tuyến thượng thận trong các bệnh đã được phân loại ở phần khác
E35.8,rối loạn của các tuyến nội tiết khác trong các bệnh đã được phân loại ở phần khác
E40,kwashiorkor
E41,suy dinh dưỡng thể marasmus
E42,thể hỗn hợp kwashiorkor marasmus
E43,suy dinh dưỡng nặng do thiếu protein năng lượng không đặc hiệu
F42.1,các hành vi nghi thức chiếm ưu thế các nghi thức ám ảnh
F42.2,các ý tưởng và các hành vi ám ảnh hỗn hợp
F42.8,rối loạn ám ảnh nghi thức khác
F42.9,rối loạn ám ảnh nghi thức không biệt định
F43,phản ứng với stress trầm trọng và rối loạn sự thích ứng
F43.0,phản ứng stress cấp
F43.1,rối loạn stress sau sang chấn
F43.2,các rối loạn sự thích ứng
F43.8,phản ứng khác với stress trầm trọng
F43.9,phản ứng với stress trầm trọng không đặc hiệu
F44,các rối loạn phân ly chuyển di
F44.0,quên phân ly
F44.1,trốn nhà phân ly
F44.2,sững sờ phân ly
F44.3,rối loạn lên đồng và bị xâm nhập
F44.4,rối loạn vận động phân ly
F44.5,co giật phân ly
F44.6,tê và mất cảm giác phân ly
F44.7,rối loạn phân ly chuyển di hỗn hợp
F44.8,rối loạn phân ly chuyển di khác
F44.9,rối loạn phân ly chuyển di không biệt định
F45,rối loạn dạng cơ thể
J09,cúm do virus đã được định danh
J10,cảm cúm do virus cúm được định danh khác
J10.0,cảm cúm với viêm phổi virus cúm được định danh khác
J10.1,cảm cúm với biểu hiện hô hấp khác virus cúm được định
J10.8,cảm cúm với biểu hiện khác virus cúm được định danh khác
J11,cúm virus không được định danh
J11.0,cúm kèm viêm phổi virus không được định danh
J11.1,cúm với các biểu hiện hô hấp khác virus không được định danh
K41.1,thoát vị đùi hai bên có hoại tử
K41.2,thoát vị đùi hai bên không tắc hay hoại tử
K41.3,thoát vị đùi một bên hay không đặc hiệu có tắc không hoại tử
K41.4,thoát vị đùi một bên hay không đặc hiệu có hoại tử
K41.9,thoát vị đùi một bên hay không đặc hiệu không tắc hay hoại tử
K42,thoát vị rốn
K42.0,thoát vị rốn có tắc không hoại tử
K42.1,thoát vị rốn có hoại tử
K42.9,thoát vị rốn không tắc hay hoại tử
K43,thoát vị bụng
K43.0,thoát vị qua đường mổ có tắc nghẽn không hoại thư
K43.1,thoát vị qua đường mổ có hoại thư
K43.2,thoát vị qua đường mổ không tắc hoặc hoại thư
M09.23,viêm khớp trẻ em trong bệnh viêm loét đại tràng k51 cẳng tay
M09.24,viêm khớp trẻ em trong bệnh viêm loét đại tràng k51 bàn tay
M09.25,viêm khớp trẻ em trong bệnh viêm loét đại tràng k51 vùng chậu và đùi
M09.26,viêm khớp trẻ em trong bệnh viêm loét đại tràng k51 cẳng chân
M09.27,viêm khớp trẻ em trong bệnh viêm loét đại tràng k51 cổ bàn chân
M09.28,viêm khớp trẻ em trong bệnh viêm loét đại tràng k51 vị trí khác
M09.29,viêm khớp trẻ em trong bệnh viêm loét đại tràng k51 vị trí không xác định
M09.8,viêm khớp trẻ em trong các bệnh được xếp ở mục khác
M09.80,viêm khớp trẻ em trong các bệnh được xếp ở mục khác nhiều vị trí
M09.81,viêm khớp trẻ em trong các bệnh được xếp ở mục khác vùng bả vai
M09.82,viêm khớp trẻ em trong các bệnh được xếp ở mục khác cánh tay
M09.83,viêm khớp trẻ em trong các bệnh được xếp ở mục khác cẳng tay
M09.84,viêm khớp trẻ em trong các bệnh được xếp ở mục khác bàn tay
M09.85,viêm khớp trẻ em trong các bệnh được xếp ở mục khác vùng chậu và đùi
E29.1,thiểu năng tinh hoàn
E29.8,rối loạn chức năng tinh hoàn khác
E29.9,rối loạn chức năng tinh hoàn không đặc hiệu
E30,rối loạn lúc dậy thì không phân loại ở phần khác
E30.0,dậy thì muộn
E30.1,dậy thì sớm
E30.8,rối loạn dậy thì khác
E30.9,rối loạn dậy thì không đặc hiệu
E31,rối loạn chức năng đa tuyến
E31.0,suy đa tuyến tự miễn
E31.1,cường năng đa tuyến
E31.8,rối loạn chức năng đa tuyến khác
E31.9,rối loạn chức năng đa tuyến không đặc hiệu
E32,bệnh tuyến ức
E32.0,tăng sản tuyến ức kéo dài
E32.1,áp xe tuyến ức
E32.8,bệnh tuyến ức khác
E32.9,bệnh tuyến ức không đặc hiệu
E34,rối loạn nội tiết khác
E34.0,hội chứng carcinoid
E34.1,tăng tiết khác của hormon ruột
E34.2,tiết hormon lạc chỗ chưa được phân loại ở phần khác
E34.3,vóc dáng lùn chưa được phân loại ở phần khác
E34.4,thể tạng cao
E34.5,hội chứng kháng androgen
E34.8,rối loạn nội tiết xác định khác
E34.9,rối loạn nội tiết không đặc hiệu
G54,bệnh rễ và đám rối thần kinh
G54.0,bệnh đám rối thần kinh cánh tay
G54.1,bệnh đám rối thắt lưng cùng
S75.2,tổn thương tĩnh mạch hiển lớn tại tầm háng và đùi
S75.7,tổn thương đa mạch máu tại tầm háng và đùi
S75.8,tổn thương mạch máu khác tại tầm háng và đùi
S75.9,tổn thương mạch máu chưa xác định tại tầm háng và đùi
S76,tổn thương cơ bắp và gân tại tầm háng và đùi
S76.0,tổn thương cơ và gân háng
S76.1,tổn thương cơ tứ đầu và gân
S76.2,tổn thương cơ khép và gân đùi
S76.3,tổn thương cơ và gân của nhóm cơ sau tầm đùi
S76.4,tổn thương cơ khác và chưa xác định và gân tầm đùi
S76.7,tổn thương đa cơ và gân tầm háng và đùi
S77,crushing injury of hip and thigh
S77.0,crushing injury of hip
S77.1,crushing injury of thigh
L74.1,rôm mụn nước
L74.2,rôm sâu
L74.3,rôm không điển hình
L74.4,không tiết mồ hôi
L74.8,các bệnh khác của tuyến mồ hôi
L74.9,các bệnh tuyến mồ hôi không điển hình
L75,bệnh tuyến mồ hôi bán hủy nội tiết
L75.0,mồ hôi có mùi
L75.1,mồ hôi có màu
L75.2,rôm tuyến mồ hôi bán hủy
L75.8,các bệnh tuyến mồ hôi bán hủy khác
L75.9,các bệnh tuyến mồ hôi bán hủy không điển hình
L80,bạch biến
L81,bệnh rối loạn sắc tố khác
L81.0,tăng sắc tố sau viêm
L81.1,rám má
L81.2,tàn nhang
L81.3,dát cà phê sữa
L81.4,bệnh tăng sắc tố do melanin khác
L81.5,bệnh da mất sắc tố chưa được phân loại ở phần khác
L81.6,các bệnh khác do giảm sản xuất melanin
L81.7,bệnh da xuất huyết tăng sắc tố
L81.8,bệnh sắc tố đặc hiệu khác
L81.9,bệnh sắc tố không đặc hiệu
L82,dày sừng da dầu
L83,bệnh gai đen
L84,mắt cá và chai chân
L85,dày thượng bì khác
L85.0,bệnh da vảy cá mắc phải
L85.1,bệnh dày sừng mắc phải da dày ở lòng bàn tay và bàn chân
L85.2,dày sừng chấm lòng bàn tay bàn chân
L85.3,khô da
L85.8,dày thượng bì đặc hiệu khác
L85.9,dày thượng bì không điển hình
L86,dày sừng trong các bệnh đã được phân loại ở phần khác
M23.04,kén nang sụn chêm dây chằng bên ngoài hoặc sừng trước của sụn chêm ngoài
M23.05,kén nang sụn chêm sừng sau của sụn chêm ngoài
M23.06,kén nang sụn chêm ngoài khác và không xác định
M23.07,kén nang sụn chêm dây chằng bao khớp
M23.09,kén nang sụn chêm dây chằng không đặc hiệu hoặc sụn chêm không đặc hiệu
M23.1,sụn chêm dạng đĩa bẩm sinh
M23.10,sụn chêm dạng đĩa bẩm sinh nhiều vị trí
M23.11,sụn chêm dạng đĩa bẩm sinh dây chằng chéo sau hoặc sừng sau của sụn chêm trong
F45.0,rối loạn cơ thể hóa
F45.1,rối loạn dạng cơ thể không biệt định
F45.2,rối loạn nghi bệnh
F45.3,loạn chức năng thần kinh tự trị dạng cơ thể
F45.4,rối loạn đau dạng cơ thể dai dẳng
F45.8,rối loạn dạng cơ thể khác
F45.9,rối loạn dạng cơ thể không biệt định
F48,các rối loạn tâm căn khác
F48.0,bệnh suy nhược thần kinh
F48.1,hội chứng giải thể nhân cách tri giác sai thực tại
F48.8,rối loạn tâm căn biệt định khác
F48.9,rối loạn tâm căn không biệt định
F50,các rối loạn ăn uống
F50.0,chán ăn tâm thần
F50.1,chán ăn tâm thần không điển hình
F50.2,ăn vô độ tâm thần
F50.3,ăn vô độ tâm thần không điển hình
F50.4,chứng ăn nhiều kết hợp với các rối loạn tâm lý khác
F50.5,nôn kết hợp với các rối loạn tâm lý khác
F50.8,rối loạn ăn uống khác
F50.9,rối loạn ăn uống không biệt định
K62.3,sa trực tràng
K62.4,hẹp trực tràng và ống hậu môn
K62.5,xuất huyết hậu môn và trực tràng
K62.6,loét hậu môn và trực tràng
K62.7,viêm trực tràng do tia xạ
K62.8,bệnh đặc hiệu khác của hậu môn và trực tràng
K62.9,bệnh hậu môn và trực tràng không đặc hiệu
K63,bệnh khác của ruột
K63.0,áp xe ruột
K63.1,thủng ruột không có chấn thương
K63.2,rò ruột
K63.3,loét ruột
K63.4,sa ruột
K63.5,polyp đại tràng
K63.8,bệnh đặc hiệu khác của ruột
K63.9,bệnh ruột không đặc hiệu
K64,trĩ và huyết khối tĩnh mạch qua hậu môn
K64.0,trĩ độ i
K64.1,trĩ độ ii
K64.2,trĩ độ iii
K64.3,trĩ đọ iv
K64.4,dãn da do trĩ sót lại
K64.5,huyết khối tĩnh mạch quanh hậu môn
K64.8,trĩ xác định khác
K64.9,trĩ không đặc hiệu
K65,viêm phúc mạc
K65.0,viêm phúc mạc cấp
M09.86,viêm khớp trẻ em trong các bệnh được xếp ở mục khác cẳng chân
M09.87,viêm khớp trẻ em trong các bệnh được xếp ở mục khác cổ bàn chân
M09.88,viêm khớp trẻ em trong các bệnh được xếp ở mục khác vị trí khác
M09.89,viêm khớp trẻ em trong các bệnh được xếp ở mục khác vị trí không xác định
M10,gút thống phong
M10.0,bệnh gút vô căn
M10.1,bệnh gút do ngộ độc chì
G04.8,viêm não viêm tủy và viêm não tủy khác
G04.9,viêm não viêm tủy và viêm não tủy không biệt định
G05,viêm não viêm tủy và viêm não tủy trong bệnh phân loại ở mục khác
G05.0,viêm não viêm tủy và viêm não tủy trong bệnh nhiễm khuẩn đã được phân loại nơi khác
I34.1,sa van hai lá
I34.2,hẹp van hai lá không do thấp
I34.8,hẹp van hai lá không do thấp khác
I34.9,hẹp van hai lá không do thấp
I35,bệnh van động mạch chủ không do thấp
I35.0,hẹp van động mạch chủ
I35.1,hở van động mạch chủ
I35.2,hẹp hở van động mạch chủ
I35.8,bệnh van động mạch chủ khác
I35.9,bệnh van động mạch chủ không đặc hiệu
I36,bệnh van ba lá không do thấp
I36.0,hẹp van ba lá không do thấp
I36.1,hở van ba lá không do thấp
I36.2,hẹp kèm hở van ba lá không do thấp
I36.8,bệnh van ba lá không do thấp khác
I36.9,bệnh van ba lá không do thấp khác không đặc hiệu
I37,bệnh van động mạch phổi
I37.0,hẹp van động mạch phổi
I37.1,hở van động mạch phổi
I37.2,hẹp hở van động mạch phổi
I37.8,bệnh van động mạch phổi khác
I37.9,bệnh van động mạch phổi không xác định
I38,vie m nọ i ta m mạc kho ng xác định
I39,viêm nội tâm mạc và bệnh van tim trong bệnh phân loại nơi khác
I39.0,bệnh van hai lá trong bệnh phân loại nơi khác
I39.1,bệnh van động mạch chủ trong bệnh phân loại nơi khác
I39.2,bệnh van ba lá trong bệnh phân loại nơi khác
L70.4,trứng cá trẻ em
L70.5,trứng cá trầy xước ở thiếu nữ
L70.8,trứng cá khác
L70.9,trứng cá không điển hình
F52.2,thất bại trong đáp ứng tình dục
F52.3,loạn chức năng cực khóai
F52.4,phóng tinh sớm
F52.5,co thắt âm đạo không do nguyên nhân thực thể
F52.6,đau khi giao hợp không thực tổn
F52.7,xu hướng tình dục quá độ
F52.8,loạn chức năng tình dục khác không do bệnh lý hoặc rối loạn thực tổn
F52.9,loạn chức năng tình dục không biệt định khác không do bệnh lý hoặc rối loạn thực tổn
F53,rối loạn hành vi và tâm thần kết hợp với thời kì sinh đẻ không phân loại ở nơi khác
F53.0,rối loạn hành vi và tâm thần nhẹ kết hợp với thời kì sinh đẻ không phân loại nơi khác
F53.1,rối loạn hành vi và tâm thần nặng kết hợp với thời kì sinh đẻ không phân loại nơi khác
F53.8,các rối loạn hành vi và tâm thần khác kết hợp với thời kì sinh đẻ không phân loại nơi khác
F53.9,rối loạn tâm thần kết hợp với thời kì sinh đẻ không biệt định
F54,các nhân tố tâm lý và hành vi kết hợp với rối loạn hoặc các bệnh phân loại ở nơi khác
F55,lạm dụng các chất không gây nghiện
F59,các hội chứng hành vi ứng xử không biệt định kết hợp với rối loạn sinh lý và yếu tố thể chất
F60,rối loạn nhân cách đặc hiệu
F60.0,rối loạn nhân cách paranoid
F60.1,rối loạn nhân cách dạng phân liệt
F60.2,rối loạn nhân cách chống đối xã hội
F60.3,rối loạn nhân cách cảm xúc không ổn định
F60.4,rối loạn nhân cách kịch tính
F60.5,rối loạn nhân cách ám ảnh nghi thức
F60.6,rối loạn nhân cách lo âu tránh né
F60.7,rối loạn nhân cách phụ thuộc
F60.8,rối loạn nhân cách đặc hiệu khác
F60.9,rối loạn nhân cách không biệt định
F61,rối loạn nhân cách khác và hỗn hợp
F62,biến đổi nhân cách kéo dài không thể quy cho một tổn thương hay bệnh não
F62.0,thay đổi nhân cách kéo dài sau một sự kiện thảm họa
F62.1,thay đổi nhân cách kéo dài sau bệnh tâm thần
F62.8,thay đổi nhân cách kéo dài khác
F62.9,thay đổi nhân cách kéo dài không biệt định
F63,rối loạn thói quen và xung động
F66.0,rối loạn về sự trưởng thành tình dục
F66.1,định hướng tình dục loạn trương lực bản thân
F66.2,rối loạn quan hệ tình dục
F66.8,những rối loạn phát triển tâm lý tình dục khác
F66.9,rối loạn phát triển tâm lý tình dục không biệt định
F68,rối loạn khác về hành vi và nhân cách ở người trưởng thành
F68.0,hình thành các triệu chứng cơ thể vì lý do tâm lý
F68.1,dụng ý đưa ra hay giả tạo các triệu chứng hoặc rối loạn hoạt năng cơ thể hoặc tâm lý rối loạn giả tạo
F68.8,rối loạn biệt định khác về nhân cách và hành vi ở người trưởng thành
F69,rối loạn không biệt định về nhân cách và hành vi ở người trưởng thành
F70,chậm phát triển tâm thần nhẹ
F71,chậm phát triển tâm thần trung bình
F72,chậm phát triển tâm thần nặng
F73,chậm phát triển tâm thần nghiêm trọng
F78,chậm phát triển tâm thần khác
F79,chậm phát triển tâm thần không biệt định
F80,các rối loạn đặc hiệu về phát triển lời nói và ngôn ngữ
F80.0,rối loạn đặc hiệu trong sự kết âm
F80.1,rối loạn ngôn ngữ biểu hiện
F80.2,rối loạn ngôn ngữ tiếp nhận
F80.3,vong ngôn mắc phải với động kinh landau kleffner
F80.8,rối loạn phát triển về lời nói và ngôn ngữ khác
F80.9,rối loạn phát triển về lời nói và ngôn ngữ không đặc hiệu
F81,rối loạn đặc hiệu về phát triển các kỹ năng ở trường
F81.0,rối loạn đặc hiệu về đọc
F81.1,rối loạn đặc hiệu về chính tả
F81.2,rối loạn đặc hiệu về kỹ năng tính toán
F81.3,rối loạn hỗn hợp các kỹ năng ở nhà trường
I60.9,xuất huyết dưới màng nhện không đặc hiệu
K82.2,thủng túi mật
K82.3,dò túi mật
K82.4,tích tụ cholesterol ở túi mật
K82.8,bệnh đặc hiệu khác của túi mật
K82.9,bệnh của túi mật không đặc hiệu
K65.8,viêm phúc mạc khác
K65.9,viêm phúc mạc không đặc hiệu
K66,rối loạn khác của phúc mạc
K66.0,dính phúc mạc
K66.1,cổ trướng máu
K66.8,rối loạn đặc hiệu khác của phúc mạc
K66.9,rối loạn của phúc mạc không đặc hiệu
K67,rối loạn của phúc mạc trong bệnh nhiễm trùng phân loại nơi khác
K67.0,viêm phúc mạc do chlamydia a74 8
K67.1,viêm phúc mạc do lậu cầu a54 8
K67.2,viêm phúc mạc do giang mai a52 7
K67.3,viêm phúc mạc do lao a18 3
K67.8,các rối loạn khác của phúc mạc trong nhiễm trùng đã phân loại nơi khác
K70,bệnh gan do rượu
K70.0,gan nhiễm mỡ do rượu
K70.1,viêm gan do rượu
K70.2,bệnh xơ hóa gan do rượu
K70.3,xơ gan do rượu
G36.0,viêm tủy thị thần kinh devic
G36.1,viêm não chất trắng chảy máu cấp và bán cấp
G36.8,mất myelin rải rác cấp tính xác định khác
G36.9,mất myelin rải rác cấp tính không đặc hiệu
G37,bệnh mất myelin khác của hệ thần kinh trung ương
G37.0,xơ cứng toả lan
G37.1,mất myelin trung tâm của thể trai
G37.2,tiêu myelin trung tâm cầu não
G37.3,viêm tủy ngang cấp trong bệnh mất myelin của hệ thần kinh trung ương
G37.4,viêm tủy hoại tử bán cấp
G37.5,xơ cứng đồng tâm baló
G37.8,bệnh mất myelin xác định khác của hệ thần kinh trung ương
G37.9,bệnh mất myelin của hệ thần kinh trung ương không đặc hiệu
G40,động kinh
G40.0,động kinh nguyên phát khu trú cục bộ từng phần và hội chứng động kinh với cơn khởi phát khu trú
G40.1,động kinh triệu chứng có khu trú cục bộ từng phần và hội chứng động kinh có cơn cục bộ đơn giản
G40.2,động kinh triệu chứng khu trú cục bộ từng phần và hội chứng động kinh có cơn động kinh cục bộ phức tạp
G40.3,hội chứng động kinh và động kinh toàn thể nguyên phát
G40.4,động kinh toàn bộ và hội chứng động kinh khác
G40.5,hội chứng động kinh đặc hiệu
I39.3,bệnh van động mạch phổi trong bệnh phân loại nơi khác
I39.4,bệnh của nhiều van trong bệnh phân loại nơi khác
I39.8,viêm nội tâm mạc không xác định van trong bệnh phân loại nơi khác
I40,viêm cơ tim cấp
I40.0,viêm cơ tim nhiễm trùng
I40.1,viêm cơ tim đơn thuần
I40.8,viêm cơ tim cấp khác
L23.4,viêm da dị ứng tiếp xúc do thuốc nhuộm
L23.5,viêm da dị ứng tiếp xúc do hóa chất khác
E12.4,bệnh đái tháo đường liên quan đến suy dinh dưỡng có biến chứng thần kinh
E12.5,bệnh đái tháo đường liên quan đến suy dinh dưỡng có biến chứng mạch máu ngoại vi
E12.6,bệnh đái tháo đường liên quan đến suy dinh dưỡng có biến chứng xác định khác
E12.7,bệnh đái tháo đường liên quan đến suy dinh dưỡng có đa biến chứng
E12.8,bệnh đái tháo đường liên quan đến suy dinh dưỡng có biến chứng không xác định khác
E12.9,bệnh đái tháo đường liên quan đến suy dinh dưỡng chưa có biến chứng
E13,bệnh đái tháo đường xác định khác
E13.0,bệnh đái tháo đường xác định khác có hôn mê
E13.1,bệnh đái tháo đường xác định khác có nhiễm toan ceton
E13.2,bệnh đái tháo đường xác định khác có biến chứng thận
E13.3,bệnh đái tháo đường xác định khác có biến chứng mắt
E13.4,bệnh đái tháo đường xác định khác có biến chứng thần kinh
E13.5,bệnh đái tháo đường xác định khác có biến chứng mạch máu ngoại vi
E13.6,bệnh đái tháo đường xác định khác có biến chứng xác định khác
E13.7,bệnh đái tháo đường xác định khác có đa biến chứng
E13.8,bệnh đái tháo đường xác định khác có biến chứng không xác định khác
E13.9,bệnh đái tháo đường xác định khác chưa có biến chứng
E14,các thể loại đái tháo đường không xác định
E14.0,các thể loại đái tháo đường không xác định có hôn mê
E14.1,các thể loại đái tháo đường không xác định có nhiễm toan ceton
E14.2,các thể loại đái tháo đường không xác định có biến chứng thận
E14.3,các thể loại đái tháo đường không xác định có biến chứng mắt
E14.4,các thể loại đái tháo đường không xác định có biến chứng thần kinh
E14.5,các thể loại đái tháo đường không xác định có biến chứng mạch máu ngoại vi
F63.0,đánh bạc bệnh lý
F63.1,gây cháy bệnh lý
F63.2,trộm cắp bệnh lý
K71.7,bệnh gan nhiễm độc có xơ hóa và xơ gan
K71.8,bệnh gan nhiễm độc có rối loạn khác của gan
K71.9,bệnh gan nhiễm độc không đặc hiệu
K72,suy gan không phân loại nơi khác
K72.0,suy gan cấp và bán cấp
K72.1,suy gan mãn
K72.9,suy gan không đặc hiệu
K73,viêm gan mãn không phân loại nơi khác
K73.0,viêm gan mãn trường diễn không phân loại nơi khác
K73.1,viêm tiểu thuỳ gan mạn không phân loại nơi khác
K73.2,viêm gan mãn hoạt động không phân loại nơi khác
K73.8,viêm gan mãn khác không phân loại nơi khác
K73.9,viêm gan mạn không đặc hiệu
K74,gan xơ hóa và xơ gan
K74.0,gan xơ hóa
K74.1,gan xơ cứng
K74.2,gan xơ hóa với gan xơ cứng
K74.3,xơ gan mật tiên phát
K74.4,xơ gan mật thứ phát
K74.5,xơ gan mật không đặc hiệu
K74.6,xơ gan khác và không đặc hiệu
K75,bệnh viêm gan khác
K75.0,áp xe ở gan
K75.1,viêm tĩnh mạch của tĩnh mạch cửa
K75.2,viêm gan tái hoạt động không đặc hiệu
K75.3,viêm gan dạng u hạt không phân loại nơi khác
K75.4,viêm gan tự miễn
K75.8,bệnh viêm gan đặc hiệu khác
K75.9,bệnh viêm gan không đặc hiệu
K76,bệnh gan khác
K76.0,gan biến đổi nhiễm mỡ không phân loại nơi khác
K76.1,xung huyết thụ động mãn tính ở gan
K76.2,hoại tử xuất huyết trung tâm tiểu thùy gan
K76.3,nhồi máu gan
K76.4,bệnh ứ máu xoang gan
K76.5,bệnh tắc tĩnh mạch trên gan
K76.6,tăng áp lực tĩnh mạch cửa
K76.7,hội chứng gan thận
K76.8,bệnh gan đặc hiệu khác
K76.9,bệnh gan không đặc hiệu
K77,rối loạn chức năng gan trong bệnh phân loại nơi khác
K83,bệnh khác của đường mật
K83.0,viêm đường mật
K83.1,tắc ống mật
K83.2,thủng đường mật
K83.3,rò đường mật
K83.4,co thắt cơ vòng oddi
K83.5,nang đường mật
K83.8,bệnh đặc hiệu khác của đường mật
K83.9,bệnh đường mật không đặc hiệu
K85,viêm tụy cấp
K85.0,viêm tụy cấp tính tự phát
K85.1,viêm tụy cấp tính do mật
K85.2,viêm tụy cấp tính do rượu
K85.3,viêm tụy cấp tính do thuốc
K85.8,viêm tụy cấp tính khác
K85.9,viêm tụy cấp tính không đặc hiệu
K86,bệnh tụy khác
K86.0,viêm tụy mạn do rượu
K86.1,viêm tụy mạn thể khác
K86.2,nang tụy
K86.3,nang giả tụy
K86.8,bệnh đặc hiệu khác của tụy
K86.9,bệnh tụy không đặc hiệu
K87,rối loạn của túi mật đường mật và tụy đã được phân loại nơi khác
K87.0,rối loạn của túi mật và đường mật đã được phân loại ở nơi khác
K87.1,rối loạn tụy trong phân loại nơi khác
K90,ruột kém hấp thu
K90.0,bệnh coeliac
K90.1,tiêu chảy nhiệt đới
K90.2,hội chứng quai tới không phân loại nơi khác
K90.3,tiêu chảy phân mỡ do tụy
K90.4,kém hấp thụ do không dung nạp không phân loại nơi khác
K90.8,ruột kém hấp thu khác
G59.0,bệnh đơn dây thần kinh do đái tháo đường e10 e14 với ký tự thứ tư chung là 4
G59.8,bệnh đơn dây thần kinh khác trong bệnh được phân loại nơi khác
G60,bệnh dây thần kinh di truyền và nguyên phát
G60.0,bệnh dây thần kinh cảm giác và vận động di truyền
G60.1,bệnh refsum
G60.2,bệnh dây thần kinh kết hợp với thất điều di truyền
G60.3,bệnh dây thần kinh tiến triển nguyên phát
G60.8,bệnh dây thần kinh nguyên phát và di truyền khác
G60.9,bệnh dây thần kinh di truyền nguyên phát không đặc hiệu khác
G40.6,động kinh cơn lớn không đặc hiệu kèm hay không có cơn nhỏ
G40.7,cơn nhỏ không đặc hiệu không kèm theo động kinh cơn lớn
G40.8,động kinh khác
G40.9,động kinh không đặc hiệu
G41,trạng thái động kinh
G41.0,trạng thái động kinh cơn lớn
G41.1,trạng thái động kinh cơn nhỏ
G41.2,trạng thái động kinh cục bộ phức tạp
G41.8,trạng thái động kinh khác
G41.9,trạng thái động kinh không đặc hiệu
G43,migraine
G43.0,migraine không có aura thoáng báo migraine chung
G43.1,migraine có aura thoáng báo migraine cổ điển
G43.2,trạng thái migraine
I61.3,xuất huyết nội sọ tại thân não
E44,suy dinh dưỡng vừa và nhẹ do thiếu protein năng lượng
E44.0,suy dinh dưỡng vừa do thiếu protein năng lượng
E44.1,suy dinh dưỡng nhẹ do thiếu protein năng lượng
E45,chậm phát triển sau suy dinh dưỡng do thiếu protein năng lượng
E46,suy dinh dưỡng do thiếu protein năng lượng không xác định
E50,thiếu vitamin a
E50.0,thiếu vitamin a có khô kết mạc
E50.1,thiếu vitamin a có vết bitot và khô kết mạc
E50.2,khô giác mạc do thiếu vitamin a
E50.3,thiếu vitamin a có loét và khô giác mạc
E50.4,thiếu vitamin a có loét và khô giác mạc
E50.5,thiếu vitamin a có quáng gà
E50.6,thiếu vitamin a có sẹo do khô giác mạc
E50.7,biểu hiện khác ở mắt do thiếu vitamin a
E50.8,biểu hiện khác của thiếu vitamin a
E50.9,thiếu vitamin a không đặc hiệu
E51,thiếu thiamine
E51.1,bệnh tê phù
E51.2,bệnh lý não wernicke
E51.8,các biểu hiện khác của thiếu thiamine
E51.9,thiếu thiamine không đặc hiệu
E52,thiếu niacin
E53,thiếu các vitamin nhóm b khác
E53.0,thiếu riboflavin
E14.6,các thể loại đái tháo đường không xác định có biến chứng xác định khác
E14.7,các thể loại đái tháo đường không xác định có đa biến chứng
E14.8,các thể loại đái tháo đường không xác định có biến chứng không xác định khác
E14.9,các thể loại đái tháo đường không xác định chưa có biến chứng
E15,ho n me hạ đu ờng máu kho ng do đái tháo đu ờng
E16,rối loạn khác của tuyến tụy nội tiết
J11.8,cúm với các biểu hiện khác virus không được định danh
J12,viêm phổi do virus chưa được phân loại nơi khác
J12.0,viêm phổi do adenovirus
J12.1,viêm phổi do virus hợp bào hô hấp
J12.2,viêm phổi do virus parainfluenza
J12.3,viêm phổi do metapneumovirus người
J12.8,viêm phổi do virus khác
J12.9,viêm phổi virus không đặc hiệu
J13,viêm phổi do phế cầu streptococcus pneumoniae
J14,viêm phổi do vi khuẩn haemophilus influenzae
J15,viêm phổi do vi khuẩn chưa được phân loại nơi khác
J15.0,viêm phổi do klebsiella pneumoniae
J15.1,viêm phổi do pseudomonas
J15.2,viêm phổi do tụ cầu staphylococcus
J15.3,viêm phổi do liên cầu nhóm b
J15.4,viêm phổi do các liên cầu streptoccoccus khác
J15.5,viêm phổi do escherichia coli
J15.6,viêm phổi do vi khuẩn gram hiếu khí khác
J15.7,viêm phổi do mycoplasma pneumoniae
J15.8,viêm phổi do vi khuẩn khác
J15.9,viêm phổi do vi khuẩn không đặc hiệu
J16,viêm phổi do tác nhân nhiễm khuẩn khác chưa được phân loại nơi khác
L58.9,viêm da do quang tuyến không điển hình
L59,các bệnh khác ở da và tổ chức dưới da liên quan đến bức xạ
L59.0,hồng ban nhiệt viêm da do nhiệt
L59.8,các bệnh đặc hiệu khác ở da và tổ chức dưới da liên quan đến bức xạ
L59.9,bệnh ở da và tổ chức dưới da liên quan đến bức xạ không điển hình
L60,các bệnh về móng
L60.0,móng chọc thịt
L60.1,móng tách
L60.2,móng quặp
L60.3,loạn dưỡng móng
L60.4,móng rãnh beau
K77.0,rối loạn chức năng gan trong bệnh nhiễm trùng và nhiễm ký sinh trùng được phân loại nơi khác
G45.9,cơn thiếu máu não thoáng qua không đặc hiệu
G46,hội chứng mạch máu não trong bệnh mạch não i60 i67
G46.0,hội chứng động mạch não giữa i66 0
G46.1,hội chứng động mạch não trước i66 1
G46.2,hội chứng động mạch não sau i66 2
G46.3,hội chứng đột quỵ thân não i60 i67
G46.4,hội chứng đột quỵ tiểu não i60 i67
G46.5,hội chứng ổ khuyết vận động đơn thuần i60 i67
G46.6,hội chứng ổ khuyết cảm giác đơn thuần i60 i67
G46.7,hội chứng ổ khuyết khác i60 i67
G46.8,hội chứng mạch máu não khác trong bệnh mạch máu não i60 i67
G47,rối loạn giấc ngủ
G47.0,rối loạn vào giấc và duy trì giấc ngủ mất ngủ
G47.1,rối loạn buồn ngủ quá mức ngủ quá nhiều
G47.2,rối loạn chu kỳ thức ngủ
G47.3,ngừng thở khi ngủ
G47.4,chứng ngủ rũ và mất trương lực đột ngột
G47.8,rối loạn giấc ngủ khác
G47.9,rối loạn giấc ngủ không biệt định
G50,bệnh dây thần kinh tam thoa
G50.0,đau dây thần kinh tam thoa
G50.1,đau mặt không điển hình
G50.8,bệnh khác của dây thần kinh tam thoa
G50.9,bệnh dây thần kinh tam thoa chưa phân loại
G51,bệnh dây thần kinh mặt
G51.0,liệt bell
G51.1,viêm hạch gối
G51.2,hội chứng melkersson
G51.3,co thắt và giật nửa mặt
G51.4,máy cơ mặt
G51.8,bệnh khác của dây thần kinh mặt
G51.9,bệnh dây thần kinh mặt không đặc hiệu
G52,bệnh các dây thần kinh sọ khác
G52.0,bệnh dây thần kinh khứu giác
G52.1,bệnh dây thần kinh lưỡi hầu thiệt hầu
G52.2,bệnh dây thần kinh phế vị
G52.3,bệnh dây thần kinh dưới lưỡi hạ thiệt
G52.7,nhiều dây thần kinh sọ
G52.8,bệnh dây thần kinh sọ xác định khác
G52.9,bệnh dây thần kinh sọ không đặc hiệu
G61,viêm đa dây thần kinh
G61.0,hội chứng guillain barré
G61.1,bệnh dây thần kinh do huyết thanh
G61.8,bệnh viêm đa dây thần kinh khác
G61.9,bệnh viêm đa dây thần kinh không đặc hiệu
G62,bệnh đa dây thần kinh khác
G62.0,bệnh đa dây thần kinh do thuốc
G62.1,bệnh đa dây thần kinh do rượu
G62.2,bệnh đa dây thần kinh do độc tố khác
G62.8,bệnh đa dây thần kinh xác định khác
G62.9,bệnh đa dây thần kinh không đặc hiệu
I79.2,bệnh lý mạch máu ngoại biên trong bệnh phân loại nơi khác
I80,viêm tĩnh mạch và tắc tĩnh mạch
I80.0,viêm tĩnh mạch và viêm tắc tĩnh mạch nông ở chi dưới
I80.1,viêm tĩnh mạch và viêm tắc tĩnh mạch đùi
I80.2,viêm tĩnh mạch và viêm tắc tĩnh mạch của các tĩnh mạch sâu khác ở chi dưới
I80.3,viêm tĩnh mạch và viêm tắc tĩnh mạch ở chi dưới không đặc hiệu
I80.8,viêm tĩnh mạch và viêm tắc tĩnh mạch ở vị trí khác
I80.9,viêm tĩnh mạch và viêm tắc tĩnh mạch vị trí không xác định
I81,huyết khối tĩnh mạch cửa
I82,các thuyên tắc và huyết khối tĩnh mạch khác
I82.0,hội chứng budd chiari
I82.1,viêm tắc tĩnh mạch tái phát migrans
I82.2,thuyên tắc và huyết khối tĩnh mạch chủ
I82.3,thuyên tắc và huyết khối tĩnh mạch thận
I82.8,thuyên tắc và huyết khối tĩnh mạch khác
I82.9,thuyên tắc và huyết khối không xác định tĩnh mạch
I83,dãn tĩnh mạch chi dưới
L87,các bệnh loại bỏ dị vật qua thượng bì
L87.0,dày sừng nang lông và quanh nang lông bệnh kyrle
L87.1,bệnh tạo keo đục lỗ phản ứng
L87.2,bệnh sợi chun đục lỗ ngoằn ngoèo
L87.8,các bệnh loại bỏ dị vật qua thượng bì khác
L87.9,các bệnh loại bỏ dị vật qua thượng bì không điển hình
L88,viêm da mủ hoại thư
L89,loét nằm và vùng đè ép
L89.0,loét nằm và vùng đè ép giai đoạn i
L89.1,loét nằm giai đoạn ii
L89.2,loét nằm giai đoạn iii
L89.3,loét nằm giai đoạn iv
L89.9,loét nằm và vùng đè ép không đặc hiệu
E53.1,thiếu pyridoxine
E53.8,thiếu các vitamin nhóm b đặc hiệu khác
E53.9,thiếu vitamin b không đặc hiệu
E54,thiếu acid ascorbic
E55,thiếu vitamin d
E55.0,còi xương tiến triển
E55.9,thiếu vitamin d không xác định
E56,thiếu vitamin khác
E56.0,thiếu vitamin e
E56.1,thiếu vitamin k
E56.8,thiếu các vitamin khác
E56.9,thiếu vitamin không đặc hiệu
E58,thiếu calci do chế độ ăn
E59,thiếu selen do chế độ ăn
E60,thiếu kẽm do chế độ ăn
E61,thiếu các yếu tố dinh dưỡng khác
E61.0,thiếu đồng
E61.1,thiếu sắt
E61.2,thiếu magie
E61.3,thiếu mangan
E61.4,thiếu crôm
F51,rối loạn giấc ngủ không thực tổn
F51.0,mất ngủ không thực tổn
F51.1,ngủ nhiều không thực tổn
F51.2,rối loạn nhịp thức ngủ không thực tổn
F51.3,chứng miên hành
F51.4,hoảng sợ khi ngủ hoảng sợ ban đêm
F51.5,ác mộng
F51.8,rối loạn giấc ngủ không thực tổn khác
H80.9,xơ nhĩ không đặc hiệu xốp xơ tai không đặc hiệu
H81,rối loạn chức năng tiền đình
H81.0,bệnh ménière
H81.1,chóng mặt kịch phát lành tính
H81.2,viêm thần kinh tiền đình
H81.3,chóng mặt do nguyên nhân ngoại biên khác
H81.4,chóng mặt nguồn gốc trung ương
H81.8,rối loạn chức năng tiền đình khác
H81.9,rối loạn chức năng tiền đình không đặc hiệu
H82,rối loạn chức năng tiền đình
H83,bệnh khác của tai trong
H83.0,viêm mê nhĩ
H83.1,rò mê nhĩ
H83.2,rối loạn chức năng mê nhĩ
H83.3,ảnh hưởng tiếng ồn lên tai trong
H83.8,bệnh tai trong đặc hiệu bệnh tai trong đặc hiệu khác
H83.9,bệnh tai trong không đặc hiệu
L60.5,hội chứng vàng móng
L60.8,các bệnh khác của móng
L60.9,bệnh móng khác không điển hình
L62,các bệnh móng trong các bệnh đã phân loại ở phần khác
L62.0,móng tay dùi trống do tăng sinh màng xương m89 4
M10.2,bệnh gút do thuốc
M10.3,bệnh gút do thương tổn chức năng thận
M10.4,bệnh gút thứ phát khác
M10.9,bệnh gút không đặc hiệu
M11,các bệnh khớp khác do vi tinh thể
M11.0,bệnh do lắng đọng hydroxyapatit
M11.1,bệnh vôi hóa sụn có tính chất gia đình
M11.2,bệnh vôi hóa sụn khác
M11.8,bệnh khớp khác do các vi tinh thể được xác định
M11.9,bệnh khớp do vi tinh thể không đặc hiệu
M12,các bệnh khớp đặc hiệu khác
M12.0,bệnh khớp mãn tính sau thấp jaccoud
M12.1,bệnh kaschin beck
M12.2,viêm màng hoạt dịch thể lông nốt sắc tố
M12.3,bệnh thấp khớp thoáng qua
M12.4,tràn dịch khớp hay tái phát
M12.5,bệnh khớp do chấn thương
M12.8,các bệnh khớp đặc hiệu khác không được xếp loại ở mục khác
M13,các viêm khớp khác
M13.0,viêm đa khớp không đặc hiệu
M13.1,viêm một khớp không được xếp loại ở mục khác
M13.8,các viêm khớp đặc hiệu khác
M13.9,viêm khớp không đặc hiệu
M14,bệnh khớp trong các bệnh không được xếp loại ở mục khác
M14.0,bệnh khớp gút do thiếu men và các bệnh lý di truyền khác
M14.00,bệnh khớp gút do thiếu men và các bệnh lý di truyền khác nhiều vị trí
M14.01,bệnh khớp gút do thiếu men và các bệnh lý di truyền khác vùng bả vai
M14.02,bệnh khớp gút do thiếu men và các bệnh lý di truyền khác cánh tay
M14.03,bệnh khớp gút do thiếu men và các bệnh lý di truyền khác cẳng tay
M14.04,bệnh khớp gút do thiếu men và các bệnh lý di truyền khác bàn tay
M14.05,bệnh khớp gút do thiếu men và các bệnh lý di truyền khác vùng chậu và đùi
M14.06,bệnh khớp gút do thiếu men và các bệnh lý di truyền khác cẳng chân
L71,trứng cá đỏ
L71.0,viêm da quanh miệng
L71.1,mũi sư tử
L71.8,trứng cá đỏ khác
L71.9,trứng cá đỏ không điển hình
L72,kén nang lông của da và tổ chức dưới da
L72.0,kén thượng bì
L72.1,kén ở chân lông
L72.2,đa u tuyến bã
E64.8,di chứng của bệnh thiếu dinh dưỡng khác
E64.9,di chứng của thiếu dinh dưỡng không đặc hiệu
E65,béo phì khu trú
E66,bệnh béo phì
E66.0,béo phì do thừa calo
E66.1,béo phì do thuốc
E66.2,béo phì quá mức với giảm thông khí phế nang
E66.8,béo phì khác
E66.9,béo phì không đặc hiệu
E67,tình trạng thừa dinh dưỡng khác
E67.0,thừa vitamin a
E67.1,tăng caroten máu
E67.2,hội chứng megavitamin b6
E67.3,thừa vitamin d
E67.8,thừa dinh dưỡng xác định khác
E68,di chứng của thừa dinh dưỡng
E70,rối loạn chuyển hóa acid amin thơm
E70.0,phenyl ceton niệu kinh điển
E70.1,tăng phenylalanin máu khác
E70.2,rối loạn chuyển hóa tyrosine
E70.3,chứng bạch tạng
E70.8,rối loạn chuyển hóa khác của acid amin thơm
E70.9,rối loạn chuyển hóa acid amin thơm không xác định
E71,rối loạn chuyển hóa acid amin chuỗi nhánh và rối loạn chuyển hóa acid béo
E71.0,bệnh nước tiểu mùi sirô maple syrup
E71.1,rối loạn khác của chuyển hóa acid amin chuỗi nhánh
E71.2,rối loạn chuyển hóa acid amin chuỗi phân nhánh không đặc hiệu
E71.3,rối loạn chuyển hóa acid béo
E72,các rối loạn khác của chuyển hóa acid amin
E72.0,rối loạn vận chuyển acid amin
E72.1,rối loạn chuyển hóa acid amin chứa sulfur
E72.2,rối loạn chuyển hóa chu trình urê
E72.3,rối loạn chuyển hóa lysine và hydroxylysine
E72.4,rối loạn chuyển hóa ornithine
E72.5,rối loạn chuyển hóa glycine
L90,teo da
L90.0,lichen xơ teo
L90.1,bệnh teo da schweninger buzzi
L90.2,bệnh teo da jadassohn pellizzari
L90.3,bệnh teo nhão da pasinivà pierini
L90.4,viêm da đầu chi teo mãn tính
L90.5,các bệnh sẹo và xơ hóa của da
L90.6,rạn da teo
L90.8,các bệnh teo da khác
L90.9,teo da không điển hình
L91,các bệnh quá sản của da
L91.0,sẹo phì đại
L91.8,các bệnh quá sản khác của da
E77.1,khiếm khuyết trong quá trình phân hủy glycoprotein
E77.8,rối loạn chuyển hóa glycoprotein khác
E77.9,rối loạn chuyển hóa glycoprotein không đặc hiệu
E78,rối loạn chuyển hóa lipoprotein và tình trạng tăng lipid máu khác
E78.0,tăng cholesterol máu đơn thuần
E78.1,tăng triglycerid máu đơn thuần
E78.2,tăng lipid máu hỗn hợp
E78.3,tăng chylomicron máu
E78.4,tăng lipid máu khác
E78.5,tăng lipid máu không đặc hiệu
E78.6,thiếu lipoprotein
E78.8,rối loạn chuyển hóa lipoprotein khác
E78.9,rối loạn chuyển hóa lipoprotein không đặc hiệu
E79,rối loạn chuyển hóa purine và pyrimidine
E79.0,tăng acid uric máu không có biểu hiện của viêm khớp và bệnh tạo sỏi
E79.1,hội chứng lesch nyhan
E79.8,rối loạn khác của chuyển hóa purine and pyrimidine
F81.8,rối loạn khác về sự phát triển các kỹ năng ở trường
F81.9,rối loạn phát triển của kỹ năng ở trường không biệt định
F82,rối loạn đạ c hiẹ u sự phát triển chứcna ng vạ n đọ ng
F83,các rối loạn đạ c hiẹ u hỗn hợp củasự phát triển
F84,rối loạn lan tỏa sự phát triển
F84.0,tính tự kỷ ở trẻ em
F84.1,tính tự kỷ không điển hình
F84.2,hội chứng rett
F84.3,rối loạn phân rã khác của trẻ em
F84.4,rối loạn tăng hoạt động kết hợp với chậm phát triển tâm thần và các động tác định hình
F84.5,hội chứng asperger
F84.8,các rối loạn lan tỏa khác của sự phát triển
F84.9,rối loạn phát triển lan tỏa không biệt định
H90,điếc dẫn truyền và điếc thần kinh giác quan điếc dẫn truyền và tiếp nhận
H90.0,điếc dẫn truyền hai bên
H90.1,điếc dẫn truyền một bên với sức nghe không hạn chế bên đối diện
H90.2,điếc dẫn truyền không đặc hiệu
H90.3,điếc thần kinh hai bên điếc tiếp nhận hai bên
H90.4,điếc giác quan một bên với sức nghe không hạn chế bên đối diện điếc tiếp nhận một bên với sức nghe không hạn chế bên đối diện
H90.5,điếc thần kinh không đặc hiệu điếc tiếp nhận không đặc hiệu
H90.6,điếc hỗn hợp dẫn truyền và giác quan hai bên điếc hỗn hợp hai bên
H90.7,điếc hỗn hợp dẫn truyền và giác quan một bên với sức nghe không hạn chế bên tai kia điếc hỗn hợp một bên với sức nghe không hạn chế bên đối diện
H90.8,điếc hỗn hợp dẫn truyền và giác quan không đặc hiệu điếc hỗn hợp không đặc hiệu
H91,nghe kém khác
H91.0,nghe kém do ngộ độc tai
H91.1,điếc tuổi già hay lão thính
M14.08,bệnh khớp gút do thiếu men và các bệnh lý di truyền khác vị trí khác
M14.09,bệnh khớp gút do thiếu men và các bệnh lý di truyền khác vị trí không xác định
M14.1,bệnh khớp do vi tinh thể sau các rối loạn chuyển hóa được xếp loại ở mục khác
M14.10,bệnh khớp do vi tinh thể sau các rối loạn chuyển hóa được xếp loại ở mục khác nhiều vị trí
M14.11,bệnh khớp do vi tinh thể sau các rối loạn chuyển hóa được xếp loại ở mục khác vùng bả vai
M14.12,bệnh khớp do vi tinh thể sau các rối loạn chuyển hóa được xếp loại ở mục khác cánh tay
M14.13,bệnh khớp do vi tinh thể sau các rối loạn chuyển hóa được xếp loại ở mục khác cẳng tay
M14.14,bệnh khớp do vi tinh thể sau các rối loạn chuyển hóa được xếp loại ở mục khác bàn tay
M14.15,bệnh khớp do vi tinh thể sau các rối loạn chuyển hóa được xếp loại ở mục khác vùng chậu và đùi
M14.16,bệnh khớp do vi tinh thể sau các rối loạn chuyển hóa được xếp loại ở mục khác cẳng chân
M14.17,bệnh khớp do vi tinh thể sau các rối loạn chuyển hóa được xếp loại ở mục khác cổ bàn chân
M14.18,bệnh khớp do vi tinh thể sau các rối loạn chuyển hóa được xếp loại ở mục khác vị trí khác
M14.19,bệnh khớp do vi tinh thể sau các rối loạn chuyển hóa được xếp loại ở mục khác vị trí không xác định
M14.2,bệnh khớp do đái tháo đường đường e10 e14 với ký tự thứ tư chung 6
M14.20,bệnh khớp do đái tháo đường đường e10 e14 với ký tự thứ tư chung 6 nhiều vị trí
M14.07,bệnh khớp gút do thiếu men và các bệnh lý di truyền khác cổ bàn chân
F51.9,rối loạn giấc ngủ không thực tổn không biệt định
F52,loạn chức năng tình dục không do rối loạn hoặc bệnh thực tổn
F52.0,thiếu hoặc mất ham muốn tình dục
F52.1,ghét sợ tình dục và thiếu thích thú tình dục
I40.9,viêm cơ tim cấp không đặc hiệu
I41,viêm cơ tim trong bệnh phân loại nơi khác
I41.0,viêm cơ tim trong bệnh nhiễm trùng phân loại nơi khác
I41.1,viêm cơ tim trong bệnh do virus phân loại nơi khác
I41.2,viêm cơ tim trong bệnh nhiễm trùng và ký sinh trùng khác phân loại nơi khác
I41.8,viêm cơ tim trong bệnh khác phân loại nơi khác
I42,bệnh cơ tim
I42.0,bệnh cơ tim giãn
I42.1,bệnh cơ tim phì đại có tắc nghẽn
I42.2,bệnh cơ tim phì đại khác
I42.3,bệnh cơ nội tâm mạc nhiễm bạch cầu ái toan
I42.4,xơ chun nội tâm mạc
I42.5,bệnh lý cơ tim hạn chế
I42.6,bệnh cơ tim do rượu
I42.7,bệnh cơ tim do thuốc và tác nhân bên ngoài
I42.8,bệnh cơ tim khác
I42.9,bệnh cơ tim không đặc hiệu
I43,bệnh cơ tim trong bệnh phân loại nơi khác
I43.0,bệnh cơ tim trong bệnh nhiễm trùng và ký sinh trùng
I43.1,bệnh cơ tim trong bệnh chuyển hóa
I43.2,bệnh cơ tim trong các bệnh về dinh dưỡng
I43.8,bệnh cơ tim trong bệnh khác phân loại nơi khác
I44,blốc nhĩ thất và nhánh trái
I44.0,blốc nhĩ thất độ i
I44.1,blốc nhĩ thất độ ii
I44.2,blốc nhĩ thất hoàn toàn
I44.3,blốc nhĩ thất khác và không xác định
I44.4,blốc nhánh trước trái
I44.5,blốc nhánh sau trái
I44.6,blốc nhánh khác và không xác định
K70.4,suy gan do rượu
K70.9,bệnh gan do rượu không đặc hiệu
K71,bệnh gan do độc chất
K71.0,bệnh gan nhiễm độc có ứ mật
K71.1,bệnh gan nhiễm độc có hoại tử gan
F63.3,nhổ tóc
F63.8,rối loạn thói quen và xung động khác
F63.9,rối loạn thói quen và xung động không biệt định
F64,các rối loạn phân định giới tính
F64.0,loạn dục chuyển giới
F64.1,loạn dục cải trang vai trò kép
F64.2,rối loạn xác định giới tính ở trẻ em
F64.8,rối loạn xác định giới tính khác
F64.9,rối loạn phân định giới tính không biệt định
F65,rối loạn trong ưa chuộng tình dục
F65.0,loạn dục đồ vật
F65.1,loạn dục cải trang đồ vật
F65.2,loạn dục phô bày
F65.3,loạn dục nhìn trộm
F65.4,loạn dục với trẻ em
F65.5,loạn dục gây đau chủ động và bị động
F65.6,đa rối loạn ưa chuộng tình dục
F65.8,rối loạn ưa chuộng tình dục khác
F65.9,rối loạn ưa chuộng tình dục không biệt định
F66,những rối loạn tâm lý và hành vi kết hợp với sự phát triển và định hướng tình dục
I01.9,bệnh tim do thấp cấp không đặc hiệu
I02,múa giật do thấp
I02.0,múa giật do thấp có ảnh hưởng đến tim
I02.9,múa giật do thấp không ảnh hưởng đến tim
I05,bệnh lý van hai lá do thấp
I05.0,hẹp van hai lá
I05.1,hở van hai lá do thấp
I05.2,hẹp hở van hai lá
I05.8,bệnh van hai lá khác
I05.9,bệnh van hai lá không đặc hiệu
I06,bệnh van động mạch chủ do thấp
I06.0,hẹp van động mạch chủ do thấp
I06.1,hở van động mạch chủ do thấp
I06.2,hẹp hở van động mạch chủ do thấp
I06.8,bệnh van động mạch chủ do thấp khác
I06.9,bệnh van động mạch chủ do thấp không đặc hiệu
I07,bệnh lý van ba lá do thấp
I07.0,hẹp van ba lá
I07.1,hở van ba lá
I07.2,hẹp hở van ba lá
I07.8,bệnh lý khác của van ba lá
I07.9,bệnh lý van ba lá khác không đặc hiệu
I08,bệnh lý của nhiều van tim
I08.0,bệnh lý cả hai lá và van động mạch chủ
K77.8,rối loạn chức năng gan trong bệnh khác phân loại nơi khác
F88,các rối loạn khác của phát triển tâm lý
F89,rối loạn không biệt định của phát triển tâm lý
F90,các rối loạn tăng động
F90.0,rối loạn của hoạt động và chú ý
F90.1,rối loạn hành vi tăng động
F90.8,rối loạn tăng động khác
F90.9,rối loạn tăng động không biệt định
F91,rối loạn hành vi
F91.0,rối loạn hành vi khu trú trong môi trường gia đình
F91.1,rối loạn hành vi ở những người kém thích ứng xã hội
F91.2,rối loạn cư xử xã hội hóa
F91.3,rối loạn hành vi ở những người còn thích ứng xã hội
F91.8,các rối loạn hành vi khác
F91.9,rối loạn hành vi không biệt định
F92,các rối loạn hỗn hợp về hành vi và cảm xúc
F92.0,rối loạn hành vi trầm cảm
F92.8,rối loạn hỗn hợp của hành vi và cảm xúc khác
F92.9,rối loạn hỗn hợp của hành vi và cảm xúc không biệt định
F93,rối loạn cảm xúc với sự khởi phát đặc biệt ở trẻ em
I22.1,nhồi máu cơ tim tiến triển của thành dưới
I22.8,nhồi máu cơ tim tiến triển ở vị trí khác
I22.9,nhồi máu cơ tim tiến triển ở vị trí không xác định
I23,một số biến chứng thường gặp sau nhồi máu cơ tim cấp
I23.0,biến chứng tràn máu màng ngoài tim sau nhồi máu cơ tim cấp
I23.1,biến chứng thủng vách liên nhĩ xảy ra sau nhồi máu cơ tim cấp
I23.2,biến chứng thủng vách liên thất sau nhồi máu cơ tim cấp
K90.9,ruột kém hấp thu không đặc hiệu
K91,rối loạn tiêu hóa sau phẫu thuật không phân loại nơi khác
K91.0,nôn mửa sau phẫu thuật dạ dày ruột
K91.1,hội chứng sau phẫu thuật dạ dày
K91.2,kém hấp thu sau phẫu thuật không phân loại nơi khác
K91.3,tắc ruột sau mổ
K91.4,suy chức năng sau mổ thông đại tràng và mổ thông đường ruột
K91.5,hội chứng sau cắt túi mật
K91.8,rối loạn sau phẫu thuật khác của hệ tiêu hóa không phân loại nơi khác
K91.9,rối loạn sau phẫu thuật của hệ tiêu hóa không đặc hiệu
K92,bệnh khác của hệ tiêu hóa
K92.0,nôn ra máu
K92.1,đi ngoài phân đen
K92.2,chảy máu tiêu hóa không đặc hiệu
M14.21,bệnh khớp do đái tháo đường đường e10 e14 với ký tự thứ tư chung 6 vùng bả vai
M14.22,bệnh khớp do đái tháo đường đường e10 e14 với ký tự thứ tư chung 6 cánh tay
M14.23,bệnh khớp do đái tháo đường đường e10 e14 với ký tự thứ tư chung 6 cẳng tay
M14.24,bệnh khớp do đái tháo đường đường e10 e14 với ký tự thứ tư chung 6 bàn tay
M14.25,bệnh khớp do đái tháo đường đường e10 e14 với ký tự thứ tư chung 6 vùng chậu và đùi
M14.26,bệnh khớp do đái tháo đường đường e10 e14 với ký tự thứ tư chung 6 cẳng chân
M14.27,bệnh khớp do đái tháo đường đường e10 e14 với ký tự thứ tư chung 6 cổ bàn chân
M14.28,bệnh khớp do đái tháo đường đường e10 e14 với ký tự thứ tư chung 6 vị trí khác
M14.29,bệnh khớp do đái tháo đường đường e10 e14 với ký tự thứ tư chung 6 vị trí không xác định
M14.3,viêm khớp và da nhiễm mỡ e78 8
M14.30,viêm khớp và da nhiễm mỡ e78 8 nhiều vị trí
I61.9,xuất huyết nội sọ không đặc hiệu
I63,nhồi máu não
I63.6,nhồi máu não do huyết khối tĩnh mạch não không sinh mủ
I65.1,nghẽn tắc và hẹp động mạch nền
K71.2,bệnh gan nhiễm độc có viêm gan cấp
K71.3,bệnh gan nhiễm độc có viêm gan mạn dai dẳng
K71.4,bệnh gan nhiễm độc có viêm tiểu thùy gan mạn
K71.5,bệnh gan nhiễm độc có viêm gan mạn hoạt động
K71.6,bệnh gan nhiễm độc có viêm gan không phân loại nơi khác
E16.0,hạ glucose máu do thuốc không hôn mê
E16.1,hạ glucose máu khác
E16.2,hạ glucose máu không đặc hiệu
E16.3,tăng tiết glucagon
E16.4,tiết gastrin bất thường
E16.8,các rối loạn xác định khác của bài tiết của tuyến tụy nội tiết
E16.9,các rối loạn bài tiết của tuyến tụy nội tiết không xác định
E20,suy cận giáp
E20.0,suy cận giáp không rõ nguyên nhân
E20.1,giả suy cận giáp
E20.8,suy cận giáp khác
E20.9,suy cận giáp không đặc hiệu
E21,cường cận giáp và các rối loạn khác của tuyến cận giáp
E21.0,cường cận giáp nguyên phát
E21.1,cường cận giáp thứ phát chưa được phân loại ở phần khác
E21.2,cường cận giáp độ 3
E21.3,cường cận giáp không các định
E21.4,các rối loạn xác định khác của tuyến cận giáp
E21.5,rối loạn tuyến cận giáp không đặc hiệu
E22,cường tuyến yên
E22.0,bệnh to cực và chứng khổng lồ do tuyến yên m14 5
E22.1,tăng prolactin máu
E22.2,hội chứng tiết hormon kháng bài niệu adh không thích hợp
E22.8,cường năng khác của tuyến yên
E22.9,cường năng tuyến yên không đặc hiệu
G43.3,migraine biến chứng
G43.8,migraine khác
G43.9,migraine không đặc hiệu
G44,hội chứng đau đầu khác
G44.0,hội chứng đau đầu chuỗi
G44.1,nhức đầu do mạch máu không phân loại nơi khác
G44.2,đau đầu do căng thẳng
G44.3,đau đầu mãn tính sau chấn thương
G44.4,đau do thuốc không phân loại ở mục khác
G44.8,chứng đau đầu xác định khác
G45,cơn thiếu máu não cục bộ thóang qua và hội chứng liên quan
G45.0,hội chứng động mạch sống nền
G45.1,hội chứng động mạch cảnh bán cầu não
F31.71,rối loạn lưỡng cực thuyên giảm một phần tình trạng mới đây là hưng cảm nhẹ
F31.72,rối loạn lưỡng cực thuyên giảm hoàn toàn tình trạng mới đây là hưng cảm nhẹ
F31.73,rối loạn lưỡng cực thuyên giảm một phần tình trạng mới đây là hưng cảm
F31.74,rối loạn lưỡng cực thuyên giảm hoàn toàn tình trạng mới đây là hưng cảm
F31.75,rối loạn lưỡng cực thuyên giảm một phần tình trạng mới đây là trầm cảm
F31.76,rối loạn lưỡng cực thuyên giảm hoàn toàn tình trạng mới đây là trầm cảm
F31.77,rối loạn lưỡng cực thuyên giảm một phần tình trạng mới đây là hỗn hợp
F31.78,rối loạn lưỡng cực thuyên giảm hoàn toàn tình trạng mới đây là hỗn hợp
F31.81,rối loạn lưỡng cực ii
F31.89,rối loạn lưỡng cực khác
F31.9,rối loạn cảm xúc lưỡng cực không biệt định
F32,giai đoạn trầm cảm
F32.1,giai đoạn trầm cảm vừa
F32.2,giai đoạn trầm cảm nặng không có các triệu chứng loạn thần
F32.3,giai đoạn trầm cảm nặng với các triệu chứng loạn thần
F32.9,giai đoạn trầm cảm không đặc hiệu
F33,rối loạn trầm cảm tái diễn
F33.0,rối loạn trầm cảm tái diễn hiện tại giai đoạn nhẹ
F33.2,rối loạn trầm cảm tái diễn hiện tại giai đoạn nặng không có triệu chứng loạn thần
F33.3,rối loạn trầm cảm tái diễn hiện tại giai đoạn nặng với các triệu chứng loạn thần
A15,lao hô hấp có xác nhận về vi khuẩn học và mô học
A15.0,lao phổi xác nhận bằng soi đờm có cấy hoặc không cấy đờm
A56.12,viêm tinh hoàn và mào tinh hoàn do chalamydia
A56.3,bệnh do chlamydia ở hậu môn và trực tràng
A56.4,bệnh do chlamydia ở họng
A56.8,bệnh do chlamydia lây truyền qua đường tình dục có vị trí khác
A57,bệnh hạ cam
A58,u hạt ở bẹn
A59,bệnh do trichomonas
A59.8,bệnh do trichomonas ở vị trí khác
A59.9,bệnh do trichomonas không xác định
A60,bệnh do herpes simplex vùng hậu môn sinh dục
A60.0,bệnh do virus herpes ở đường sinh dục và niệu sinh dục
A60.00,nhiễm virus herpes ở hệ niệu sinh dục không xác định
A60.01,nhiễm trichomonas ở dương vật
A60.02,nhiễm trichomonas ở cơ quan sinh dục nam khác
A60.04,viêm âm hộ âm đạo do virus herpes loét do virus herpes herpes simplex viêm âm hộ do herpes viêm âm đạo do herpes
A60.09,nhiễm virus herpes ở đường niệu sinh dục khác
A60.1,bệnh do virus herpes ở da quanh hậu môn và trực tràng
A60.9,bệnh do virus herpes ở hậu môn sinh dục không xác định
A63.0,mụn cơm hoa liễu ở hậu môn sinh dục
A63.8,bệnh lây truyền chủ yếu qua đường tình dục xác định khác
A64,bệnh lây truyền qua đường tình dục không xác định
A65,giang mai không lây qua đường tình dục
A66,ghẻ cóc do nhiễm treponema pertenue
A66.0,tổn thương ban đầu của ghẻ cóc
A66.2,tổn thương da sớm khác của ghẻ cóc
A66.3,tăng sừng hóa của ghẻ cóc
A66.4,gôm và loét của ghẻ cóc
A66.5,bệnh gangosa bệnh loét quanh mũi
A66.7,biểu hiện khác của ghẻ cóc
A66.8,ghẻ cóc tiềm ẩn
A66.9,ghẻ cóc không xác định
A67,bệnh pinta bệnh do treponema carateum
A67.1,tổn thương trung gian của pinta
A67.2,tổn thương muộn của pinta
A67.3,tổn thương hỗn hợp của pinta
A67.9,pinta không xác định
A68.0,sốt hồi qui do chấy rận
A68.1,sốt hồi qui do ve truyền
A69,bệnh do xoắn trùng khác
A69.0,viêm loét hoại tử ở miệng
A69.1,nhiễm trùng do kiểu vincent khác
A69.2,bệnh lyme
A69.9,nhiễm xoắn khuẩn không xác định
A70,bệnh do chlamydia psittaci
A71,bệnh mắt hột
A71.1,giai đoạn hoạt động của mắt hột
A71.9,bệnh mắt hột không xác định
A74,bệnh khác do chlamydia
A74.0,viêm kết mạc do chlamydia h13 1
E72.10,cystathione niệu
E72.12,methionine máu
E72.13,thiếu men sulfite oxidase
E72.21,acid argininosuccinat niệu
E72.22,citrulline máu
E72.50,tăng hydroxyproline máu
E72.51,tăng proline máu typ i ii
E72.53,sarcosine máu
E74.01,thiếu men phosphorylase ở gan
E75.00,bệnh nhiễm gangliosid gm2 không xác định
E75.01,bệnh sandhoff
E75.02,bệnh tay sachs
E75.03,bệnh nhiễm gangliosid gm2 khác ở người trưởng thành ở thiếu niên
E75.10,bệnh nhiễm gangliosid nos gm1 gm3
E75.11,nhiễm mucolipid typ iv
E75.21,bệnh fabry anderson
E75.22,bệnh gaucher
E75.23,bệnh krabbe
E75.24,bệnh niemann pick
E75.25,hội chứng farber
E75.26,loạn dưỡng biến sắc chất trắng não do tích tụ sphingolipid hay bệnh arylsulfatase a
E75.27,thiếu men sulfatase
H51,các rối loạn vận nhãn hai mắt khác
H51.0,liệt phối hợp hướng nhìn
H51.1,thiểu năng hay gia tăng quy tụ
H51.8,các rối loạn vận nhãn hai mắt xác định khác
H51.9,rối loạn vận nhãn hai mắt không đặc hiệu
H52,bệnh khúc xạ và điều tiết
H52.2,loạn thị
H52.3,khúc xạ hai mắt không đều và hình võng mạc hai mắt không đều
H52.5,rối loạn điều tiết
H52.6,tật khúc xạ khác
H53,rối loạn thị giác
H53.0,nhược thị do không nhìn
H53.1,rối loạn thị giác chủ quan
H53.3,rối loạn thị giác hai mắt khác
H53.4,tổn hại thị trường
H53.6,quáng gà
H53.8,rối loạn thị giác khác
H54,giảm thị lực bao gồm mù lòa hai mắt hoặc một mắt
H54.0,mù hai mắt
H54.1,giảm thị lực mức độ nặng hai mắt
H54.2,giảm thị lực mức độ trung bình hai mắt
H54.4,mù một mắt
H54.5,giảm thị lực mức độ nặng một mắt
H54.6,giảm thị lực mức độ trung bình một mắt
H54.7,mất thị lực không đặc hiệu
H55,rung giật nhãn cầu và rối loạn vận nhãn khác
H57,các bệnh khác của mắt và phần phụ
H57.1,nhức mắt
H57.8,các bệnh xác định khác của mắt và phần phụ
H57.9,các bệnh của mắt và phần phụ không đặc hiệu
H58,bệnh khác của mắt và phần phụ trong các bệnh phân loại nơi khác
H58.1,rối loạn thị giác trong các bệnh phân loại nơi khác
H58.8,bệnh của mắt và phần phụ xác định khác trong các bệnh phân loại nơi khác
H59,bệnh mắt và phần phụ sau phẫu thuật không phân loại nơi khác
H59.0,bệnh lý giác mạc không có thủy tinh thể
H59.8,bệnh khác của mắt và phần phụ sau phẫu thuật
H59.9,bệnh mắt và phần phụ sau phẫu thuật không đặc hiệu
H60,viêm tai ngoài
H60.1,viêm mô tế bào tai ngoài
H60.2,viêm tai ngoài ác tính
H60.3,viêm tai ngoài nhiễm trùng khác
H60.5,viêm tai ngoài cấp không nhiễm trùng
H60.8,viêm tai ngoài khác
H60.9,viêm tai ngoài không đặc hiệu
H61.0,viêm màng bao sụn tai ngoài viêm màng sụn vành tai
H61.1,bệnh loa tai không nhiễm trùng
H61.2,nút ráy tai
F15.99,sử dụng chất kích thích khác không xác định có rối loạn không xác định do chất kích thích
F16,rối loạn tâm thần và hành vi do sử dụng các chất gây ảo giác
F16.10,lạm dụng chất gây ảo giác không biến chứng
A74.9,bệnh do chlamydia không xác định
A75,bệnh sốt phát ban do rickettsia
A75.0,sốt phát ban dịch tễ do chấy rận rickettsia prowazekii
A75.1,sốt phát ban tái diễn bệnh brill
A75.3,sốt phát ban do rickettsia tsutsugamushi
A75.9,sốt phát ban không xác định
A77,sốt phát ban dạng đốm bệnh rickttsia do bọ ve truyền
A77.0,sốt phát ban dạng đốm do rickettsia rikettsii
A77.1,sốt phát ban dạng đốm do rickettsia conoril
A77.3,sốt phát ban dạng đốm do rickettsia australis
A77.8,sốt phát ban dạng đốm khác
A77.9,sốt phát ban dạng đốm không xác định
A78,sốt q
B56.9,bệnh do trypanosoma châu phi không xác định
B57,bệnh chagas
B57.0,bệnh chagas cấp ảnh hưởng đến tim i41 2 i98 1
B57.1,bệnh chagas cấp không ảnh hưởng đến tim
B57.2,bệnh chagas mãn tính ảnh hưởng đến tim
B57.5,bệnh chagas mãn tính ảnh hưởng đến cơ quan khác
B58,bệnh do toxoplasma
B58.0,bệnh lý mắt do toxoplasma
B58.2,viêm não màng não do toxoplasma g05 2
B58.3,bệnh do toxoplasma ở phổi j17 3
B58.8,bệnh do toxoplasma có ảnh hưởng đến cơ quan khác
B60,bệnh do ký sinh trùng đơn bào khác chưa phân loại
B60.0,bệnh do babesia
B60.1,bệnh do acanthamoeba
B60.2,bệnh do naegleria
B64,bệnh do ký sinh trùng đơn bào không xác định
B65,bệnh sán máng bilharziasis
B65.0,bệnh sán máng do schistosoma haematobium bệnh sán máng đường tiết niệu
B65.1,bệnh sán máng do schistosoma mansoni bệnh sán máng đường ruột
B65.3,viêm da do ấu trùng
B65.8,bệnh sán máng khác
B65.9,bệnh sán máng không xác định
B66,bệnh sán lá gan khác
B66.0,bệnh sán lá gan opisthorchis
B66.2,bệnh sán dicrocoelium
B66.3,bệnh fasciola
B66.5,bệnh do fasciolopsis
B66.8,nhiễm sán lá xác định khác
B66.9,bệnh sán lá không xác định
B67.0,nhiễm echinococcus granulosus ở gan
B67.1,nhiễm echinococcus granulosus ở phổi
B67.2,nhiễm echinococcus granulosus ở xương
B67.4,nhiễm echinococcus granulosus không xác định
B67.5,nhiễm echinococcus multilocularis ở gan
B67.6,nhiễm echinococcus multilocularis vị trí khác và nhiều vị trí
B67.7,nhiễm echinococcus multilocularis không xác định
B67.8,bệnh do sán echinococcus ở gan không xác định
B67.9,nhiễm ấu trùng sán echinococcus khác và không xác định
B68.0,bệnh sán taenia solium
B68.1,bệnh sán taenia saginata
B69,bệnh ấu trùng sán lợn
B69.0,bệnh ấu trùng sán lợn ở hệ thần kinh trung ương
B69.1,bệnh ấu trùng sán lợn ở mắt
B69.8,bệnh ấu trùng sán lợn ở vị trí khác
B70.0,bệnh sán diphyllobothrium
B70.1,bệnh sán spargamum
B71,nhiễm sán dây khác
B71.0,bệnh sán dây nhỏ hymenolepis
B71.8,nhiễm sán dây xác định khác
B71.9,nhiễm sán dây không xác định
B72,bệnh giun dracunculus
B74,bệnh giun chỉ
B74.0,bệnh giun chỉ do wuchereria bancrofti
B74.2,bệnh giun chỉ do brugia malayi
B74.3,bệnh giun chỉ loa loa
B74.4,nhiễm giun chỉ mansonella
B74.9,bệnh giun chỉ không xác định
B75,bệnh giun xoắn trichinella
B76,bệnh giun móc
C43.5,u hắc tố ác của thân mình
C43.6,u hắc tố ác của chi trên bao gồm vai
C43.7,u hắc tố ác của chi dưới bao gồm háng
C43.9,u hắc tố ác của da không xác định
C44,u ác khác của da
C44.0,u da ác tính của môi
C44.1,u da ác tính của mi mắt bao gồm khóe mắt
C44.3,u da ác tính của phần khác và không xác định của mặt
C44.4,u da ác tính đầu và da cổ
C44.5,u da ác tính của thân mình
C44.6,u da ác tính của chi trên bao gồm vai
C44.7,u da ác tính của chi dưới bao gồm háng
C44.8,u ác với tổn thương chồng lấn của da
C45,u trung biểu mô
C45.0,u trung biểu mô của màng phổi
C45.1,u trung biểu mô của phúc mạc
C45.9,u trung biểu mô không xác định
C46,ung thư mô liên kết kaposi
C46.0,ung thư mô liên kết kaposi của da
C46.1,ung thư mô liên kết kaposi của mô mềm
C46.7,ung thư mô liên kết kaposi của các nơi khác
C46.8,ung thư mô liên kết kaposi của nhiều cơ quan
C47.0,u ác của dây thần kinh ngoại biên của đầu mặt cổ
C47.1,u ác của dây thần kinh ngoại biên của chi trên bao gồm vai
C47.2,u ác của dây thần kinh ngoại biên của chi dưới bao gồm háng
C47.4,u ác của dây thần kinh ngoại biên của bụng
C47.5,u ác của dây thần kinh ngoại biên của chậu
C47.6,u ác của dây thần kinh ngoại biên của thân mình không xác định
C47.8,u ác với tổn thương chồng lấn của dây thần kinh ngoại biên và của hệ thần kinh tự động
C47.9,u ác của dây thần kinh ngoại biên và hệ thần kinh tự động không xác định
E76.01,hội chứng hurler
E76.03,hội chứng scheie
E76.22,bệnh nhiễm sanfilippo mucopolysaccharid nhiễm mucopolysaccharid týp iii a b c d hội chứng sanfilippo a hội chứng sanfilippo b hội chứng sanfilippo c hội chứng sanfilippo d
E76.29,các suy giảm mucopolysaccharidoses beta glucuronidase khác hội chứng maroteaux lamy trung bình nặng bệnh nhiễm mucopolysaccharide týp vi vii
F16.15,lạm dụng chất gây ảo giác có loạn thần do chất gây ảo giác
F16.18,lạm dụng chất gây ảo giác có rối loạn khác do chất gây ảo giác
F16.19,lạm dụng chất gây ảo giác có rối loạn không xác định do chất gây ảo giác
F16.20,nghiện chất gây ảo giác không biến chứng
F16.21,nghiện chất gây ảo giác đang giảm
F16.22,nghiện chất gây ảo giác có ngộ độc
H49.3,liệt vận nhãn ngoài toàn bộ
F16.24,nghiện chất gây ảo giác có rối loạn tính tình do chất gây ảo giác
F16.25,nghiện chất gây ảo giác loạn thần do chất gây ảo giác
H50.8,lác xác định khác
H52.0,viễn thị
F16.28,nghiện chất gây ảo giác có rối loạn khác do chất gây ảo giác
F16.29,nghiện chất gây ảo giác có rối loạn không xác định do chất gây ảo giác
F16.90,nghiện chất gây ảo giác không xác định không biến chứng
F16.92,sử dụng chất gây ảo giác không xác định có ngộ độc
F16.94,sử dụng chất gây ảo giác không xác định có rối loạn tính tình do chất gây ảo giác
F16.95,sử dụng chất gây ảo giác không xác định có loạn thần do chất gây ảo giác
F16.98,sử dụng chất gây ảo giác không xác định có rối loạn đặc hiệu khác do chất gây ảo giác
C48.0,u ác của vùng sau phúc mạc
C48.1,u ác của các phần xác định của phúc mạc
C48.2,u ác của phúc mạc không xác định
C48.8,u ác với tổn thương chồng lấn của vùng sau phúc mạc và phúc mạc
C49,u ác của mô liên kết và mô mềm khác
C49.1,u ác của mô liên kết và mô mềm của chi trên bao gồm vai
C49.2,u ác của mô liên kết và mô mềm của chi dưới bao gồm háng
C49.3,u ác của mô liên kết và mô mềm của lồng ngực
C49.4,u ác của mô liên kết và mô mềm của bụng
C49.6,u ác của mô liên kết và mô mềm của thân mình không xác định
C49.8,u ác với tổn thương chồng lấn của mô liên kết và mô mềm
C49.9,u ác của mô liên kết và mô mềm không xác định
C50.0,u ác của núm và quầng vú
C50.1,u ác của vùng trung tâm vú
C50.3,u ác của 1 4 dưới trong vú
C50.4,u ác của 1 4 trên ngoài vú
C50.6,u ác của đuôi nách của vú
C50.9,u ác của vú không xác định
C51.0,u ác của môi lớn
C51.1,u ác của môi nhỏ
C51.2,u ác của âm vật
C51.9,u ác của âm hộ không xác định
C52,u ác của âm đạo
C53.1,u ác của cổ tử cung ngoài
C53.8,u ác với tổn thương chồng lấn của cổ tử cung
A15.2,lao phổi xác nhận về mô học
A15.3,lao phổi được xác nhận bằng những phương pháp không xác định
A15.4,lao hạch lympho trong lồng ngực xác nhận về vi trùng học hoặc mô học
A15.5,lao thanh quản khí quản và phế quản xác nhận về vi trùng học và mô học
A15.6,lao màng phổi xác nhận về vi trùng học và mô học
A15.7,lao hô hấp sơ nhiễm xác nhận về vi trùng học và mô học
A15.9,lao hô hấp không xác định xác nhận về vi trùng học và mô học
A16.0,lao phổi âm tính về vi khuẩn học và mô học
A16.1,lao phổi không xét nghiệm vi khuẩn học và mô học
A16.2,lao phổi không đề cập đến việc xác nhận về vi khuẩn và mô học
A16.3,lao hạch lympho trong lồng ngực không đề cập đến việc xác nhận về vi khuẩn học và mô học
A16.5,lao màng phổi không đề cập đến việc xác nhận về vi khuẩn học và mô học
A16.7,lao hô hấp sơ nhiễm không đề cập đến việc xác nhận về vi khuẩn học và mô học
A16.8,lao hô hấp khác không đề cập đến việc xác nhận về vi khuẩn học và mô học
A16.9,lao hô hấp không xác định và không đề cập đến việc xác nhận về vi khuẩn học và mô học
A17,lao hệ thần kinh
A17.0,viêm màng não do lao g01
A17.1,u lao màng não g07
A17.8,lao khác của hệ thần kinh
A39.85,các nhiễm não mô cầu khác viêm kết mạc do não mô cầu
A39.9,nhiễm não mô cầu không xác định
A40,nhiễm trùng huyết do liên cầu
A40.0,nhiễm trùng huyết do liên cầu nhóm a
A40.2,nhiễm trùng huyết do liên cầu nhóm d
A40.3,nhiễm trùng do streptococcus pneumoniae
A40.8,nhiễm trùng huyết do liên cầu khác
A40.9,nhiễm trùng huyết do liên cầu không xác định
A41.0,nhiễm trùng do tụ cầu vàng
A41.1,nhiễm trùng do tụ cầu xác định khác
A41.3,nhiễm trùng do haemophilus influenzae
A41.4,nhiễm trùng do vi khuẩn kỵ khí
A41.5,nhiễm trùng huyết do vi trùng gram âm khác
A41.8,nhiễm trùng huyết xác định khác
A42,bệnh do actinomyces
A42.0,bệnh do actinomyces ở phổi
A42.1,bệnh do actinomyces ở bụng
A42.2,bệnh do actinomyces ở mặt cổ
A42.8,các thể khác của nhiễm actinomyces
A42.9,bệnh do actinomyces không xác định
A43,bệnh do nocardia
A43.0,bệnh do nocardia ở phổi
A43.8,các thể khác của bệnh nocardia
A43.9,bệnh do nocardia không xác định
A44,bệnh do bartonella
A44.1,bệnh do bartonella ở da và niêm mạc
A44.8,các thể khác của bệnh do bartonella
A44.9,bệnh do bartonella không xác định
A46,viêm quầng nhiễm streptococcus ở da
A48.0,bệnh hoại thư sinh hơi
A48.1,bệnh do legionnaire
A48.2,bệnh legionnaire không ở phổi sốt pontiac
A48.3,hội chứng sốc nhiễm độc
A48.4,sốt ban xuất huyết brasil
A49,nhiễm trùng ở các vị trí không xác định
A49.0,nhiễm trùng tụ cầu không xác định được vị trí
A49.1,nhiễm trùng liên cầu không xác định được vị trí
A49.2,nhiễm haemophilus influenzae không xác định được vị trí
B15,viêm gan a cấp
B15.0,viêm gan a có hôn mê gan
B15.9,viêm gan a không có hôn mê gan
B16,viêm gan b cấp
B16.0,viêm gan b cấp có đồng nhiễm virus viêm gan d có hôn mê gan
B16.1,viêm gan b cấp có đồng nhiễm virus viêm gan d không có hôn mê gan
B16.2,viêm gan b cấp không có tác nhân delta có hôn mê gan
B17,viêm gan virus cấp khác
B17.0,viêm gan d cấp tính bội nhiễm trên người mang viêm gan b
B17.1,viêm gan c cấp
B17.2,viêm gan e cấp
B17.8,viêm gan virus cấp xác định khác
B17.9,viên gan virus cấp không xác định
B18,viêm gan virus mạn
B18.1,viêm gan virus b mạn không có đồng nhiễm viêm gan virus d
B18.8,viêm gan virus mạn khác
E88.30,bệnh biến dưỡng thể ty lạp không xác định
E88.31,hội chứng melas bệnh cơ do ty lạp bệnh não toan hoá lactic giai đoạn giống đột quỵ
E88.32,hội chứng merrf myoclonic epilepsy and ragged red fibers
E88.39,bệnh biến dưỡng thể ty lạp khác
E88.81,hội chứng x rối loạc chuyển hóa
E88.89,các rối loạn chuyển hóa khác launois bensaude adenolipomatosis launois bensaude adenolipomatosis trimethylaminuria
E89.40,suy buồng trứng sau phẩu thuật không triệu chứng
E89.41,suy buồng trứng sau phẩu thuật có triệu chứng với các triệu chứng như nóng mặt mất ngũ nhức đầu thiếu tập trung
F98.21,rối loạn nhai lại ở trẻ em
F98.29,rối loạn ăn uống khác ở trẻ em
A17.81,u lao não và tủy sống áp xe lao não và tủy sống
A17.82,lao não màng não lao tủy
A17.83,lao do viêm tủy g05 0
A18,lao các cơ quan khác
A18.0,lao xương và khớp
A18.02,lao ở khớp háng lao khớp gối lao cột sống
A18.03,viêm khớp viêm xương chũm hoại tử xương viêm xương viêm xương tủy xương viêm bao hoạt dịch viêm bao hoạt dịch gân
A18.11,lao cổ tử cung
A18.12,lao thận
A18.13,lao cơ quan sinh dục nam
A18.15,lao cơ quan sinh dục nam khác
A18.16,bệnh viêm nhiễm vùng chậu nữ do lao viêm nội mạc tử cung do lao viêm vòi và buồng trứng do lao
A18.3,lao ruột màng bụng và hạch mạc treo
A18.31,lao phúc mạc tràn dịch màng bụng do lao
A18.39,lao sau phúc mạc lao hạch mạc treo lao sau phúc mạc tuyến lymph
A18.4,lao da và mô dưới da
A18.50,lao mắt không xác định
A18.51,viêm thượng củng mạc do lao
A18.53,viêm màng mạch võng mạc do lao
A18.54,viêm mống thể mi do lao
A18.59,các lao khác ở mắt viêm kết mạc do lao
A18.6,lao ở tai
A18.7,lao tuyến thượng thận e35 1
A18.8,lao các cơ quan khác
A18.81,lao ở nội tâm mạc i39 8
A18.82,lao ở cơ tim i41 0
A18.84,lao ở màng ngoài tim i32 0
A18.85,lao ở tuyến giáp e35 0
A18.86,viêm động mạch não do lao i68 1
A19.0,lao kê cấp của một vị trí xác định
A19.1,lao kê cấp của nhiều vị trí
A19.2,lao kê cấp không xác định
A19.8,lao kê khác
A19.9,lao kê không xác định
A79.0,sốt chiến hào
A79.1,mụn rickettsia do rickettsia akari
A79.8,bệnh do rickettsia xác định khác
A79.9,nhiễm rickettsia không xác định
A80.0,bệnh bại liệt cấp thể liệt liên quan đến vaccins
A80.1,bệnh bại liệt cấp thể liệt do virus hoang dại ngoại lai
A80.2,bệnh bại liệt cấp thể liệt virus hoang dại nội địa
A80.3,bệnh bại liệt cấp thể liệt khác và không xác định
A80.4,bệnh bại liệt cấp không liệt
A80.9,bệnh bại liệt cấp không xác định
A81.0,bệnh bò điên creutzfeidt jakob
A81.1,viêm toàn não xơ hóa bán cấp
A81.2,bệnh lý não chất trắng đa ổ tiến triển
A81.8,nhiễm virus không điển hình khác của hệ thần kinh trung ương
A81.9,nhiễm vius không điển hình của hệ thần kinh trung ương không xác định
A82,bệnh dại
A82.1,bệnh dại thành thị
A82.9,bệnh dại không xác định
A83,viêm não virus do muỗi truyền
B18.9,viêm gan virus mạn không xác định
B19,viêm gan virus không xác định
B19.0,viêm gan virus không xác định có hôn mê gan
B19.9,viêm gan virus không xác định không có hôn mê gan
B20,bệnh hiv dẫn đến bệnh nhiễm trùng và ký sinh trùng
B20.0,bệnh hiv dẫn đến nhiễm mycobacterium
B20.1,bệnh hiv dẫn đến nhiễm trùng khác
B20.3,bệnh hiv dẫn đến nhiễm virus khác
B20.4,bệnh hiv dẫn đến nhiễm candida
B20.5,bệnh hiv dẫn đến nhiễm nấm khác
B20.6,bệnh hiv dẫn đến viêm phổi do pneumocystis jirovecii
B20.8,bệnh hiv dẫn đến bệnh nhiễm trùng và ký sinh trùng khác
B20.9,bệnh hiv dẫn đến bệnh nhiễm trùng và ký sinh trùng không xác định
B21.0,bệnh hiv dẫn đến u sarcom kaposi
B21.1,bệnh hiv dẫn đến u lympho burkitt
B21.2,bệnh hiv dẫn đến u lympho không do hodgkin
B21.3,bệnh hiv dẫn đến u ác tính khác của tổ chức bạch huyết tạo máu và tổ chức liên quan
B21.8,bệnh hiv dẫn đến u ác tính khác
B21.9,bệnh hiv dẫn đến u ác tính không xác định
B22.0,bệnh hiv dẫn đến bệnh lý não
B22.1,bệnh do hiv dẫn đến viêm phổi mô kẽ lympho bào
B22.7,bệnh hiv dẫn đến nhiều bệnh phân loại phần khác
B23.0,hội chứng nhiễm hiv cấp
B23.1,bệnh hiv dẫn đến kéo dài bệnh lý hạch toàn thể
B23.2,bệnh hiv dẫn đến rối loạn huyết học và miễn dịch chưa phân loại
B24,bệnh do hiv không xác định
B25,nhiễm virus đại bào
B25.0,viêm phổi do cytomegalovirus j17 1
B25.1,viêm gan do cytomegalovirus k77 0
B25.8,bệnh khác do cytomegalovirus
B26,bệnh quai bị
B26.0,viêm tinh hoàn do quai bị n51 1
B26.1,viêm màng não do quai bị g02 0
B26.2,viêm não do quai bị g05 1
B26.8,bệnh quai bị với biến chứng khác
B26.81,viêm gan do quai bị
B26.83,viêm dây thần kinh do quai bị
B26.84,viêm đa thần kinh do quai bị
B26.85,viêm khớp do quai bị
C06.8,u ác với tổn thương chồng lấn của phần khác và không xác định của miệng
C06.9,u ác của miệng không xác định
C07,u ác tuyến mang tai
C08.0,u ác của tuyến nước bọt dưới hàm dưới
C08.8,u ác với tổn thương chồng lấn của tuyến nước bọt chính
C09,u ác của amiđan
C09.0,u ác của hố amiđan
F01.50,sa sút tâm thần trong bệnh mạch máu không có rối loạn biểu hiện
F01.51,sa sút tâm thần trong bệnh mạch máu có rối loạn biểu hiện sa sút tâm thần trong bệnh mạch máu có biểu hiện hung hăng
F12.29,nghiện bồ đà rối loạn không xác định do bồ đà
F12.90,sử dụng bồ đà không xác định không biến chứng
F12.92,sử dụng bồ đà không xác định có ngộ độc
F12.95,sử dụng bồ đà không xác định có loạn thần
F12.99,sử dụng bồ đà không xác định có rối loạn không xác định do bồ đà
F13.10,lạm dụng thuốc an thần hoặc thuốc ngủ không biến chứng
F13.12,lạm dụng thuốc an thần hoặc thuốc ngủ với ngộ độc
F13.14,lạm dụng thuốc an thần hoặc thuốc ngủ với rối loạn tính tình do thuốc an thần hoặc thuốc ngủ
F13.15,lạm dụng thuốc an thần hoặc thuốc ngủ với loạn thần do thuốc an thần hoặc thuốc ngủ
H61.8,bệnh tai ngoài xác định khác
H62.0,viêm tai ngoài trong bệnh nhiễm trùng phân loại nơi khác
H62.1,viêm tai ngoài trong bệnh do virus phân loại nơi khác
H62.3,viêm tai ngoài trong bệnh nhiễm trùng và ký sinh trùng khác phân loại nơi khác
H62.4,viêm tai ngoài trong bệnh khác phân loại nơi khác
H62.8,bệnh khác của tai ngoài trong bệnh phân loại nơi khác
H65,viêm tai giữa không nung mủ viêm tai giữa không mủ
H65.0,viêm tai giữa xuất tiết cấp và bán cấp viêm tai giữa thanh dịch cấp
H65.2,viêm tai giữa xuất tiết mạn viêm tai giữa thanh dịch mạn
H65.3,viêm tai giữa tiết nhày mạn
H65.4,viêm tai giữa không nung mủ mạn khác
H65.9,viêm tai giữa không nung mủ không đặc hiệu
H66,viêm tai giữa nung mủ và không đặc hiệu
H66.1,viêm tai giữa vòi nhĩ mủ mạn
H66.2,viêm tai giữa thượng nhĩ sào bào mủ mạn
H66.3,viêm tai giữa nung mủ mạn khác viêm tai giữa mủ mạn khác
H66.4,viêm tai giữa nung mủ không đặc hiệu viêm tai giữa mủ không đặc hiệu
H66.9,viêm tai giữa không đặc hiệu
H67,viêm tai giữa trong bệnh phân loại nơi khác
H67.0,viêm tai giữa trong bệnh nhiễm trùng phân loại nơi khác
H67.1,viêm tai giữa trong bệnh do virus phân loại nơi khác
H68,viêm và tắc vòi eustache
H68.0,viêm vòi eustache
H68.1,tắc vòi eustache
H69,bệnh khác của vòi eustache
H69.0,vòi eustache rộng
H69.8,bệnh vòi eustache xác định khác
H70,viêm xương chũm và tình trạng liên quan
H70.0,viêm xương chũm cấp
H70.1,viêm xương chũm mạn
H70.2,viêm xương đá
H70.9,viêm xương chũm không đặc hiệu
H71,cholesteatoma cu a tai giư a
H72,thủng màng nhĩ
H72.0,thủng màng nhĩ trung tâm
H72.1,thủng màng nhĩ ở vị trí thượng nhĩ
H72.8,thủng màng nhĩ khác
H72.9,thủng màng nhĩ không đặc hiệu
H73,bệnh khác của màng nhĩ
H73.0,viêm màng nhĩ cấp
H73.1,viêm màng nhĩ mạn
H73.9,bệnh màng nhĩ không đặc hiệu
H74,bệnh khác của tai giữa và xương chũm
H74.0,xơ nhĩ
H74.1,bệnh tai giữa kết dính bệnh tai giữa dính
A83.1,viêm não ngựa miền tây
A83.2,viêm não ngựa miền đông
A83.4,viêm não châu úc
A83.5,viêm não california
A83.6,bệnh virus rocio
A83.9,viêm não virus do muỗi truyền không xác định
A84,viêm não virus do ve truyền
A84.0,viêm não viễn đông do ve truyền viêm não xuân hè nga
A84.1,viêm não trung âu do ve truyền
A84.8,viêm não virus khác do ve truyền
A85,viêm não virus khác chưa phân loại
A85.0,viêm não do enterovirus g05 1
A85.1,viêm não do adenovirus g05 1
A85.2,viêm não virus do tiết túc truyền không xác định
A85.8,viêm não virus xác định khác
A87,viêm màng não do virus
A87.0,viêm màng não do enterovirus g02 0
A87.1,viêm màng não do adenovirus g02 0
A87.2,viêm màng não màng nhện tăng lympho bào
A87.9,viêm màng não do virus không xác định
A88,nhiễm virus khác của hệ thần kinh trung ương chưa phân loại
A88.0,sốt phát ban do enterovirus phát ban boston
A88.8,nhiễm virus xác định khác của hệ thần kinh trung ương
A89,nhiễm virus không xác định của hệ thần kinh trung ương
A90,sốt dengue dengue cổ điển
A92,bệnh sốt virus khác do muỗi truyền
A92.0,bệnh virus chikungunya
A92.1,sốt do o nyong nyong
A92.3,bệnh virus vùng tây sông nil
A92.30,sốt vùng west nile không viêm não sốt vùng west nile nos
A92.4,sốt thung lũng rift
A92.8,sốt virus do muỗi truyền xác định khác
A92.9,sốt virus do muỗi truyền không xác định
A93,sốt virus khác do tiết túc truyền chưa phân loại
A93.1,sốt muỗi cát
A93.2,sốt do ve colorado
A93.8,sốt virus xác định khác do tiết túc truyền
A95,sốt vàng
A95.0,sốt vàng ở rừng
A95.1,sốt vàng thành thị
A95.9,sốt vàng không xác định
A96,sốt xuất huyết do arenavirus
A96.1,sốt xuất huyết machupo
B76.1,bệnh giun necator
B76.8,bệnh giun móc khác
B77,bệnh giun đũa
B77.0,bệnh giun đũa với biến chứng đường ruột
B77.8,bệnh giun đũa với biến chứng khác
B77.9,bệnh giun đũa không xác định
B78,bệnh giun lươn
B78.0,bệnh giun lươn đường ruột
B78.1,bệnh giun lươn ở da
B78.7,bệnh giun lan tỏa
B78.9,bệnh giun lươn không xác định
B79,bệnh giun tóc
B80,bệnh giun kim
B81,nhiễm giun đường ruột khác chưa phân loại
C94.3,bệnh bạch cầu dạng dưỡng bào
C94.4,bệnh toàn tủy cấp tính có xơ tủy
C94.5,bệnh xơ tủy cấp
C94.7,bệnh bạch cầu xác định khác
C95,bệnh bạch cầu có loại tế bào không xác định
A49.8,nhiễm khuẩn khác không xác định được vị trí
A49.9,nhiễm khuẩn không xác định
A50,giang mai bẩm sinh
A50.0,giang mai bẩm sinh sớm có triệu chứng
A50.01,giang mai bẩm sinh sớm ở da
A50.03,giang mai bẩm sinh sớm ở nội tạng
A50.04,viêm phổi do giang mai bẩm sinh sớm
A50.05,viêm mũi do giang mai bẩm sinh sớm
A50.06,viêm thanh quản do giang mai bẩm sinh sớm
A50.08,bệnh lý xương sụn do giang mai bẩm sinh sớm
A50.09,viêm hầu do giang mai bẩm sinh sớm
A50.1,giang mai bẩm sinh sớm tiềm ẩn
A50.2,giang mai bẩm sinh sớm không xác định
A50.3,bệnh lý nhãn cầu do giang mai bẩm sinh muộn
A50.31,viêm giác mạc kẽ do giang mai bẩm sinh muộn
A50.32,viêm màng mạch võng mạc do giang mai bẩm sinh muộn
A50.4,giang mai thần kinh bẩm sinh muộn giang mai thần kinh ở người trẻ
A50.40,giang mai thần kinh bẩm sinh muộn không xác định giang mai thần kinh ở người trẻ
A50.41,viêm màng não giang mai bẩm sinh muộn
A50.42,viêm não giang mai bẩm sinh muộn
A50.43,bệnh lý đa thần kinh do giang mai bẩm sinh muộn
A50.45,giang mai thần kinh ở người trẻ liệt nhẹ toàn thân
A50.46,giang mai thần kinh do tabes tủy sống
A50.5,giang mai bẩm sinh muộn khác có triệu chứng
A50.51,khớp clutton
A50.53,tam chứng hutchison
A50.54,giang mai tim mạch bẩm sinh muộn
A50.55,bệnh lý khớp do giang mai bẩm sinh muộn
A50.57,mũi lưng ngựa do giang mai bẩm sinh
A50.6,giang mai bẩm sinh muộn tiềm ẩn
A50.7,giang mai bẩm sinh muộn không xác định
A50.9,giang mai bẩm sinh không xác định
A51,giang mai sớm
A51.1,giang mai hậu môn tiên phát
A51.2,giang mai tiên phát ở vị trí khác
A51.3,giang mai thứ phát ở da và niêm mạc
A51.32,hói do giang mai
A51.33,bạch sản da do giang mai
A51.34,đốm trắng niêm mạc do giang mai
A51.4,giang mai thứ phát khác
A51.41,viêm màng não giang mai
A51.43,viêm mống mắt thể mi do giang mai
A51.44,bệnh lý bạch huyết do giang mai
A51.45,viêm cơ do giang mai
A51.46,bệnh lý nhãn cầu không phân loại do giang mai
A51.5,giang mai sớm tiềm ẩn
A51.9,giang mai sớm không xác định
A52,giang mai muộn
F13.19,lạm dụng thuốc an thần hoặc thuốc ngủ với rối loạn không xác định do thuốc an thần hoặc thuốc ngủ
F13.21,nghiện thuốc an thần hoặc thuốc ngủ đang giảm
F13.22,nghiện thuốc an thần hoặc thuốc ngủ với ngộ độc
F13.23,nghiện thuốc an thần hoặc thuốc ngủ đang cai nghiện
F13.24,nghiện thuốc an thần hoặc thuốc ngủ với rối loạn tính tình do thuốc an thần hoặc thuốc ngủ
F13.25,nghiện thuốc an thần hoặc thuốc ngủ với loạn thần do thuốc an thần hoặc thuốc ngủ
F13.26,nghiện thuốc an thần hoặc thuốc ngủ với loạn trí nhớ dai dẵng do thuốc an thần hoặc thuốc ngủ
F13.27,nghiện thuốc an thần hoặc thuốc ngủ với sa sút tâm thần dai dẵng do thuốc an thần hoặc thuốc ngủ
F13.28,nghiện thuốc an thần hoặc thuốc ngủ với rối loạn khác do thuốc an thần hoặc thuốc ngủ
F13.29,nghiện thuốc an thần hoặc thuốc ngủ với rối loạn không xác định do thuốc an thần hoặc thuốc ngủ
F13.9,rối loạn tâm thần và hành vi do sử dụng các chất an thần hoặc các thuốc ngủ rối loạn ta m thần và hành vi kho ng biẹ t định
F13.90,sử dụng thuốc an thần hoặc thuốc ngủ không xác định không biến chứng
F13.92,sử dụng thuốc an thần hoặc thuốc ngủ không xác định với ngộ độc
F13.98,sử dụng thuốc an thần hoặc thuốc ngủ không xác định với rối loạn khác do thuốc an thần hoặc thuốc ngủ
C14,u ác vị trí khác và không rõ ràng của môi khoang miệng và hầu
C18,u ác đại tràng
C19,u ác của nơi nối trực tràng xích ma
C25,u ác tụy
F13.99,sử dụng thuốc an thần hoặc thuốc ngủ không xác định với rối loạn không xác định do thuốc an thần hoặc thuốc ngủ
F14,rối loạn tâm thần và hành vi do sử dụng cocain
F14.10,lạm dụng cocain không biến chứng
F14.12,lạm dụng cocain với ngộ độc
C26,u ác của cơ quan tiêu hóa khác và không rõ ràng
C33,u ác khí quản
F14.14,lạm dụng cocain với rối loạn tính tình do cocain
F14.15,lạm dụng cocain với loạn thần do cocain
H74.2,gián đoạn và trật khớp xương con của tai gián đoạn và trật khớp xương con
H74.4,polip tai giữa
H74.8,những rối loạn đặc hiệu khác của tai giữa và xương chũm
H74.9,bệnh tai những rối loạn ở tai giữa và xương chũm không đặc hiệu những rối loạn ở tai giữa và xương chũm không đặc hiệu
H75,bệnh khác của tai giữa và xương chũm trong bệnh phân loại nơi khác
H75.0,viêm xương chũm trong bệnh nhiễm trùng và ký sinh trùng phân loại nơi khác
H75.8,những rối loạn đặc hiệu khác của tai giữa và xương chũm trong các bệnh đã được phân loại nơi khác
H80,xốp xơ tai
H80.0,xốp xơ tai xâm lấn cửa sổ bầu dục làm bít tắc xốp xơ tai xâm lấn cửa sổ bầu dục bít lấp
H80.2,xốp xơ ốc tai
H80.8,xốp xơ tai khác
F16.99,sử dụng chất gây ảo giác không xác định có rối loạn không xác định do chất gây ảo giác
F17.20,nghiện nicotin không xác định loại
F31,rối loạn cảm xúc lưỡng cực
C50,u ác của vú
F17.21,nghiện nicotin thuốc lá điếu
C51,u ác âm hộ
C53.0,u ác của cổ tử cung trong
B94.1,di chứng viêm não do virus
C65,u ác của bể thận
F17.29,nghiện nicotin sản phẩm thuốc lá khác
C67.5,u ác của cổ bàng quang
C69,u ác của mắt và phần phụ
C69.9,u ác của mắt không xác định
C70,u ác của màng não
C05.0,u ác của khẩu cái cứng
F18,rối loạn tâm thần và hành vi do sử dụng dung môi dễ bay hơi
F18.10,lạm dụng chất hít không biến chứng
F18.12,lạm dụng chất hít có ngộ độc
C78,u ác thứ phát của cơ quan hô hấp và tiêu hóa
B81.1,bệnh giun capillaria đường ruột
B81.2,bệnh giun trichostrongylus
B81.3,bệnh giun angiostrongylus đường ruột
B81.8,bệnh giun sán đường ruột xác định khác
B82,bệnh ký sinh trùng đường ruột không xác định
B82.0,bệnh giun sán đường ruột không xác định
B82.9,nhiễm ký sinh trùng đường ruột không xác định
B83,bệnh giun sán khác
B83.1,bệnh giun gnathostoma
B83.2,bệnh giun angiostrongylus do parastrongylus cantonensis
B83.3,nhiễm giun syngamia
B83.8,bệnh giun sán đặc hiệu khác
B83.9,bệnh giun sán không xác định
B85,bệnh chấy rận
B85.1,bệnh chấy rận do pediculus humanus corporis
B85.2,bệnh chấy rận không xác định
B85.3,bệnh chấy rận
B85.4,bệnh chấy rận phối hợp
B86,bệnh ngứa do ghẻ
B87.0,bệnh giòi ở da
B87.1,bệnh giòi trên vết thương
B87.3,bệnh giòi ở mũi họng
B87.4,bệnh giòi ở tai
B87.9,bệnh giòi không xác định
B88,nhiễm ký sinh trùng khác
B88.0,các bệnh do ve khác
B88.2,nhiễm ký sinh trùng do tiết túc khác
B88.3,bệnh do đỉa ngoại ký sinh
B88.8,nhiễm ký sinh trùng xác định khác
B88.9,nhiễm ký sinh trùng không xác định
B89,bệnh do ký sinh trùng không xác định
B90.0,di chứng do lao hệ thần kinh trung ương
B90.1,di chứng do lao tiết niệu sinh dục
B90.8,di chứng do lao cơ quan khác
B90.9,di chứng do lao hô hấp và bệnh lao không xác định
B91,di chứng do bại liệt
B92,di chứng do phong
B94,di chứng của bệnh nhiễm trùng và ký sinh trùng khác không xác định
B94.0,di chứng bệnh mắt hột
B94.2,di chứng viêm gan virus
B95,liên cầu và tụ cầu là nguyên nhân gây bệnh được phân loại ở các chương khác
B95.0,liên cầu nhóm a là nguyên nhân gây các bệnh phân loại ở chương khác
B95.2,liên cầu nhóm d là nguyên nhân gây các bệnh phân loại ở chương khác
B95.3,phế cầu là nguyên nhân gây các bệnh phân loại ở chương khác
B95.4,liên cầu khác là nguyên nhân gây các bệnh phân loại ở chương khác
B95.5,liên cầu không xác định là nguyên nhân gây các bệnh phân loại ở chương khác
C53.9,u ác của cổ tử cung không xác định
C54,u ác của thân tử cung
C54.0,u ác của eo tử cung
C54.1,u ác của nội mạc tử cung
C54.2,u ác của cơ tử cung
C54.3,u ác của đáy tử cung
C79,u ác thứ phát có vị trí khác và không xác định
C82,u lympho dạng nang
F18.14,lạm dụng chất hít có rối loạn tính tình do chất hít
F18.15,lạm dụng chất hít có loạn thần do chất hít
F18.17,lạm dụng chất hít có sa sút tâm thần do chất hít
F18.18,lạm dụng chất hít có rối loạn khác do chất hít
F18.19,lạm dụng chất hít có rối loạn không đặc hiệu do chất hít
F18.20,nghiện chất hít không biến chứng
F18.21,nghiện chất hít đang giảm
F18.22,nghiện chất hít có ngộ độc
F18.24,nghiện chất hít có rối loạn tình tình do chất hít
F18.25,nghiện chất hít có loạn thần do chất hít
C54.8,u ác với tổn thương chồng lấn của thân tử cung
C54.9,u ác của thân tử cung không xác định
C57,u ác của cơ quan sinh dục nữ khác và không xác định
C57.0,u ác của vòi fallop
C57.2,u ác của dây chằng tròn
C57.1,u ác của dây chằng rộng
C57.3,u ác của cận tử cung
C57.4,u ác của phần phụ tử cung không xác định
C57.7,u ác của cơ quan sinh dục nữ xác định khác
C57.8,u ác với tổn thương chồng lấn của cơ quan sinh dục nữ
C60.0,u da ác tính bao quy đầu
C60.1,u da ác của quy đầu dương vật
C60.2,u ác của thân dương vật
C60.8,u ác với tổn thương chồng lấn của dương vật
C60.9,u ác của dương vật không xác định
C62.0,u ác của tinh hoàn không xuống
C62.1,u ác của tinh hoàn đã xuống
C62.9,u ác của tinh hoàn không xác định
C63,u ác của cơ quan sinh dục nam khác và không xác định
C63.0,u ác của mào tinh
C63.00,u ác mào tinh hoàn không xác định bên
C63.01,u ác mào tinh hoàn bên phải
C63.02,u ác mào tinh hoàn bên trái
C63.10,u ác thừng tinh không xác định bên
C63.11,u ác thừng tinh bên phải
C63.2,u ác của bìu dái
C63.7,u ác của cơ quan sinh dục nam xác định khác
C63.8,u ác với tổn thương chồng lấn của cơ quan sinh dục nam
C63.9,u ác của cơ quan sinh dục nam không xác định
C67.0,u ác của tam giác bàng quang
C67.1,u ác của đáy bàng quang
C67.2,u ác của thành bên bàng quang
C67.3,u ác của thành trước bàng quang
C67.4,u ác của thành sau bàng quang
C67.6,u ác của lỗ niệu quản
C67.7,u ác của dây treo bàng quang
C67.8,u ác với tổn thương chồng lấn của bàng quang
C68.0,u ác của niệu đạo
C68.1,u ác của tuyến cận niệu đạo
C68.8,u ác với tổn thương chồng lấn của cơ quan tiết niệu
C68.9,u ác của cơ quan tiết niệu không xác định
C69.1,u ác của củng mạc
C69.2,u ác của võng mạc
C69.3,u ác của màng mạch
C69.6,u ác của hốc mắt
C69.8,u ác với tổn thương chồng lấn của mắt và phần phụ
C70.0,u ác của màng não
C70.9,u ác của màng não không xác định
C71,u ác của não
C71.1,u ác của thuỳ trán
C71.3,u ác của thuỳ đỉnh
C71.4,u ác của thùy chẩm
C71.5,u ác của não thất
C71.6,u ác của tiểu não
C71.8,u ác với tổn thương chồng lấn của não
C09.8,u ác với tổn thương chồng lấn của amiđan
C09.9,u ác của amiđan không xác định
C10,u ác của hầu miệng
C10.0,u ác của thung lũng nắp thanh quản
C10.2,u ác của thành bên hầu miệng
C10.3,u ác của thành sau hầu miệng
C10.4,khe cạch cổ
C10.8,u ác với tổn thương chồng lấn của hầu miệng
C11,u ác của hầu mũi
C11.0,u ác của vách trên của hầu mũi
C11.2,u ác của vách bên của hầu mũi
C11.3,u ác của vách trước của hầu mũi
C11.9,u ác của mũi hầu không xác định
C12,u ác của xoang lê
C13,u ác của hạ hầu
C13.1,u ác của nếp phễu nắp mặt hạ hầu
C13.2,u ác của vách sau của hạ hầu
C13.9,u ác của hạ hầu không xác định
C14.0,u ác của hầu không xác định
C14.8,u ác với tổn thương chồng lấn của môi khoang miệng và hầu họng
C15.0,u ác của thực quản phần cổ
C15.2,u ác của thực quản phần bụng
C15.3,u ác của phần ba trên thực quản
C15.4,u ác của phần ba giữa thực quản
C15.5,u ác của phần ba dưới thực quản
C16.0,u ác của tâm vị
C16.1,u ác của đáy vị
C16.2,u ác của thân vị
C16.3,u ác của hang môn vị
C16.4,u ác của môn vị
C16.8,u ác với tổn thương chồng lấn của dạ dày
C16.9,u ác của dạ dày không xác định
C17,u ác ruột non
C17.0,u ác của tá tràng
C17.2,u ác của hồi tràng
C17.3,u ác của túi thừa meckel
C17.8,u ác với tổn thương chồng lấn của ruột non
C18.1,u ác của ruột thừa
C18.2,u ác của đại tràng lên
C18.4,u ác của đại tràng ngang
C18.6,u ác của đại tràng xuống
C18.7,u ác của đại tràng xích ma
C18.8,u ác với tổn thương chồng lấn của đại tràng
C20,u ác trực tràng
C21,u ác của hậu môn và ống hậu môn
C21.1,u ác của ống hậu môn
C21.2,u ác của vùng có nguồn gốc từ ổ nhớp
C21.8,u ác với tổn thương chồng lấn của đại tràng hậu môn và ống hậu môn
C22.0,ung thư biểu mô tế bào gan
C22.1,ung thư biểu mô đường mật trong gan
C82.7,loại khác của u lympho dạng nang
C82.9,u lympho dạng nang không xác định
C83.0,u lympho không hodgkin tế bào b nhỏ
F07.9,rô i loa n nhân ca ch va ha nh vi thư c thê không biệt đi nh do bê nh na o tô n thương va rô i loa n chư c năng na o
F09,rối loạn tâm thần thực tổn hoặc triệu chứng không xác định
F10,rối loạn tâm thần và hành vi do sử dụng rượu
F10.10,lạm dụng rượu không biến chứng
F10.12,lạm dụng rượu với ngộ độc
F10.14,lạm dụng rượu với rối loạn tánh tình do rượu
F10.15,lạm dụng rượu với rối loạn thần do rượu
F10.18,lạm dụng rượu với rối loạn khác do rượu
F10.19,lạm dụng rượu với rối loạn không xác định do rượu
F10.20,nghiện rượu không biến chứng
F10.21,nghiện rượu đang giảm bớt
F10.22,nghiện rượu với ngộ độc
F10.23,nghiện rượu đang cai rượu
F10.25,nghiện rượu với loạn thần do rượu
F10.26,nghiện rượu với rối loạn trí nhớ dai dẳng do rượu
F10.27,nghiện rượu với mất trí nhớ dai dẳng do rượu
F10.28,nghiện rượu với rối loạn khác do rượu
F10.29,nghiện rượu với rối loạn do rượu không xác định
F10.95,dùng rượu không xác định với loạn thần do rượu
F10.96,dùng rượu không xác định với rối loạn trí nhớ dai dẳng do rượu
F10.97,dùng rượu không xác định với mất trí nhớ dai dẳng do rượu
F10.98,dùng rượu không xác định với rối loạn khác do rượu
F10.99,dùng rượu không xác định với rối loạn không xác định do rượu
F11.10,lạm dụng cần sa không biến chứng
F11.12,lạm dụng cần sa với ngộ độc
F11.14,lạm dụng cần sa với rối loạn tính tình do cần sa
F11.18,lạm dụng cần sa với rối loạn do cần sa khác
F11.19,lạm dụng cần sa với rối loạn do cần sa không xác định
F11.20,nghiện cần sa không biến chứng
F11.21,nghiện cần sa đang giảm bớt
F11.22,nghiện cần sa với ngộ độc
F11.98,sử dụng cần sa không rõ với rối loạn xác định khác do cần sa
F11.99,sử dụng cần sa không rõ với rối loạn không xác định do cần sa
F12.10,lạm dụng bồ đà không biến chứng
F12.12,lạm dụng bồ đà có ngộ độc
F12.15,lạm dụng bồ đà loạn thần
C71.9,u ác của não không xác định
A20,dịch hạch
A20.1,dịch hạch thể viêm da mô mềm
A20.2,dịch hạch thể phổi
A20.3,dịch hạch thể viêm màng não
A20.7,dịch hạch thể nhiễm trùng huyết
A20.8,dịch hạch thể khác
A20.81,dịch hạch thể không điển hình
A20.82,dịch hạch không triệu chứng
A20.83,dịch hạch nhẹ
A20.9,dịch hạch không xác định
A21.0,loét hạch do tularaemia
A21.1,bệnh tularaemia hạch ở mắt
A21.2,bệnh tularaemia thể phổi
A21.7,bệnh tularaemia thể toàn thân
A21.8,bệnh tularaemia các thể khác
A21.9,bệnh tularaemia không xác định
A22.0,bệnh than thể da
A22.1,bệnh than thể phổi
A22.7,bệnh than thể nhiễm trùng huyết
A22.8,bệnh than thể khác
A22.9,bệnh than không xác định
A23,bệnh do brucella
A23.1,bệnh do brucella abortus
A23.2,bệnh do brucella suis
A23.3,bệnh do brucella canis
A23.9,bệnh do brucella không xác định
A24,bệnh malleomyces mallei và bệnh malleomyces pseudomallei
A24.0,nhiễm malleomyces mallei bệnh sổ mũi ở ngựa
A24.2,nhiễm malleomyces pseudomallei bán cấp và mãn tính
A24.3,nhiễm malleomyces pseudomallei khác
A24.4,nhiễm malleomyces pseudomallei không xác định
A25,sốt do chuột cắn
A25.0,bệnh do spirilla
A25.1,bệnh do streptobacilla
A26,bệnh do erysipelothrix rhusiopathiae viêm quầng
A26.0,bệnh do erysipelothrix ở da
A26.7,nhiễm trùng huyết do erysipelothrix
A26.8,thể khác của viêm quầng
A27,bệnh do leptospira
A27.0,bệnh do leptospira gây vàng da xuất huyết
A27.8,thể khác của nhiễm leptospira
A27.9,nhiễm leptospira không xác định
A28.0,bệnh do pasteurella
A28.1,bệnh mèo cào
A28.2,nhiễm yersinia ngoài ruột
A28.8,bệnh nhiễm trùng do động vật truyền sang người khác chưa được phân loại nơi khác
A28.9,bệnh nhiễm trùng do động vật truyền sang người không xác định
A30.0,bệnh phong bất định
A30.1,bệnh phong thể củ
A30.3,bệnh phong thể ranh giới
A30.4,bệnh phong thể u ranh giới
A30.5,bệnh phong thể u
A30.9,bệnh phong không xác định
A31,nhiễm trùng do mycobacteria khác
A31.0,nhiễm mycobacteria ở phổi
A31.1,nhiễm mycobacteria ở da
A31.9,nhiễm khuẩn mycobacteria không xác định
A32,nhiễm trùng do listeria monocytogenes
A52.0,giang mai tim mạch
A52.00,giang mai tim mạch không xác định
A52.01,phình động mạch chủ do giang mai
A52.03,viêm nội mạc tim do giang mai
A52.04,viêm động mạch não do giang mai
A52.05,giang mai mạch máu não khác phình động mạch não do giang mai đã vỡ chưa vỡ huyết tắc mạch não do giang mai
A52.06,thương tổn tim khác do giang mai bệnh mạch vành do giang mai viêm cơ tim do giang mai viêm màng bao tim do giang mai
A52.1,giang mai thần kinh có triệu chứng
A52.10,giang mai thần kinh có triệu chứng không xác định
J38.00,liệt dây thanh âm và thanh quản không xác định
J38.02,liệt dây thanh âm và thanh quản hai bên
F12.18,lạm dụng bồ đà loạn thần không xác định
F12.20,nghiện bồ đà không biến chứng
F12.21,nghiện bồ đà đang giảm
F12.25,nghiện bồ đà loạn thần
F45.21,sợ bị bệnh lo lắng về sức khỏe mất cân bằng tâm thần sợ bị bệnh
F45.22,rối loạn tâm lý tự nghĩ mình bi dị dạng
F45.29,sợ bị bệnh lo lắng về sức khỏe khác
F50.00,chán ăn tâm thần không xác định
F50.01,chán ăn tâm thần không xác định
F50.02,chán ăn tâm thần kiểu ăn hạn chế
F51.20,rối loạn nhịp ngủ sinh học không do một chất hoặc tình trạng sinh lý nào đó không xác định loại
F51.21,rối loạn nhịp ngủ sinh học không do một chất hoặc tình trạng sinh lý nào đó do bay qua nhiều múi giờ
F51.22,rối loạn nhịp ngủ sinh học không do một chất hoặc tình trạng sinh lý nào đó do làm ca
F51.29,rối loạn nhịp ngủ sinh học khác không do một chất nào hoặc một tình trạng sinh lý nào
F18.28,nghiện chất hít có rối loạn khác do chất hít
B23,bệnh hiv dẫn đến bệnh lý khác
C13.0,u ác của vùng sau sụn nhẫn
F18.29,nghiện chất hít có rối loạn không đặc hiệu do chất hít
F18.90,sử dụng chất hít không xác định không biến chứng
C15,u ác thực quản
F18.94,sử dụng chất hít không xác định có rối loạn tính tình do chất hít
F18.95,sử dụng chất hít không xác định có loạn thần do chất hít
F18.97,sử dụng chất hít không xác định có sa sút tinh thần dai dẳng do chất hít
F18.98,sử dụng chất hít không xác định có rối loạn khác do chất hít
C16,u ác của dạ dày
A32.0,nhiễm trùng listeria ở da
A32.1,viêm màng não và viêm não màng não do listeria
A32.12,viêm não màng não do listeria
A32.7,nhiễm trùng do listeria
A32.8,thể khác của nhiễm trùng listeria
A32.82,viêm nội mạc tim do listeria
A32.9,nhiễm listeria không xác định
A33,bệnh uốn ván sơ sinh
A34,bệnh uốn ván sản khoa
A36,bệnh bạch hầu
A96.2,sốt lassa
A96.8,sốt xuất huyết do arenavirus khác
A96.9,sốt xuất huyết do arenavirus không xác định
A98.0,sốt xuất huyết crimean congo
A98.1,sốt xuất huyết omsk
A98.2,bệnh vùng rừng kyasanur
A98.3,bệnh virus marburg
A98.4,bệnh virus ebola
A98.8,sốt xuất huyết do virus xác định khác
A99,sô t xuâ t huyê t do virus kho ng xa c đi nh
B00,bệnh do herpes simplex
B00.0,chàm do virus herpes
B00.2,viêm miệng lợi và viêm amidan hầu do virus herpes
B00.3,viêm màng não do virus herpes g02 0
B00.4,viêm não do virus herpes g05 1
B00.5,bệnh mắt do virus herpes
B00.51,viêm mống thể mi do virus herpes viêm mống mắt do virus herpes viêm màng mạch trước do virus herpes
B00.52,viêm giác mạc do virus herpes viêm kết mạc giác mạc do virus herpes
B00.53,viêm kết mạc do virus herpes
B00.54,viêm màng bồ đào phía trước
B00.8,dạng khác của nhiễm virus herpes
B00.81,viêm gan do virus herpes
B00.89,viêm chín mé do rirus herpes
B01,thủy đậu
B01.0,viêm màng não do thủy đậu g02 0
B01.1,viêm não do thủy đậu g05 1
B01.2,viêm phổi do thuỷ đậu j17 1
B01.8,thủy đậu với biến chứng khác
B02,bệnh do herpes zoster
B02.1,viêm màng não do zoster g02 0
B02.2,tổn thương hệ thần kinh khác do zoster
B02.22,đau dây thần kinh mặt sau khi nhiễm herpes
B02.23,đau nhiều dây thần kinh sau khi nhiễm herpes
B02.3,bệnh mắt do zoster
B02.30,viêm mí mắt do zoster
B02.32,viêm mống mắt thể mí do zoster
B02.33,viêm mống mắt do zoster
B02.34,viêm giác mạc do zoster
B02.7,bệnh zoster lan tỏa
B02.8,bệnh zoster với biến chứng khác
B02.9,bệnh zoster không biến chứng
B03,đậu mùa
B04,đậu khỉ
B05,sởi
B05.2,sởi biến chứng viêm phổi j17 1
B05.4,sởi với biến chứng ở ruột
M22.00,trật xương bánh chè tái diễn không xác định gối
M22.02,trật xương bánh chè tái diễn ở gối trái
M22.10,bán trật xương bánh chè tái diễn không xác định gối
M22.11,bán trật xương bánh chè tái diễn ở gối phải
M22.40,bệnh nhuyễn sụn xương bánh chè không xác định gối
M22.41,bệnh nhuyễn sụn xương bánh chè ở gối phải
F52.21,rối loạn cương ở nam giới bất lực tâm lý
F52.22,rối loạn xuất tiết dịch khi làm tình ở nữ giới
F52.31,rối loạn chức năng cực khoái nữ
F52.32,rối loạn chức năng cực khoái nam
C16.5,u ác của bờ cong nhỏ dạ dày không xác định
F18.99,sử dụng chất hít không xác định có rối loạn không đặc hiệu do chất hít
F19,rối loạn tâm thần và hành vi do sử dụng nhiều loại ma túy và chất tác động tâm thần khác
F19.10,lạm dụng chất tác động thần kinh khác không biến chứng
F19.12,lạm dụng chất tác động thần kinh khác có ngộ độc
C18.3,u ác của đại tràng góc gan
C91,bệnh bạch cầu dạng lympho
C92.0,bệnh bạch cầu dạng tủy cấp
C93.2,bệnh bạch cầu đơn nhân bán cấp
F19.14,rối loạn tính tình do chất tác động thần kinh khác
F19.90,sử dụng chất tác động thần kinh khác không đặc hiệu không biến chứng
F18.27,nghiện chất hít có sa sút tâm thần do chất hít
F19.92,sử dụng chất tác động thần kinh khác không đặc hiệu có ngộ độc
M36,tổn thương mô liên kết hệ thống trong các bệnh đã được xếp loại ở mục khác
M41.8,các dạng khác của vẹo cột sống
M43.1,bệnh truợt đốt sống
M75.0,viêm bao hoạt dịch co thắt khớp vai
F19.93,sử dụng chất tác động thần kinh khác không đặc hiệu đang cai nghiện
M90.7,gẫy xương trong các bệnh khối u c00 d48
F19.94,sử dụng chất tác động thần kinh khác không đặc hiệu với rối loạn tính tình do chất tác động thần kinh khác
F19.95,sử dụng chất tác động thần kinh khác không đặc hiệu với loạn thần do chất tác động thần kinh khác
B05.8,sởi với biến chứng khác
B05.9,sởi không biến chứng
B06,bệnh rubella sởi đức
B06.0,bệnh rubella với biến chứng thần kinh
B06.02,viêm màng não do rubella
B06.8,bệnh rubella với biến chứng khác
B06.81,viêm phổi do rubella
B06.82,viêm khớp do rubella
B06.9,bệnh rubella không có biến chứng
B08,nhiễm virus khác có biểu hiện tổn thương tại da và niêm mạc chưa phân loại
B08.0,nhiễm orthopoxvirus khác
B08.1,u mềm lây
B08.2,phát ban đột ngột bệnh thứ sáu
B08.5,viêm họng có phỏng nước do virus đường ruột
B08.8,nhiễm virus xác định khác có biểu hiện tổn thương tại da và niêm mạc
B95.7,tụ cầu khác là nguyên nhân gây các bệnh phân loại ở chương khác
B95.8,tụ cầu không xác định là nguyên nhân gây các bệnh phân loại ở chương khác
B96,tác nhân vi khuẩn xác định khác như là nguyên nhân gây bệnh phân loại ở các chương khác
B96.0,mycoplasma pneumoniae m pneumoniae gây các bệnh đã được phân loại ở chương khác
B96.1,klebsiella pneumoniae k pneumoniae gây các bệnh đã được phân loại ở chương khác
B96.2,escherichia coli e coli gây các bệnh đã được phân loại ở chương khác
B96.3,haemophilus influenzae h influenzae gây các bệnh đã được phân loại ở chương khác
B96.4,proteus mirabilis morganii gây các bệnh đã được phân loại ở chương khác
B96.5,pseudomonas aeruginosa gây các bệnh đã được phân loại ở chương khác
B96.6,bacillus fragilis b fragilis gây các bệnh đã được phân loại ở chương khác
B96.7,clostridium perfringens c perfringens gây các bệnh đã được phân loại ở chương khác
B96.8,vi khuẩn xác định khác gây các bệnh đã được phân loại ở chương khác
B97,tác nhân virus gây các bệnh đã được phân loại ở chương khác
B97.2,coronavirus gây các bệnh đã được phân loại ở chương khác
B97.3,retrovirus gây các bệnh đã được phân loại ở chương khác
B97.1,enterovirus gây các bệnh đã được phân loại ở chương khác
B97.4,virus hợp bào đường hô hấp gây các bệnh đã được phân loại ở chương khác
B97.5,reovirus gây các bệnh đã được phân loại ở chương khác
B97.6,parvovirus gây các bệnh đã được phân loại ở chương khác
B97.7,papillomavirus gây các bệnh đã được phân loại ở chương khác
B97.8,các virus gây các bệnh đã được phân loại ở chương khác
B99,các bệnh nhiễm trùng khác và không xác định
C00.0,u ác của môi phần ngoài môi trên
C00.1,phần ngoài môi dưới
C00.2,u ác của phần ngoài môi không xác định
C00.3,u ác của môi trên mặt trong
C00.4,u ác của môi dưới mặt trong
C00.5,u ác của môi mặt trong không xác định
C83.1,u lympho không hodgkin tế bào mantle
C83.5,u lympho không hodgkin dạng nguyên bào lympho tỏa rộng
C83.7,u lympho burkitt
C83.8,u lympho không phải dạng nang khác
C84,các loại u lympho tế bào t nk trưởng thành
C84.0,u sùi dạng nấm
C84.1,bệnh sézary
C84.4,u lympho tế bào t ngoại vi không phân loại ở nơi khác
C84.5,u lympho tế bào t nk trưởng thành khác
C84.6,u lympho tê ba o lơ n bâ t sa n alk du o ng ti nh
C84.7,u lympho tế bào lớn bất sản alk âm tính
C84.8,u lympho tế bào t ở da không xác định
C85,u lympho không hodgkin loại khác và không xác định
C85.1,u lympho tế bào b không xác định
C85.7,loại xác định khác của u lympho không hodgkin
C85.9,u lympho không hodgkin loại không xác định
C86.0,u lympho tế bào nk t ngoại nút loại mũi
C86.2,u lympho tế bào t loại bệnh lý ruột
C86.3,u lympho tê ba o t giô ng vie m mo mơ du ơ i da
C86.4,u lympho nguye n ba o nk
C86.6,ta ng sinh tê ba o t da nguye n pha t cd 30 du o ng ti nh
C88,bệnh tăng sinh miễn dịch ác tính
C88.0,macroglogulin máu của waldenströn
C88.1,bệnh chuỗi alpha nặng
C88.2,bệnh chuỗi gamma nặng
C88.3,bệnh tăng sinh miễn dịch ruột non
C88.7,bệnh tăng sinh miễn dịch khác
C90,đa u tủy và các u tương bào
C90.0,đa u tủy
C90.1,bệnh bạch cầu dạng tương bào
C90.2,u tương bào ngoài tủy
C91.0,bệnh bạch cầu dạng nguyên bào lympho cấp all
C91.2,bệnh bạch cầu dạng lympho bán cấp
C91.4,bệnh bạch cầu dạng tế bào có lông
C91.5,bệnh bạch cầu dạng tế bào t trưởng thành
C91.7,bệnh bạch cầu dạng lympho khác
C91.9,bệnh bạch cầu dạng lympho không xác định
C92.1,bệnh bạch cầu dạng tủy mạn cml bcr abl dương tính
C92.3,ung thư mô liên kết dòng tủy
C92.4,bệnh bạch cầu dạng tiền tủy bào pml
C92.7,bệnh bạch cầu dạng tủy khác
C93.0,bệnh bạch cầu đơn nhân nguyên bào đơn nhân cấp tính
C93.1,bệnh bạch cầu dòng tủy đơn nhân mãn tính
C93.7,bệnh bạch cầu đơn nhân khác
C93.9,bệnh bạch cầu đơn nhân không xác định
C94,bệnh bạch cầu khác có loại tế bào xác định
C94.0,bệnh bạch cầu dạng tăng hồng cầu
C94.1,bệnh tăng hồng cầu mạn
C94.2,bệnh bạch cầu dạng tiền nguyên tiểu cầu cấp
D76.2,hội chứng thực bào tế bào máu liên quan đến nhiễm trùng
F14.19,lạm dụng cocain với rối loạn không xác định do cocain
F14.20,nghiện cocain không biến chứng
F14.22,nghiện cocain với ngộ độc
F14.23,nghiện cocain đang cai nghiện
F14.24,nghiện cocain với rối loạn tính tình do cocain
F14.25,nghiện cocain với loạn thần do cocain
B22,bệnh hiv dẫn đến các bệnh xác định khác
F14.29,nghiện cocain với rối loạn không xác định do cocain
F14.90,sử dụng cocain không xác định không biến chứng
F14.92,sử dụng cocain không xác định với ngộ độc
B94.8,di chứng của bệnh nhiễm trùng và ký sinh trùngxác định khác
B94.9,di chứng của bệnh nhiễm trùng và ký sinh trùngkhông xác định
C00.6,u ác của mép môi
C00.9,u ác của môi không xác định
C01,u ác của đáy lưỡi
C02,u ác của phần khác và không xác định của lưỡi
C02.0,u ác mặt lưng của lưỡi
C02.2,u ác mặt bụng của lưỡi
C02.3,u ác hai phần ba trước của lưỡi phần không xác định
C02.4,u ác của amiđan đáy lưỡi
C02.9,u ác của lưỡi không xác định
C03,u ác của nướu lợi răng
C03.0,u ác của nướu hàm trên
C03.1,u ác của nướu hàm dưới
C04.0,u ác của sàn trước miệng
C04.1,u ác của sàn miệng bên
C04.8,u ác với tổn thương chồng lấn của sàn miệng
C04.9,u ác của sàn miệng không xác định
C05.2,u ác của lưỡi gà
C05.8,u ác với tổn thương chồng lấn của khẩu cái
C06.0,u ác của niêm mạc má
C06.1,u ác của tiền đình của miệng
B95.6,tụ cầu vàng là nguyên nhân gây các bệnh phân loại ở chương khác
C72,u ác của tủy sống dây thần kinh sọ và các phần khác của hệ thần kinh trung ương
C72.1,u ác của chùm đuôi ngựa
C72.2,u ác của thần kinh khứu giác
C72.3,u ác của thần kinh thị giác
C72.5,u ác của dây thần kinh sọ khác và không xác định
C72.8,u ác với tổn thương chồng lấn của não và các phần khác của hệ thần kinh trung ương
C72.9,u ác của hệ thần kinh trung ương không xác định
C74,u ác của tuyến thượng thận
C74.1,u ác của tủy tuyến thượng thận
C74.9,u ác của tuyến thượng thận không xác định
C75.0,u ác của tuyến cận giáp
C75.1,u ác của tuyến yên
C75.2,u ác của ống sọ hầu
C75.4,u ác của thể cảnh
C75.5,u ác của thể động mạch chủ và phó hạch khác
C75.9,u ác của tuyến nội tiết không xác định
C76,u ác có vị trí khác và không rõ ràng
C76.0,u ác của đầu mặt và cổ
C76.1,u ác của ngực
C76.2,u ác của bụng
C76.4,u ác của chi trên
C76.5,u ác của chi dưới
C76.8,u ác với tổn thương chồng lấn của các vị trí khác và không rõ ràng
C77,u ác thứ phát và không xác định của hạch lympho
C77.0,u ác của hạch của vùng đầu mặt cổ
C77.1,u ác của hạch trong lồng ngực
C77.3,u ác của hạch nách và hạch chi trên
C77.4,u ác của hạch bẹn và hạch chi dưới
K72.00,suy gan cấp và bán cấp không hôn mê
K72.01,suy gan cấp và bán cấp với hôn mê
K72.10,suy gan mãn không hôn mê
K72.11,suy gan mãn có hôn mê
C04,u ác của sàn miệng
C05,u ác của khẩu cái
F14.94,sử dụng cocain không xác định với rối loạn tính tình do cocain
F14.95,sử dụng cocain không xác định với loạn thần do cocain
C06,u ác của phần khác và không xác định của miệng
C08,u ác của các tuyến nước bọt chính khác và không xác định
F14.98,sử dụng cocain không xác định với rối loạn không xác định do cocain
F14.99,sử dụng cocain không xác định với rối loạn không xác định do cocain
F15,rối loạn tâm thần và hành vi do sử dụng chất kích thích khác bao gồm cả caffein
F15.10,lạm dụng chất kích thích khác không biến chứng
F15.12,lạm dụng chất kích thích khác với ngộ độc
F15.14,lạm dụng chất kích thích khác với rối loạn tính tình do chất kích thích
F15.15,lạm dụng chất kích thích khác với loạn thần do chất kích thích
F60.81,rối loạn nhân cách do quá yêu mình
C77.5,u ác của hạch trong vùng chậu
C77.8,u ác của hạch của nhiều vùng
C78.1,u ác thứ phát của trung thất
C78.2,u ác thứ phát của màng phổi
C78.4,u ác thứ phát của ruột non
C78.5,u ác thứ phát của đại tràng và trực tràng
C78.6,u ác thứ phát của sau phúc mạc và phúc mạc
C78.7,u ác thứ phát của gan và đường mật trong gan
C78.8,u ác thứ phát của cơ quan tiêu hoá khác và không xác định
C79.0,u ác thứ phát của thận và bể thận
C79.2,u ác thứ phát của da
C79.3,u ác thứ phát của não và màng não
C79.4,u ác thứ phát của phần khác và phần không xác định của hệ thần kinh
C79.5,u ác thứ phát của xương và tuỷ xương
C79.6,u ác thứ phát của buồng trứng
C79.7,u ác thứ phát của tuyến thượng thận
C79.8,u ác thứ phát của các vị trí xác định rõ khác
C81.1,u lympho hodgkin kinh điển xơ nốt
C81.2,u lympho hodgkin kinh điển hỗn hợp tế bào
C81.3,u lympho hodgkin kinh điển giảm lympho bào
C81.4,u lympho hodgkin kinh điê n gia u lympho ba o
C81.7,u lympho hodgkin kinh điển khác
C82.0,u lympho dạng nang độ 1
C82.1,u lympho dạng nang độ ii
C82.2,u lympho dạng nang độ iii không xác định
C82.3,u lympho dạng nang độ iiia
C82.4,u lympho dạng nang độ iiib
C82.5,u lympho trung tâm nang tỏa rộng
C82.6,u lympho trung tâm nang da
A36.0,bệnh bạch hầu họng
A36.1,bệnh bạch hầu thể mũi họng
A36.2,bệnh bạch hầu thanh quản
A36.3,bệnh bạch hầu da
A36.8,bệnh bạch hầu khác
A36.81,bệnh lý cơ tim do bạch hầu viêm cơ tim do bạch hầu
A36.82,viêm kết mạc do bạch hầu
A36.9,bạch hầu không xác định
A37,bệnh ho gà
A37.0,bệnh ho gà do bordetella pertussis
A37.1,bệnh ho gà do bordetella parapertussis
A37.9,bệnh ho gà không xác định
A38,bệnh tinh hồng nhiệt
A39,nhiễm trùng do não mô cầu
A39.0,viêm màng não do não mô cầu g01
A39.2,nhiễm khuẩn huyết não mô cầu cấp tính
A39.3,nhiễm khuẩn huyết não mô cầu mãn tính
A39.4,nhiễm khuẩn huyết não mô cầu không xác định
A39.5,bệnh tim do não mô cầu
A39.50,viêm cơ tim do não mô cầu
A39.51,viêm nội mạc tim do não mô cầu
A39.52,viêm tim kxđk do não mô cầu
A39.8,nhiễm não mô cầu khác
A39.81,viêm não do não mô cầu
A39.82,viêm dây thần kinh hậu nhãn cầu do não mô cầu
A39.83,viêm khớp do não mô cầu
D80.5,suy giảm miễn dịch có tăng immunoglobulin m igm
D80.7,thiếu hụt gammaglobulin máu thóang qua ở trẻ nhỏ
D80.8,suy giảm miễn dịch khác do thiếu kháng thể là chủ yếu
D80.9,thiếu hụt miễn dịch do thiếu kháng thể là chủ yếu không xác
D81,suy giảm miễn dịch kết hợp
D81.0,suy giảm miễn dịch hỗn hợp nặng scid với loạn sinh liên võng
D81.1,suy giảm miễn dịch hỗn hợp nặng scid với giảm số lượng lympho t và b
D81.2,thiếu hụt miễn dịch kết hợp nguy kịch scid với số lượng lympho b thấp hoặc bình thường
D81.3,thiếu hụt enzim adenosine deaminase ada
D81.4,hội chứng nezelof
D81.6,thiếu hụt phức hợp hoà hợp tổ chức lớp i mhc i
D81.7,thiếu hụt phức hợp hoà hợp tổ chức lớp ii mhc ii
D81.8,các suy giảm miễn dịch kết hợp khác
D81.9,suy giảm miễn dịch hỗn hợp không đặc hiệu
D82,suy giảm miễn dịch liên quan đến các bất thường nặng khác
D82.0,hội chứng wiskott aldrich
D82.1,hội chứng di george s
D82.2,suy giảm miễn dịch kèm chứng ngắn chi
D82.3,suy giảm miễn dịch sau đáp ứng với virus epstein barr bị khuyết thiếu mang tính di truyền
D82.4,hội chứng tăng immunoglobulin e ige
D82.9,suy giảm miễn dịch khiếm khuyết chủ yếu không đặc hiệu
D83,một số các biến thể khác của suy giảm miễn dịch
D83.0,suy giảm miễn dịch một số biến thể do bất thường về số lượng và chức năng lympho b
D83.1,suy giảm miễn dịch biến thể chủ yếu do rối loạn điều hoà miễn dịch của lympho t
D83.2,suy giảm miễn dịch biến thể phổ biến với tự kháng thể chống lympho b hoặc t
D83.8,các suy giảm miễn dịch biến thiên phổ biến khác
D83.9,suy giảm miễn dịch biến thiên phổ biến không đặc hiệu
D84.0,bất thường kháng nguyên chức năng 1 của lymphocyte lfa 1
D84.1,các bất thường của hệ thống bổ thể
D84.8,các suy giảm miễn dịch đặc hiệu khác
D84.9,suy giảm miễn dịch không đặc hiệu
F63.89,rối loạn xung động khác
F65.50,loạn dục gây đau chủ động và bị động không xác định
F65.51,bạo dâm
F65.89,hành vi đồi trụy khác
N08,biến đổi cầu thận trong các bệnh đã được phân loại ở phần khác
F19.96,sử dụng chất tác động thần kinh khác không đặc hiệu với rối loạn trí nhớ dai dẳng do chất tác động thần kinh khác
F19.97,sử dụng chất tác động thần kinh khác không đặc hiệu với sa sút tâm thần dai dẳng do chất tác động thần kinh khác
F19.99,sử dụng chất tác động thần kinh khác không đặc hiệu với rối loạn không xác định do chất tác động thần kinh khác
F20,tâm thần phân liệt
F20.0,tâm thần phân liệt thể paranoid
F20.1,tâm thần phân liệt thể thanh xuân
F20.2,tâm thần phân liệt thể căng trương lực
F20.4,tâm thần phân liệt thể trầm cảm sau phân liệt
F20.5,tâm thần phân liệt thể di chứng
F20.6,tâm thần phân liệt thể đơn thuần
F20.8,các thể tâm thần phân liệt khác
F20.81,rối loạn thể tâm thần phân liệt loạn thần kinh thể tâm thần phân liệt không phân loại nơi khác
F20.9,tâm thần phân liệt thể không đặc hiệu
F21,rối loạn loại phân liệt
F22,rối loạn hoang tưởng dai dẳng
F22.8,rối loạn hoang tưởng dai dẳng khác
F22.9,rối loạn hoang tưởng dai dẳng không biệt định
F23,rối loạn loạn thần cấp và nhất thời
F23.1,rối loạn loạn thần cấp đa dạng với triệu chứng của bệnh tâm thần phân liệt
F23.2,rối loạn loạn thần cấp giống phân liệt
F23.3,các rối loạn loạn thần cấp khác chủ yếu hoang tưởng
F23.8,rối loạn loạn thần cấp và nhất thời khác
F23.9,rối loạn loạn thần cấp và nhất thời không biệt định
F24,rối loạn hoang tưởng cảm ứng
F25,rối loạn phân liệt cảm xúc
F25.0,rối loạn phân liệt cảm xúc loại hưng cảm
F25.2,rối loạn phân liệt cảm xúc loại hỗn hợp
F25.8,rối loạn phân liệt cảm xúc khác
F25.9,rối loạn phân liệt cảm xúc không biệt định
F28,rối loạn loạn thần không thực tổn khác
F29,loạn thần không thực tổn không biệt định
F30.0,hưng cảm nhẹ
F30.1,hưng cảm không có các triệu chứng loạn thần
F30.11,giai đoạn hưng cảm không có các triệu chứng loạn thần nhẹ
E70.20,rối loạn chuyển hoá tyrosine không xác định
E70.21,bệnh tăng tyrosine tăng tyrosine trong máu
E70.31,bạch tạng ở mắt
E70.32,bạch tạng ở mắt da
E70.33,hội chứng cross
E70.34,hội chứng hermansky pudlak
E71.10,tăng leucine isoleucin máu
E71.11,tăng valine máu
E71.12,acid isovaleric máu
E71.14,acid propionic máu
E71.20,rối loạn vận chuyển acid amin
E71.22,rối loạn chuyển hoá chu trình urê
E71.23,rối loạn chuyển hoá lysine và hydroxylysine
E71.24,rối loạn chuyển hoá ornithine
E71.25,rối loạn chuyển hoá glycine
E71.29,rối loạn chuyển hoá acid amin không đặc hiệu
E72.00,bệnh tích cystin
E72.01,bệnh loạn dưỡng cystine
E72.02,cystine niệu
D86.0,bệnh sarcoid phổi
E72.04,bệnh hartnup
E72.05,hội chứng lowe
H40.8,glôcôm khác
H40.9,glôcôm không đặc hiệu
H42,glôcôm trong các bệnh phân loại nơi khác
H42.0,glôcôm trong bệnh nội tiết dinh dưỡng và chuyển h
H42.8,glôcôm trong các bệnh phân loại nơi khác
H43,bệnh của dịch kính
H43.0,phòi dịch kính
H43.1,xuất huyết dịch kính
H43.2,cặn lắng tinh thể trong dịch kính
H43.3,vẩn đục dịch kính khác
H43.8,bệnh khác của dịch kính
H43.9,bệnh dịch kính không đặc hiệu
H44,bệnh của nhãn cầu
H44.0,viêm mủ nội nhãn
H44.1,viêm nội nhãn khác
H44.2,cận thị thoái hóa
H44.3,bệnh thoái hóa khác của nhãn cầu
H44.4,hạ nhãn áp
H44.5,các bệnh thoái hóa của nhãn cầu
H44.6,dị vật nội nhãn có từ tính
H44.7,dị vật nội nhãn không từ tính
H44.8,các bệnh khác của nhãn cầu
H44.9,bệnh nhãn cầu không đặc hiệu
H45,bệnh của dịch kính và nhãn cầu trong các bệnh phân loại nơi khác
H45.0,xuất huyết dịch kính trong các bệnh phân loại nơi khác
H45.1,viêm nội nhãn trong các bệnh phân loại nơi khác
H45.8,các bệnh khác của dịch kính và nhãn cầu trong các bệnh phân loại nơi khác
H46,viêm thần kinh thị
H47,các bệnh khác của thần kinh thị dây thần kinh ii và đường thị giác
H47.0,bệnh thần kinh thị không phân loại nơi khác
H47.2,teo thần kinh thị
H47.3,bệnh khác của đĩa thị khuyết gai thị
H47.4,bệnh giao thoa thị giác
H47.6,bệnh vỏ não thị giác
H47.7,bệnh đường thị giác không đặc hiệu
H48,bệnh thần kinh thị và đường dãn thị giác trong các bệnh phân loại nơi khác
F15.18,lạm dụng chất kích thích khác với rối loạn khác do chất kích thích
F15.19,lạm dụng chất kích thích khác với rối loạn không xác định do chất kích thích
F15.21,nghiện chất kích thích khác đang giảm
F15.22,nghiện chất kích thích khác với ngộ độc
F15.23,nghiện chất kích thích khác đang cai nghiện
F15.24,nghiện chất kích thích khác với rối loạn tính tình do chất kích thích
F30.12,giai đoạn hưng cảm không có các triệu chứng loạn thần trung bình
F30.13,giai đoạn hưng cảm không có các triệu chứng loạn thần nặng
F30.2,hưng cảm với các triệu chứng loạn thần
F30.8,các giai đoạn hưng cảm khác
F30.9,giai đoạn hưng cảm không đặc hiệu
I49.01,rung thất
I49.02,cuồng thất
F33.4,rối loạn trầm cảm tái diễn hiện đang thuyên giảm
F33.40,rối loạn trầm cảm nặng không xác định tái phát đang thuyên giảm
F33.41,rối loạn trầm cảm nặng tái phát đang thuyên giảm một phần
F33.8,rối loạn trầm cảm tái diễn khác
F33.9,rối loạn trầm cảm tái phát không biệt định
F34,rối loạn khí sắc cảm xúc dai dẳng
F34.0,khí sắc chu kỳ
F34.1,loạn khí sắc
F34.8,các rối loạn khí sắc cảm xúc dai dẳng khác
F38,rối loạn khí sắc cảm xúc khác
E83.30,thiếu men acid phosphatase
E83.32,giảm phosphat
E83.33,đề kháng vitamin d nhuyễn xương còi xương
E83.50,rối loạn chuyển hoá calci không xác định
E83.51,hạ calci trong máu
E83.52,tăng calci trong máu tăng calci trong máucùng với giảm calciuric có tính chất gia đình
E85.6,thoái hoá dạng bột khác
E11.3,bệnh đái tháo đường không phụ thuộc insuline có biến chứng mắt
E11.4,bệnh đái tháo đường không phụ thuộc insuline có biến chứng thần kinh
F15.25,nghiện chất kích thích khác với loạn thần do chất kích thích
C31.9,u ác của xoang phụ không xác định
C32,u ác thanh quản
F15.28,nghiện chất kích thích khác với rối loạn khác do chất kích thích
C37,u ác tuyến ức
D00.0,ung thư biểu mô tại chỗ của của môi khoang miệng và hầu
D01,ung thư biểu mô tại chỗ của cơ quan tiêu hoá khác và không xác định
D03,u hắc tố tại chỗ
F15.29,nghiện chất kích thích khác với rối loạn không xác định do chất kích thích
F15.92,sử dụng chất kích thích khác không xác định có ngộ độc
D13,u lành của phần khác và không rõ ràng của hệ tiêu hóa
D64.2,thiếu máu nguyên hồng cầu sắt thứ phát do thuốc và độc chất
D66,thiếu yếu tố viii di truyền
F15.93,sử dụng chất kích thích khác không xác định đang cai nguyện
F15.94,sử dụng chất kích thích khác không xác định có rối loạn tính tình do chất kích thích
F15.95,sử dụng chất kích thích khác không xác định có loạn thần
D42.1,u tân sinh không chắc chắn hoặc không biết tính chất của màng não thuộc tủy sống
E03,suy giáp khác
F15.98,sử dụng chất kích thích khác không xác định có rối loạn khác do chất kích thích
F68.10,rối loạn giả tạo không đặc hiệu
F68.11,rối loạn giả tạo với dấu hiệu tâm thần
F68.12,rối loạn giả tạo với dấu hiệu vật lý
F68.13,rối loạn giả tạo với dấu hiệu tâm thần và vật lý
F38.0,các rối loạn khí sắc cảm xúc đơn độc khác
F38.1,rối loạn khí sắc cảm xúc tái diễn
F40.00,ám ảnh sợ khoảng trống không xác định
F40.01,ám ảnh sợ khoảng trống với hoảng loạn hoảng loạn do ám ảnh sợ khoảng trống
F40.02,ám ảnh sợ khoảng trống không hoảng loạn
F40.10,ám ảnh sợ xã hội không xác định
F40.11,ám ảnh sợ xã hội toàn diện
F40.21,ám ảnh sợ thú vật
F40.22,ám ảnh sợ môi trường thiên nhiên
F40.23,ám ảnh sợ chấn thương sợ tiêm chích sợ máu
F40.24,ám ảnh sợ tình huống
F40.29,ám ảnh sợ đặc hiệu khác
F43.10,rối loạn stress sau chấn thương không xác định
F43.11,rối loạn stress sau chấn thương cấp tính
F43.12,rối loạn stress sau chấn thương mãn tính
F43.20,rối loạn thích ứng không xác định
F43.21,rối loạn thích ứng với trầm cảm
F43.22,rối loạn thích ứng với lo âu
F43.23,rối loạn điều chỉnh với lo âu và trần cảm
F43.24,rối loạnđiều chỉnh với rối loạn hành vi
F43.25,rối loạn điều chỉnh với hội chứng khác
F43.29,rối loạn thích ứng với triệu chứng khác
A01,bệnh thương hàn và phó thương hàn
A01.0,thương hàn
A01.1,bệnh phó thương hàn a
A01.2,bệnh phó thương hàn b
E11.5,bệnh đái tháo đường không phụ thuộc insuline có biến chứng mạch máu ngoại vi
E11.6,bệnh đái tháo đường không phụ thuộc insuline có biến chứng xác định khác
E12,bệnh đái tháo đường liên quan đến suy dinh dưỡng
F81.81,rối loạn về viết rối loạn lỗi chính tả đặc hiệu
F81.89,các rối loạn phát triển khác của sinh họat trong nhà trường
H48.0,teo thần kinh thị trong các bệnh phân loại nơi khác
H48.1,viêm thần kinh hậu cầu trong các bệnh phân loại nơi khác
H48.8,bệnh khác của thần kinh thị và đường dẫn truyền thị giác trong các bệnh phân loại nơi khác
H49,lác liệt
H49.0,liệt dây thần kinh vận nhãn iii
H49.2,liệt dây thần kinh giạng vi
H49.4,liệt vận nhãn ngoài tiến triển
H49.8,các loại liệt khác
H49.9,các loại liệt không đặc hiệu
H50.0,lác hội tụ đồng hành
H50.1,lác phân kỳ đồng hành
H50.3,lác từng hồi
H50.6,lác cơ học
F31.0,rối loạn cảm xúc lưỡng cực hiện tại giai đoạn hưng cảm nhẹ
F31.1,rối loạn cảm xúc lưỡng cực hiện tại giai đoạn hưng cảm không có các triệu chứng loạn thần
F31.10,rối loạn lưỡng cực hiện thời là giai đoạn hưng cảm không có các dạng loạn thần không xác định
F31.12,rối loạn lưỡng cực hiện thời là giai đoạn hưng cảm không có các dạng loạn thần trung bình
F31.13,rối loạn lưỡng cực hiện thời là giai đoạn hưng cảm không có các dạng loạn thần nặng
F31.2,rối loạn cảm xúc lưỡng cực hiện tại giai đoạn hưng cảm có các triệu chứng loạn thần
F31.3,rối loạn cảm xúc lưỡng cực hiện tại giai đoạn trầm cảm nhẹ hoặc trung bình
F31.30,rối loạn lưỡng cực không xác định hiện giờ là giai đoạn trầm cảm nhẹ hoặc trung bình
F31.31,rối loạn lưỡng cực hiện giờ là giai đoạn trầm cảm nhẹ
F31.32,rối loạn lưỡng cực hiện giờ là giai đoạn trầm cảm trung bình
F31.4,rối loạn cảm xúc lưỡng cực hiện tại giai đoạn trầm cảm nặng không có các triệu chứng loạn thần
F31.5,rối loạn cảm xúc lưỡng cực hiện tại giai đoạn trầm cảm nặng với các triệu chứng loạn thần
F31.6,rối loạn cảm xúc lưỡng cực hiện tại giai đoạn hỗn hợp
F31.60,rối loạn lưỡng cực hiện thời là giai đoạn hỗn hợp không xác định
F31.61,rối loạn lưỡng cực hiện thời là giai đoạn hỗn hợp nhẹ
F31.62,rối loạn lưỡng cực hiện thời là giai đoạn hỗn hợp trung bình
F31.63,rối loạn lưỡng cực hiện thời là giai đoạn hỗn hợp nặng
F31.64,rối loạn cảm xúc lưỡng cực hiện thời là giai đoạn hỗn hợp nặng
F31.7,rối loạn cảm xúc lưỡng cực hiện tại thuyên giảm
F31.70,rối loạn lưỡng cực hiện thời thuyên giảm không xác định tình trạng mới đây
A01.4,bệnh phó thương hàn không xác định
A02,nhiễm salmonella khác
A02.1,nhiễm trùng huyết do salmonella
A02.2,nhiễm salmonella khu trú
A02.8,nhiễm trùng salmonella xác định khác
A03,bệnh lỵ trực khuẩn
A03.0,bệnh lỵ trực khuẩn do shigella dysenteriae
A03.1,bệnh lỵ trực khuẩn do shigella flexneri
A03.2,bệnh lỵ trực khuẩn do shigella boydii
A03.3,bệnh lỵ trực khuẩn do shigella sonnei
A03.8,bệnh lỵ trực khuẩn do shigella khác
A03.9,bệnh lỵ trực khuẩn không xác định
A04.0,nhiễm escherichia coli gây bệnh đường ruột
A04.1,nhiễm escherichia coli gây độc tố ruột
A04.2,nhiễm escherichia coli xâm nhập
A04.3,nhiễm escherichia coli gây xuất huyết đường ruột
A04.4,nhiễm escherichia coli đường ruột khác
A04.6,viêm ruột do yersinia enterocolitica
A04.7,viêm ruột do clostridium difficile
A04.8,nhiễm trùng đường ruột do vi khuẩn xác định khác
A05,nhiễm độc thức ăn do vi trùng khác chưa phân loại nơi khác
A05.0,nhiễm độc thức ăn do độc tố của tụ cầu
A05.1,bệnh ngộ độc thịt ngộ độc đồ hộp
A05.2,nhiễm độc thức ăn do độc tố của clostridium perfringens clostridium welchii
A05.3,nhiễm độc thức ăn do độc tố của vibrio parahaemolyticus
A05.4,nhiễm độc thức ăn do độc tố của bacillus cereus
A05.9,nhiễm độc thức ăn do vi khuẩn không xác định
A06,bệnh do amíp
A06.0,bệnh lỵ amíp cấp
A06.1,bệnh lỵ amíp đường ruột mãn tính
A06.2,viêm đại tràng do amíp không gây hội chứng lỵ
A06.3,u do amíp đường ruột
A06.5,áp xe phổi do amíp j99 8
A06.6,áp xe não do amíp g07
A06.7,nhiễm amíp ở da
A06.81,do amíp viêm ruột thừa
A06.82,do amíp viêm quy đầu
A06.9,bệnh do amíp không xác định
A07.0,bệnh do balantidium
A07.1,bệnh do giardia lamblia
A07.2,bệnh do cryptosporidia
A07.8,bệnh nhiễm trùng đường ruột do đơn bào xác định khác
A07.9,bệnh đường ruột do đơn bào không xác định
A08,nhiễm trùng đường ruột do virus và tác nhân xác định khác
A08.1,bệnh lý dạ dày ruột cấp do tác nhân norwalk
A08.2,viêm ruột do adenovirus
A08.3,viêm ruột do virus khác
A08.5,nhiễm trùng đường ruột xác định khác
A09,viêm dạ dày ruột và đại tràng do nguyên nhân nhiễm trùng và chưa xác định được nguồn gốc nhiễm trùng
A09.0,viêm dạ dày ruột và đại tràng khác do nhiễm trùng và không xác định loài
A09.9,viêm dạ dày ruột và viêm đại tràng khác không rõ nguyên nhân
E51.11,bệnh tê phù khô
R45.6,bạo hành về thể xác thể lực
R45.8,triệu chứng và dấu hiệu khác về trạng thái cảm xúc
R46,triệu chứng và dấu hiệu khác về vẻ bề ngoài và hành vi
R46.0,ý thức vệ sinh cá nhân kém
R46.1,vẻ bề ngoài kỳ quặc con người
R46.2,hành vi kỳ lạ và khó hiểu
R46.4,phản ứng nghèo nàn và chậm chạp
R46.5,nghi ngờ và lảng tránh rõ rệt
R46.7,chứng nói dài và quá chi tiết gây khó hiể
R46.8,triệu chứng và dấu hiệu khác về vẻ bề ngoài và hành vi
R47,rối loạn lời nói chưa được phân loại ở phần khác
R47.0,rối loạn khả năng nói và mất khả năng n
R47.8,rối loạn ngôn ngữ khác và không xác định
R48,rối loạn khả năng đọc và các rối loạn khác chưa được phân loại ở phần khác
R48.0,rối loạn khả năng đọc và mất khả năng đọc
R48.1,mất nhận thức
R48.8,các rối loạn khác
R49,rối loạn giọng nói
R49.0,chứng khó phát âm
R49.1,mất tiếng
R49.8,rối loạn giọng nói không đặc hiệu và k
R50,sốt không rõ nguyên nhân và khác
R50.0,sốt với rùng mình
R50.1,sốt dai dẳng
R51,đau đâ u
R52,đau chưa được phân loại ở phần khác
R52.0,đau cấp tính
R52.1,đau mãn tính khó chữa
R52.9,đau không đặc hiệu
R53,kho ơ va mê t mo i
R54,suy yê u do tuô i gia
R56,co giật chưa phân loại ở nơi khác
R56.0,co giật do sốt
R56.8,co giật không đặc hiệu khác
R57.0,sốc tim
R57.1,sốc giảm thể tíchh
R57.8,sốc khác
R57.9,sốc không đặc hiệu
R58,cha y ma u chưa đươ c phân loa i ơ nơi kha c
R59.0,hạch to khu trú
R59.1,hạch to toàn thân
R59.9,hạch to không đặc hiệu
R60.0,phù khu trú
R60.1,phù toàn thể
R60.9,phù không đặc hiệu
R61.0,tiết nhiều mồ hôi khu trú
R61.1,tăng tiết mồ hôi toàn thể
R61.9,tiết nhiều mồ hôi không đặc hiệu
R62,phát triển sinh lý không bình thường như mong muốn
R62.0,chậm đạt các mốc phát triển
R62.8,phát triển sinh lý không bình thường khác
R62.9,phát triển sinh lí không bình thường không đặc hiệu
O86.0,nhiễm khuẩn vết thương do phẫu thuật sản khoa
O86.1,nhiễm khuẩn đường sinh dục khác sau đẻ
O86.2,nhiễm khuẩn đường tiết niệu sau đẻ
O86.3,nhiễm khuẩn khác của đường tiết niệu sinh dục sau đẻ
O86.4,sốt không rõ nguyên nhân sau đẻ
O87,biến chứng tĩnh mạch và trĩ trong thời gian sau đẻ
Q30.3,thủng vách mũi bẩm sinh
Q30.9,bất thường bẩm sinh ở mũi không đặc hiệu
Q31,các bất thường bẩm sinh của thanh quản
Q31.0,màng thanh quản
Q31.2,thiểu sản thanh quản
Q31.3,thóat vị thanh quản
Q31.4,tiếng rít thanh quản bẩm sinh
Q31.8,các dị tật bẩm sinh khác của thanh quản
Q31.9,bất thường thanh quản bẩm sinh không đặc hiệu
Q32.0,nhuyễn khí quản bẩm sinh
Q32.1,các bất thường khác của khí quản
Q32.2,nhuyễn phế quản bẩm sinh
Q32.3,hẹp phế quản bẩm sinh
Q32.4,các bất thường bẩm sinh khác của phế quản
Q33.0,nang phổi bẩm sinh
Q33.1,phổi có thùy phụ
Q33.2,phổi biệt lập
Q33.4,giãn phế quản bẩm sinh
Q33.5,lạc chỗ của một tổ chức khác tại phổi
Q33.8,các bất thường bẩm sinh khác của phổi
Q33.9,các dị tật bẩm sinh khác của phổi không đặc hiệu
Q34,các bất thường bẩm sinh khác của bộ máy hô hấp
Q34.0,bất thường ở màng phổi
Q34.1,kén trung thất bẩm sinh
Q34.8,các dị tật đường hô hấp bẩm sinh đặc hiệu khác
R63,triệu chứng và dấu hiệu liên quan tới thực phẩm và dịch đưa vào cơ thể
R63.0,chán ăn
R63.1,chứng khát nước nhiều
R63.2,chứng ăn nhiều
R63.3,khó khăn khi cho ăn và quản lý kém
R63.4,giảm cân bất thường
R63.8,triệu chứng và dấu hiệu khác liên quan đến thức ăn và dịch đưa vào cơ thể
R64,suy mo n
R68,triệu chứng và dấu hiệu toàn thể khác
R68.1,triệu chứng riêng không đặc hiệu của trẻ em
R68.2,miệng khô không đặc hiệu
R68.3,chứng ngón tay hình dùi trống
R68.8,triệu chứng và dấu hiệu toàn thể đặc hiệu khác
R69,nguye n nha n mă c bẹ nh kho ng đạ c hiẹ u va kho ng ro
R70,độ lắng hồng cầu và bất thường độ nhớt huyết tương
R70.0,tăng đô lắng hồng cầu
R71,bâ t thươ ng vê hô ng câ u
R72,bâ t thươ ng vê ba ch câ u chưa đươ c phân loa i ơ phâ n kha c
R73,tăng nồng độ glucoza máu
R73.9,tăng đường huyết không đặc hiệu
R74,bất thường nồng độ enzym huyết thanh
R74.0,tăng mức men tranzaminase và men acid lactic dehydrogenase ldh
R74.8,các bất thường nồng độ enzym huyết thanh khác
R75,biê u hiê n câ n lâm sa ng cu a virus gây suy gia m miê n di ch ơ ngươ i hiv
R76,các phát hiện bất thường khác về miễn dịch trong huyết thanh
R76.0,tăng chuẩn độ kháng thể
R76.1,phản ứng bất thường với test tuberculin
R76.2,test huyết thanh dương tính giả với giang mai
M47.9,thoái hóa cột sống không đặc hiệu
M48,các bệnh khác của thân đốt sống
M48.0,hẹp ống sống
M48.1,cứng khớp do tăng tạo xương forestier
M48.2,hư khớp liên mỏm gai
M48.4,gẫy đốt sống do mỏi
M48.5,xẹp đốt sống chưa được xếp loại ở mục khác
M48.8,các bệnh thân đốt sống được xác định khác
M48.9,các bệnh thân đốt sống không đặc hiệu
M49.0,lao cột sống a18 0
M49.2,viêm đốt sống do vi khuẩn đường ruột a01 a04
M49.3,bệnh cột sống trong các bệnh nhiễm khuẩn và ký sinh vật đã xếp loại ở mục khác
M49.4,tổn thương cột sống do nguyên nhân thần kinh
M65.8,các viêm màng hoạt dịch và viêm bao gân khác
M65.9,viêm màng hoạt dịch và viêm bao gân không đặc hiệu
M66.0,vỡ u nang khoeo chân
M66.1,rách màng hoạt dịch
M66.2,rách đứt tự nhiên các gân duỗi
M66.3,rách đứt tự nhiên các gân gấp
M66.4,rách đứt tự nhiên các gân khác
M67,các bệnh khác của màng hoạt dịch và gân
M67.0,gân achille gót ngắn mắc phải
M67.1,các chứng co rút gân bao gân khác
M67.2,phì đại màng hoạt dịch không được xếp loại ở nơi khác
M67.3,viêm màng hoạt dịch thóang qua
M67.8,các bệnh của màng hoạt dịch và gân đặc hiệu khác
M67.9,bệnh của màng hoạt dịch và gân không đặc hiệu
M68,các bệnh của màng hoạt dịch và gân trong những bệnh được xếp loại ở mục khác
M68.8,các bệnh của màng hoạt dịch và gân khác trong những bệnh được xếp loại ở mục khác
M70,các bệnh mô mềm liên quan đến vận động vận động quá mức và bị chèn ép
M70.0,viêm màng hoạt dịch khô mãn tính ở bàn tay và cổ tay
M70.1,viêm túi thanh mạc bàn tay
M70.2,viêm túi thanh mạc mỏm khủyu
M70.4,viêm túi thanh mạc trước xương bánh chè
M70.5,viêm túi thanh mạc khác ở khớp gối
M70.6,viêm túi thanh mạc mấu chuyển
M70.7,viêm túi thanh mạc khác ở háng
M70.8,các bệnh mô mềm khác liên quan đến vận động vận động quá mức và bị chèn ép
M70.9,các bệnh mô mềm không đặc hiệu liên quan đến vận động vận động quá mức và bị chèn ép
M71,các bệnh túi thanh mạc khác
M71.0,áp xe túi thanh mạc
M71.1,viêm túi thanh mạc nhiễm khuẩn khác
M71.3,kén nang túi thanh mạc khác
M71.4,lắng đọng can xi ở túi thanh mạc
M71.5,các chứng viêm túi thanh mạc khác không được xếp loại ở mục khác
M71.8,các bệnh túi thanh mạc đặc hiệu khác
O16,tăng huyê t a p ba me chưa xa c đi nh ro
O20,ra máu trong thời kỳ đầu thai nghén
O20.8,các ra máu khác trong thời kỳ đầu thai nghén
O20.9,ra máu trong thời kỳ đầu thai nghén không đặc hiệu
O21.0,nôn nghén thể trung bình
O21.1,nôn nghén có rối loạn chuyển hóa
O21.2,nôn muộn trong khi có thai
O21.8,các nôn khác gây biến chứng cho thai nghén
O22,biến chứng tĩnh mạch và trĩ trong khi có thai
O22.0,giãn tĩnh mạch chi dưới trong khi có thai
O22.1,giãn tĩnh mạch sinh dục trong khi có thai
O22.2,viêm tắc tĩnh mạch nông trong khi có thai
O22.3,viêm tắc tĩnh mạch sâu trong khi có thai
O22.5,huyết khối tĩnh mạch não trong khi có thai
O22.8,biến chứng tĩnh mạch khác trong khi có thai
O22.9,biến chứng tĩnh mạch trong khi có thai
O23.0,nhiễm khuẩn thận trong khi có thai
O23.1,nhiễm khuẩn bàng quang trong khi có thai
O23.2,nhiễm khuẩn niệu đạo trong khi có thai
O23.3,nhiễm khuẩn phần khác của đường tiết niệu trong khi có thai
O23.4,nhiễm khuẩn đường tiết niệu chưa xác định rõ trong khi có thai
O23.9,nhiễm khuẩn đường tiết niệu sinh dục khác và chưa xác định rõ trong lúc có thai
O24,đái tháo đường trong khi có thai
O24.0,đái tháo đường sẵn có lệ thuộc insulin
O24.1,đái tháo đường sẵn có không lệ thuộc insulin
O24.2,đái tháo đường sẵn có liên quan đến thiếu dinh dưỡng
O24.4,đái tháo đường tăng lên trong khi có thai
O24.9,đái tháo đường trong khi có thai chưa xác định rõ
O25,thiê u dinh dươ ng khi co thai
O26,chăm sóc bà mẹ vì những tình trạng khác chủ yếu liên quan đến thai nghén
O26.0,tăng cân nặng quá mức trong khi có thai
O26.2,chăm sóc thai nghén của sẩy thai liên tiếp
O26.3,có thai khi mang dụng cụ tử cung
O26.4,herpes và thai nghén
O26.6,các rối loạn tại gan trong khi có thai khi đẻ và sau khi đẻ
O26.7,giãn khớp mu trong khi có thai khi đẻ và sau khi đẻ
O26.8,các tình trạng xác định khác liên quan đến thai nghén
O26.9,các tình trạng liên quan đến thai nghén chưa xác định rõ
O28.0,dấu hiệu huyết học bất thường ở bà mẹ phát hiện khi khám thai
O28.1,dấu hiệu hóa sinh bất thường ở bà mẹ phát hiện khi khám thai
O28.2,dấu hiệu tế bào học bất thường ở bà mẹ phát hiện khi khám thai
O28.3,dấu hiệu siêu âm bất thường ở bà mẹ phát hiện khi khám thai
O28.4,dấu hiệu x quang bất thường ở bà mẹ phát hiện khi khám thai
O28.5,dấu hiệu nhiễm sắc thể và di truyền bất thường ở bà mẹ phát hiện khi khám thai
O28.8,dấu hiệu bất thường khác ở bà mẹ phát hiện khi khám thai
R76.8,các kết quả miễn dịch bất thường đặc hiệu khác của huyết thanh
R77,bất thường khác về protein huyết tương
R77.0,bất thường của albumin
R77.1,bất thường của globulin
R77.2,bất thường của alphafetoprotein
R77.8,bất thường đặc hiệu khác của protein huyết tương
R77.9,bất thường của protein huyết tương không đặc hiệu
R78.0,phát hiện có rượu trong máu
R78.1,phát hiện các chế phâ m thuô c phiện trong máu
R78.2,phát hiện cocain trong máu
R78.3,phát hiện chất gây ảo giác trong máu
R78.4,phát hiện các chất khác có khả năng gây nghiện trong máu
R78.5,phát hiện các chất hướng thần trong máu
R78.6,phát hiện chất stieroid trong máu
R78.8,phát hiện các chất đặc hiệu khác mà bình thường không có trong máu
R78.9,phát hiện chất không xác định mà bình thường không có trong máu
R79,các phát hiện sinh hóa máu bất thường khác
R79.0,bất thường nồng độ khoáng chất trong máu
R79.8,các phát hiện bất thường đặc hiệu khác về hóa sịnh máu
R79.9,phát hiện bất thường về hóa sinh máu không đặc hiệu
R80,protein niê u riêng le
R82,các phát hiện bất thường khác về nước tiểu
R82.0,dưỡng chấp niệu
R82.2,đái sắc tố mật
R82.3,haemoglobin niệu
R82.5,tăng nồng độ thuô c dươ c phâ m sinh ho c cao trong nước tiểu
R82.6,nồng độ bất thường của các chất có nguồn chủ yếu không dược liệu
P02.6,thai nhi và trẻ sơ sinh bị ảnh hưởng do các tình trạng bệnh lý khác chưa xác định của dây rốn
P02.7,thai nhi và trẻ sơ sinh bị ảnh hưởng do nhiễm khuẩn ối
P02.8,thai nhi và trẻ sơ sinh bị ảnh hưởng do các bất thường khác của màng rau
P02.9,thai nhi và trẻ sơ sinh bị ảnh hưởng do các bất thường của màng rau chưa xác định
P03,thai nhi và trẻ sơ sinh bị ảnh hưởng do các biến chứng của chuyển dạ và cuộc đẻ
P03.0,thai nhi và trẻ sơ sinh bị ảnh hưởng do đẻ và kéo thai trong ngôi mông
P03.1,thai nhi và trẻ sơ sinh bị ảnh hưởng do ngôi thế bất thường bất tương xứng trong chuyển dạ và trong đẻ
P03.2,thai nhi và trẻ sơ sinh bị ảnh hưởng do đẻ foóc xép
P03.3,thai nhi và trẻ sơ sinh bị ảnh hưởng do đẻ bằng giác hút
P03.4,thai nhi và trẻ sơ sinh bị ảnh hưởng do mổ lấy thai
P03.5,thai nhi và trẻ sơ sinh bị ảnh hưởng do đẻ quá nhanh
P03.6,thai nhi và trẻ sơ sinh bị ảnh hưởng do cơn co tử cung bất thường
P03.8,thai nhi và trẻ sơ sinh bị ảnh hưởng do các biến chứng khác được xác định của chuyển dạ và cuộc đẻ
P03.9,thai nhi và trẻ sơ sinh bị ảnh hưởng do các biến chứng chưa xác định của chuyển dạ và cuộc đẻ
P04,thai nhi và trẻ sơ sinh bị ảnh hưởng do độc tố truyền qua bánh rau hoặc qua sữa mẹ
P04.1,thai nhi và trẻ sơ sinh bị ảnh hưởng do người mẹ dùng các thuốc khác
P04.2,thai nhi và trẻ sơ sinh bị ảnh hưởng do người mẹ hút thuốc lá
P04.3,thai nhi và trẻ sơ sinh bị ảnh hưởng do người mẹ dùng rượu
P04.4,thai nhi và trẻ sơ sinh bị ảnh hưởng do người mẹ nghiện thuốc
P04.5,thai nhi và trẻ sơ sinh bị ảnh hưởng do người mẹ sử dụng các hóa chất trong thực phẩm
P04.6,thai nhi và trẻ sơ sinh bị ảnh hưởng do người mẹ có tiếp xúc với các hóa chất trong môi trường
P04.8,thai nhi và trẻ sơ sinh bị ảnh hưởng do các độc tố khác từ mẹ
P04.9,thai nhi và trẻ sơ sinh bị ảnh hưởng do các độc tố khác từ mẹ chưa xác định
P05,thai nhi chậm phát triển và thai suy dinh dưỡng
P05.0,nhẹ cân so với tuổi thai
P05.1,nhỏ so với tuổi thai
P05.9,thai chậm phát triển chưa xác định
P07,các rối loạn liên quan đến đẻ non và nhẹ cân lúc đẻ chưa phân loại nơi khác
P07.0,trẻ có cân nặng cực thấp
P07.1,trẻ nhẹ cân khác
P07.2,trẻ cực non
P07.3,trẻ đẻ non khác
P08,rối loạn liên quan đến thai già tháng và trẻ nặng cân
P08.1,trẻ nặng cân khác so với tuổi thai
P08.2,trẻ già tháng nhưng không nặng so với tuổi thai
P10.0,chảy máu dưới màng cứng do chấn thương khi sinh
P10.1,chảy máu não do chấn thương khi sinh
P10.2,chảy máu trong não thất do chấn thương khi sinh
P10.3,chảy máu dưới màng nhện do chấn thương khi sinh
P10.4,rách lều não do chấn thương khi sinh
P10.9,rách vỡ và chảy máu nội sọ do chấn thương khi sinh chưa xác định
P11,các chấn thương hệ thần kinh trung ương khi sinh
P11.0,phù não do chấn thương khi sinh
P11.1,tổn thương não khác được xác định do chấn thương khi sinh
P11.2,tổn thương não chưa xác định do chấn thương khi sinh
Q34.9,bất thường bẩm sinh bộ máy hô hấp không đặc hiệu
Q35,khe hở vòm miệng
Q35.0,khe hở vòm miệng cứng hai bên
Q35.1,khe hở vòm miệng cứng
Q35.2,khe hở phần mềm hai bên
Q35.3,khe hở vòm miệng mềm
Q35.4,khe hở vòm miệng cứng và mềm hai bên
Q35.5,khe hở vòm miệng cứng và mềm
Q35.7,khe hở lưỡi gà
Q35.8,khe hở vòm miệng không đặc hiệu hai bên
Q35.9,khe hở vòm miệng không đặc hiệu một bên
Q36.0,khe hở môi hai bên
Q36.1,khe hở giữa môi
Q37,khe hở vòm miệng cùng với khe hở môi
Q37.0,khe hở vòm miệng cứng và môi hai bên
Q37.1,khe hở vòm miệng cứng và môi một bên
Q37.3,khe hở vòm miệng mềm và môi một bên
Q37.4,khe hở vòm miệng cứng mềm và môi hai bên
M71.9,bệnh túi thanh mạc không đặc hiệu
M72.0,bệnh xơ cân gan tay dupuytren
M72.1,u đầu xương bàn tay
M72.2,bệnh xơ cân gan chân
M72.4,bệnh xơ giả sacôm
M72.5,viêm cân không được xếp loại ở nơi khác
M72.9,bệnh nguyên bào sợi không đặc hiệu
M73,các bệnh mô mềm trong những bệnh được xếp loại ở mục khác
M73.8,các rối loạn mô mềm khác trong những bệnh được xếp loại ở mục khác
M75,tổn thương vai
M75.2,viêm gân cơ nhị đầu
M75.3,viêm gân vôi hóa ở vai
M75.4,hội chứng chèn ép vùng vai
M75.5,viêm túi thanh mạc ở vai
M75.9,tổn thương vai không đặc hiệu
M76,bệnh điểm bám gân dây chằng ở chi dưới không kể bàn chân
M76.0,viêm gân ở vùng mông
M76.2,gai xương ở mào chậu
M76.3,hội chứng dải xơ chậu chày maissiat
M76.4,viêm túi thanh mạc bên của xương chày pellegrini stieda
M76.5,viêm gân bánh chè
M76.9,bệnh điểm bám gân dây chằng chi dưới không đặc hiệu
M77,các bệnh điểm bám gân dây chằng khác
M77.0,viêm điểm bám gân lồi cầu trong xương cánh tay
M77.2,viêm quanh khớp cổ tay
M77.3,gai xương gót
M77.4,đau xương đốt bàn chân
M77.5,các bệnh điểm bám gân dây chằng bàn chân khác
M77.8,các bệnh điểm bám gân dây chằng khác không được xếp loại ở mục khác
M79,bệnh khác của mô mềm chưa xếp loại mục khác
M79.0,bệnh thấp khớp không đặc hiệu
M79.1,đau cơ
M79.2,đau dây thần kinh và viêm dây thần kinh không đặc hiệu
M79.3,viêm mô mỡ dưới da không đặc hiệu
M79.5,dị vật tồn tại trong mô mềm
M79.6,đau ở một chi
M79.8,các bệnh lý đặc hiệu khác của mô mềm
M80,loãng xương có kèm gẫy xương bệnh lý
M80.0,loãng xương sau mãn kinh có kèm gẫy xương bệnh lý
M80.1,loãng xương sau cắt buồng trứng có kèm gẫy xương bệnh lý
M80.2,loãng xương do bất động có kèm gẫy xương bệnh lý
M80.3,loãng xương do kém hấp thu sau phẫu thuật có kèm gẫy xương bệnh lý
M80.8,các loãng xương khác có kèm gẫy xương bệnh lý
M80.9,loãng xương không đặc hiệu có kèm gẫy xương bệnh lý
M81,loãng xương không kèm gẫy xương bệnh lý
M81.0,loãng xương sau mãn kinh
M81.1,loãng xương sau cắt buồng trứng
M81.3,loãng xương do rối loạn hấp thu sau phẫu thuật
M81.4,loãng xương do dùng thuốc
M81.5,loãng xương tự phát
M81.6,loãng xương khu trú
M81.9,loãng xương không đặc hiệu
O28.9,dấu hiệu bất thường ở bà mẹ phát hiện khi khám thai chưa xác định rõ
O29,các biến chứng của gây mê trong thời gian thai nghén
O29.0,biến chứng ở phổi do gây mê khi có thai
O29.1,biến chứng tim của gây mê trong khi có thai
P25.0,tràn khí tổ chức kẽ phổi xuất phát từ giai đoạn chu sinh
P25.1,tràn khí màng phổi chu sinh
P25.2,tràn khí trung thất chu sinh
P25.3,tràn khí màng tim chu sinh
P25.8,các bệnh lý khác liên quan đến tràn khí tô chức kẽ phổi chu sinh
P26,chảy máu phổi chu sinh
P26.0,chảy máu khí phế quản chu sinh
P26.1,chảy máu phổi nặng chu sinh
P26.8,các chảy máu phổi khác chu sinh
P26.9,các chảy máu phổi chu sinh chưa xác định
P27,bệnh hô hấp mãn tính xuất phát từ giai đoạn chu sinh
P27.0,hội chứng wilson mikity
P27.1,loạn sản phế quản phổi xuất phát từ giai đoạn chu sinh
P27.8,các bệnh phổi mãn tính khác xuất phát từ giai đoạn chu sinh
P27.9,các bệnh phổi mãn tính không được định rõ xuất phát trong giai đoạn chu sinh
P28,các bệnh lý hô hấp khác xuất phát từ giai đoạn chu sinh
P28.0,xẹp phổi nguyên phát của trẻ sơ sinh
P28.1,xẹp phổi khác và không xác định của trẻ sơ sinh
P28.10,xẹp phổi không chỉ rõ của trẻ sơ sinh
P28.11,xẹp phổi hấp thu lại không có hội chứng suy hô hấp
P28.19,xẹp phổi khác của trẻ sơ sinh
P28.2,cơn tím tái của trẻ sơ sinh
P28.3,ngừng thở khi ngủ nguyên phát của trẻ sơ sinh
P28.4,ngừng thở khác của trẻ sơ sinh
P28.5,suy hô hấp của trẻ sơ sinh
P28.8,các bệnh lý hô hấp xác định rõ khác của trẻ sơ sinh
P28.9,bệnh lý hô hấp của trẻ sơ sinh chưa xác định
P29,rối loạn tim mạch xuất phát từ thời kỳ chu sinh
P29.0,suy tim sơ sinh
P29.1,loạn nhịp tim sơ sinh
P29.11,nhịp tim nhanh ở trẻ mới đẻ
P29.12,nhịp tim chậm ở trẻ mới đẻ
P29.3,tồn tại tuần hoàn thai nhi
P29.4,thiếu máu cơ tim thóang qua của trẻ sơ sinh
P29.8,các rối loạn tim mạch khác xuất phát từ thời kỳ chu sinh
P35,bệnh nhiễm virus bẩm sinh
P35.0,hội chứng rubêon bẩm sinh
P35.1,nhiễm virus cự bào bẩm sinh
P35.2,nhiễm virus herpes bẩm sinh
P35.3,viêm gan virus bẩm sinh
P35.8,các bệnh virus bẩm sinh khác
P35.9,bệnh virus bẩm sinh chưa xác định
P36.0,nhiễm khuẩn sơ sinh do liên cầu nhóm b
P36.1,nhiễm khuẩn sơ sinh do các liên cầu khác không được định rõ
P36.10,nhiễm khuẩn sơ sinh do các liên cầu không chỉ rõ
P36.2,nhiễm khuẩn sơ sinh do tụ cầu vàng
K14.1,lưỡi bản đồ
K14.2,viêm lưỡi dạng thoi
K14.3,phì đại gai lưỡi
K14.4,teo gai lưỡi
K14.6,đau lưỡi
K14.8,bệnh khác của lưỡi
K20,viêm thư c qua n
K21,bệnh trào ngược dạ dày thực quản
K21.0,bệnh trào ngược dạ dày thực quản với viêm thực quản
K22,bệnh khác của thực quản
K22.0,mất khả năng giãn của tâm vị
K22.1,loét thực quản
K22.2,tắc nghẽn thực quản
K22.3,thủng thực quản
K22.4,rối loạn vận động thực quản
K22.6,hội chứng rách chảy máu thực quản dạ dày
K22.8,bệnh đặc hiệu khác của thực quản
K22.9,bệnh thực quản không đặc hiệu
K23,rối loạn thực quản trong bệnh phân loại nơi khác
K23.1,phình thực quản trong bệnh chagas b57 3
K23.8,rối loạn thực quản trong bệnh phân loại nơi khác
K25,loe t dạ dày
K26,loe t ta tra ng
K27,loe t da da y ta tra ng vi tri không đă c hiê u
K28,loét dạ dày hỗng tràng
L05.01,áp xe u nang lông
Q37.5,khe hở vòm miệng cứng mềm và môi một bên
Q37.8,khe hở vòm miệng không xác định và khe hở môi hai bên
Q38,các dị tật bẩm sinh khác của lưỡi miệng và họng
Q38.0,các dị tật bẩm sinh của môi không phân loại ở mục khác
Q38.1,dính lưỡi
Q38.2,lưỡi to
Q38.3,các dị tật bẩm sinh khác của lưỡi
Q38.4,các dị tật bẩm sinh của các tuyến và ống dẫn nước bọt
Q38.6,các dị tật bẩm sinh khác của miệng
Q38.7,túi họng
Q38.8,các dị tật bẩm sinh khác của họng
Q39,các dị tật bẩm sinh của thực quản
Q39.0,teo thực quản không có đường rò
Q39.1,teo thực quản có đường rò thực quản khí quản
Q39.3,hẹp và hẹp khít thực quản bẩm sinh
Q39.4,màng ngăn thực quản
Q39.5,dãn thực quản bẩm sinh
Q39.6,túi thừa thực quản
Q39.8,các dị tật bẩm sinh khác của thực quản
Q39.9,dị tật bẩm sinh của thực quản không đặc hiệu
Q40,các dị tật bẩm sinh khác của đường tiêu hóa trên
Q40.1,thóat vị khe thực quản bẩm sinh
Q40.2,các dị tật bẩm sinh đặc hiệu khác của dạ dày
Q40.3,dị tật bẩm sinh của dạ dày không đặc hiệu
Q40.8,các dị tật bẩm sinh đặc hiệu khác của đường tiêu hóa trên
Q40.9,dị tật bẩm sinh không đặc hiệu của đường tiêu hóa trên
Q41,không có teo và hẹp bẩm sinh tiểu tràng
Q41.1,không có teo và hẹp hỗng tràng bẩm sinh
Q41.2,không có teo và hẹp hồi tràng bẩm sinh
Q41.8,không có teo và hẹp mọt phần tiểu tràng xác định khác bẩm sinh
Q41.9,không có teo và hẹp tiểu tràng phần không đặc hiệu
Q42.0,không có teo và hẹp bẩm sinh trực tràng có đường rò
Q42.1,không có teo và hẹp bẩm sinh trực tràng không có đường rò
Q42.2,không có teo và hẹp bẩm sinh hậu môn có đường rò
Q42.3,không có teo và hẹp bẩm sinh hậu môn không có đường rò
Q42.8,không có teo và hẹp bẩm sinh các phần khác của đại tràng
Q43,các dị tật bẩm sinh khác của ruột
Q43.0,túi thừa meckel
Q43.1,bệnh hirschsprung
Q97,bất thường nhiễm sắc thể giới tính khác kiểu hình nữ không xếp loại được ở chỗ khác
Q97.0,kiểu nhiễm sắc thể 47 xxx
Q97.2,thể khảm dòng có nhiễm sắc thể x khác nhau
Q97.3,nữ có kiểu nhiễm sắc thể 46 xy
Q97.8,kiểu hình nữ có bất thường nhiễm sắc thể giới tính đặc hiệu khác
Q97.9,kiểu hình nữ có bất thường nhiễm sắc thể giới tính không đặc hiệu
Q98.0,hội chứng kilne feiter với kiểu nhiễm sắc thể 47 xxy
Q98.1,hội chứng kilne feiter nam có hơn 2 nhiễm sắc thể x
Q98.2,hội chứng kilne feiter nam có kiểu nhiễm sắc thể 46 xx
M82,loãng xương trong các bệnh đã xếp loại ở mục khác
M82.0,loãng xương trong bệnh đa u tủy xương c90 0
M82.8,loãng xương trong các bệnh khác đã xếp loại
M83,nhuyễn xương người lớn
M83.1,nhuyễn xương tuổi già
M83.2,nhuyễn xương người lớn do rối loạn hấp thu
M83.4,bệnh nhiễm nhôm almunium xương
M83.5,các bệnh nhuyễn xương khác ở người lớn do dùng thuốc
M83.8,các bệnh nhuyễn xương khác ở người lớn
M83.9,các bệnh nhuyễn xương ở người lớn không đặc hiệu
M84,các rối loạn về sự liên tục của xương
M84.1,gẫy xương không liền khớp giả
M84.2,gẫy xương chậm liền
M84.3,gẫy xương do vi chấn chưa xếp loại ở mục khác
M84.9,các rối loạn khác về sự liên tục của xương không đặc hiệu
M85.0,loạn sản xơ xương khu trú
M85.1,bệnh nhiễm fluo xương
M85.2,quá sản xương sọ
M85.4,nang xương đơn độc
M85.5,nang phình mạch của xương
M85.6,các nang khác của xương
N30.1,viêm bàng quang kẽ mạn
M85.9,các rối loạn về mật độ và cấu trúc của xương không đặc hiệu
M86,viêm xương tủy
M86.0,viêm xương tủy theo đường máu cấp tính
M86.1,các bệnh viêm xương tủy cấp khác
M86.2,viêm xương tủy bán cấp
M86.3,viêm xương tủy mãn tính nhiều ổ
M86.4,viêm xương tủy mãn tính có đường rò
M86.5,viêm xương tủy do bệnh máu mãn tínhkhác
M86.6,viêm xương tủy mãn tính khác
M86.9,viêm xương tủy không đặc hiệu
M87,hoại tử xương
M87.0,bệnh hoại tử vô mạch tự phát của xương
M87.2,hoại tử xương do chấn thương từ trước
M87.3,hoại tử xương thứ phát khác
M87.8,hoại tử xương khác
M88,bệnh paget viêm xương biến dạng
M88.0,bệnh paget xương sọ
M88.8,bệnh paget của các xương khác
M89,rối loạn khác của xương
M89.0,hội chứng loạn dưỡng thần kinh đau
M89.1,không phát triển đầu xương
M89.2,các rối loạn khác về sự phát triển và tăng trưởng của xương
M89.3,phì đại xương
M89.5,tiêu xương
M89.6,bệnh xương sau viêm tủy xám bại liệt
M89.8,các rối loạn đặc hiệu khác của xương
M89.9,các rối loạn xương không đặc hiệu
M90,bệnh xương trong các bệnh đã xếp loại mục khác
P36.3,nhiễm khuẩn sơ sinh do các tụ cầu khác không được định rõ
P36.30,nhiễm khuẩn sơ sinh do các tụ cầu không chỉ rõ
P36.39,nhiễm khuẩn sơ sinh do các tụ cầu khác
P36.4,nhiễm khuẩn sơ sinh do e coli
P36.5,nhiễm khuẩn sơ sinh do vi khuẩn kỵ khí
P36.8,nhiễm các vi khuẩn khác của trẻ sơ sinh
P36.9,nhiễm khuẩn không được định rõ của trẻ sơ sinh
P37,bệnh nhiễm khuẩn và ký sinh trùng bẩm sinh khác
P37.0,lao bẩm sinh
P37.1,toxoplasma bẩm sinh
P37.2,listeria bẩm sinh rải rác
P37.3,sốt rét falciparum bẩm sinh
P37.4,sốt rét bẩm sinh khác
Q64.11,vết nứt trên bàng quang của bàng quang
Q64.19,bàng quang lộn ra ngoài
Q64.2,van niệu đạo sau bẩm sinh
Q64.3,teo và hẹp niệu đạo và cổ bàng quang bẩm sinh khác
Q64.4,dị tật ống niệu rốn
Q64.6,túi thừa bẩm sinh của bàng quang
Q64.7,các dị tật bẩm sinh khác của bàng quang và niệu đạo
Q64.70,các dị tật bẩm sinh không xác định của bàng quang và niệu đạo
Q64.71,sa niệu đạo bẩm sinh
Q64.72,sa lỗ tiểu bẩm sinh
Q64.74,niệu đạo đôi
Q64.75,lỗ đái đôi
Q64.79,các dị tật bẩm sinh khác của bàng quang và niệu đạo
Q64.8,các dị tật bẩm sinh đặc hiệu khác của hệ tiết niệu
Q65,biến dạng bẩm sinh của khớp háng
Q65.0,trật khớp háng bẩm sinh một bên
Q65.00,trật khớp háng bẩm sinh một bên không xác định bên
Q65.01,trật khớp háng bẩm sinh háng bên phải
Q65.02,trật khớp háng bẩm sinh háng bên trái
Q65.2,trật khớp háng bẩm sinh không đặc hiệu
Q65.3,sai khớp háng nhẹ bẩm sinh một bên
Q65.30,trật khớp háng bẩm sinh một phần một bên không xác định bên
Q65.31,trật khớp háng bẩm sinh một phần bên phải
Q65.4,sai khớp háng nhẹ bẩm sinh hai bên
Q65.5,sai khớp háng nhẹ bẩm sinh không đặc hiệu
Q65.6,khớp háng không ổn định
Q65.8,các biến dạng bẩm sinh khác của khớp háng
Q66,các biến dạng bẩm sinh của bàn chân
Q66.0,bàn chân khoèo
Q66.1,bàn chân gót vẹo vào trong
Q66.2,xương đốt bàn chân vẹo vào trong
Q66.3,các biến dạng vẹo vào trong bẩm sinh khác của bàn chân
Q66.5,bàn chân bẹt bẩm sinh
Q66.6,các biến dạng vẹo ra bẩm sinh khác của bàn chân
Q66.7,bàn chân lõm
Q66.8,các biến dạng bẩm sinh khác của bàn chân
Q67,các biến dạng cơ xương bẩm sinh của đầu mặt cột sống và ngực
Q67.0,mất cân đối mặt
Q67.1,mặt bị ép
Q67.2,đầu dài
Q67.3,tật sọ nghiêng
M08.4,viêm khớp trẻ em thể ít khớp
M08.8,các viêm khớp trẻ em khác
M09,viêm khớp thiếu niên trong các bệnh được xếp ở mục khác
Q98.3,nam khác với kiểu nhiễm sắc thể 46 xx
Q98.4,hội chứng kilne feiter không đặc hiệu
Q98.5,kiểu nhiễm sắc thể 47 xyy
Q98.6,nam có cấu trúc nhiễm sắc thể giới tính bất thường
Q98.7,nam có thể khảm nhiễm sắc thể giới tính
Q98.8,các bất thường đặc hiệu của nhiễm sắc thể giới tính kiểu hình nam
Q98.9,bất thường nhiễm sắc thể giới tính kiểu hiện nam không đặc hiệu
Q99,bất thường nhiễm sắc thể khác không xếp loại chỗ khác
Q99.1,lưỡng tính thật 46 xx
Q99.2,nhiễm sắc thể x dễ gẫy
Q99.8,bất thường nhiễm sắc thể đặc hiệu khác
R00,bất thường của nhịp tim
R00.0,nhịp nhanh tim không đặc hiệu
R00.1,nhịp tim chậm không đặc hiệu
R00.2,đánh trống ngực
R00.8,bất thường không xác định và các bất thường khác của nhịp tim
R01.0,tiếng rì rào tim lành tính và không hại
R01.1,tiếng thổi tim không đặc hiệu
R01.2,tiếng tim khác
R02,hoa i thư chưa đươ c phân loa i ơ nơi kha c
R03.0,số đo huyết áp tăng không chẩn đoán cao huyết áp
R03.1,số đo huyết áp thấp không xác định
R04,chảy máu đường hô hấp
R04.0,chảy máu cam
R04.1,chảy máu họng
R04.8,chảy máu các vị trí khác của đường hô hấp
R04.9,chảy máu đường hô hấp không đặc hiệu
R06,bất thường về thở
R06.1,thở rít
R06.2,thở khò khè
R06.4,tăng thông khí
R06.5,thở bằng miệng
R06.7,hắt hơi
R06.8,bất thường không xác định và bất thường khác về nhịp thở
R07.0,đau tại họng
R07.1,đau ngực khi thở
R07.3,đau ngực khác
R07.4,đau ngực không đặc hiệu
R09,triệu chứng và dấu hiệu khác liên quan tới hệ tuần hoàn và hô hấp
R09.1,viêm màng phổi
R09.3,đờm bất thường
R09.8,các triệu chứng và dấu hiệu đặc hiệu khác liên quan tới hệ tuần hoàn và hô hấp
R10.0,bụng cấp
R10.1,đau bụng khu trú bụng trên
R10.2,đau vùng chậu và đáy chậu
R10.4,đau bụng không xác định và đau bụng khác
R11,buô n nôn va nôn
R12,no ng ra t ngư c
R13,kho nuô t
R14,đâ y hơi va ca c ti nh tra ng liên quan
R16,gan to và lá lách to chưa được phân loại ở phần khác
M90.1,viêm màng xương trong các bệnh nhiễm khuẩn khác đã phân loại ở nơi khác
M90.2,bệnh xương trong các bệnh nhiễm khuẩn khác đã xếp loại ở mục khác
M90.3,hoại tử xương trong bệnh khí nén thùng thợ lặn t70 3
M90.4,hoại tử xương do bệnh huyết cầu tố d50 d64
M90.5,hoại tử xương trong các bệnh khác đã xếp loại ở mục khác
M90.8,bệnh lý xương trong các bệnh khác đã xếp loại ở mục khác
M91,hư điểm cốt hóa tại khớp háng và khung chậu ở trẻ em
M91.0,hư điểm cốt hóa tại khung chậu ở trẻ em
M91.1,hư điểm cốt hóa chỏm xương đùi ở trẻ em legg calvé pethès
M91.2,khớp háng dẹt
M91.3,giả lao khớp háng
M91.8,hư điểm cốt hóa tại khớp háng và khung chậu khác ở trẻ em
M92,hư điểm cốt hóa khác ở trẻ em
M92.0,hư điểm cốt hóa ở trẻ em ở xương cánh tay
M92.1,hư điểm cốt hóa ở trẻ em ở xương quay và xương trụ
M92.2,hư điểm cốt hóa ở trẻ em ở tay
M92.3,hư điểm cốt hóa khác ở trẻ em ở chi trên
M92.4,hư điểm cốt hóa ở trẻ em ở xương bánh chè
M92.5,hư điểm cốt hóa ở trẻ em ở xương chày và xương mác
M92.7,hư điểm cốt hóa ở trẻ em ở xương bàn chân
M92.9,hư điểm cốt hóa ở trẻ em khác không đặc hiệu
M93,các bệnh xương sụn khác
M93.0,trượt đầu trên xương đùi không do chấn thương
M93.1,bệnh kienbock ở người lớn
M93.8,các bệnh xương sụn đặc hiệu khác
M93.9,các bệnh xương sụn không đặc hiệu
M94,các bệnh lý khác của sụn
M94.1,viêm đa sụn hay tái phát
M94.2,nhuyễn sụn
M94.3,tiêu sụn
M94.9,các bệnh sụn không đặc hiệu
M95.0,biến dạng mắc phải của mũi
M95.1,vành tai sùi
M95.2,biến dạng mắc phải khác của đầu
M95.4,biến dạng mắc phải của lồng ngực và sườn
M95.5,biến dạng mắc phải của khung chậu
M95.8,các biến dạng mắc phải đặc hiệukhác của hệ cơ xương khớp
M95.9,các biến dạng mắc phải không đặc hiệu của hệ cơ xương khớp
M96,các bệnh lý của hệ cơ xương khớp sau can thiệp không xếp loại ở mục khác
M96.1,hội chứng sau cắt cung sau không xếp loại ở mục khác
M96.2,gù sau chiếu tia xạ
M96.3,gù sau cắt cung sau
M96.4,ưỡn cột sống thắt lưng sau phẫu thuật
M96.6,gẫy xương sau chỉnh hình thay thế sau lắp khớp giả hay sau tạo xương nhân tạo
M96.8,các bệnh ký khác của hệ cơ xương khớp sau thủ thuật
M96.9,các bệnh lý của hệ cơ xương khớp sau can thiệp không đặc hiệu
M99,các tổn thương sinh cơ học không xếp loại ở mục khác
M99.1,bán trật khớp từng khối của cột sống
Q67.5,biến dạng cột sống bẩm sinh
Q67.6,ngực lõm
Q67.7,ngực lồi
Q67.8,các biến dạng bẩm sinh khác của ngực
Q68,các biến dạng cơ xương bẩm sinh khác
Q68.1,biến dạng bẩm sinh của bàn tay
Q68.2,biến dạng bẩm sinh của đầu gối
Q68.3,cong xương đùi bẩm sinh
Q68.4,xương chầy và xương mác cong bẩm sinh
Q68.8,các biến dạng cơ xương bẩm sinh đặc hiệu khác
Q69,tật đa ngón
Q69.0,ngón tay phụ
Q69.1,ngón cái phụ
Q69.2,các ngón chân phụ
Q69.9,tật đa ngón không đặc hiệu
Q70,tật dính ngón
Q70.0,các ngón dính nhau
Q70.1,ngón mảng da
Q70.2,dính các ngón chân
Q70.3,tật dính da ngón đơn thuần không có dính xương
Q70.4,dính nhiều ngón
Q70.9,tật dính ngón không đặc hiệu
Q71,các khuyết tật thiếu hụt của chi trên
O29.2,biến chứng hệ thống thần kinh trung ương của gây mê trong khi có thai
O29.3,phản ứng ngộ độc do gây tê tại chỗ trong khi có thai
O29.4,đau đầu do gây tê tủy sống và ngoài màng cứng trong khi có thai
O29.5,biến chứng khác của gây tê tủy sống và ngoài màng cứng trong khi có thai
O29.6,không đặt được hay khó đặt nội khí quản trong khi có thai
O29.8,biến chứng khác của gây mê trong khi có thai
O29.9,các biến chứng khác của gây mê trong khi có thai chưa xác định rõ
O30,đa thai
O30.0,song thai
O30.1,thai ba
O30.2,thai tư
O30.9,đa thai chưa xác định rõ
O31,biến chứng xác định của đa thai
O31.1,thai nghén tiếp tục tiến triển sau khi sẩy một hay nhiều thai
O31.2,thai nghén tiếp tục tiến triển sau khi một hay nhiều thai bị chết lưu
O32,chăm sóc bà mẹ vì ngôi thai bất thường hay nghi ngờ bất thường
O32.0,chăm sóc bà mẹ vì ngôi thai không ổn định
O32.1,chăm sóc bà mẹ vì ngôi mông
O32.2,chăm sóc bà mẹ vì ngôi ngang hay ngôi chếch
O32.4,chăm sóc bà mẹ vì ngôi đầu cao lỏng khi đủ tháng
O32.5,chăm sóc bà mẹ vì đa thai trong đó một hay nhiều thai có ngôi bất thường
O32.6,chăm sóc bà mẹ vì ngôi thai chờm vệ
O32.8,chăm sóc bà mẹ vì ngôi thai bất thường khác
O32.9,chăm sóc bà mẹ vì ngôi thai bất thường chưa xác định rõ
O33,chăm sóc bà mẹ vì bất tương xứng hay nghi ngờ có bất tương xứng
O33.1,chăm sóc bà mẹ vì bất tương xứng do khung chậu hẹp toàn bộ
O33.2,chăm sóc bà mẹ vì bất tương xứng do hẹp eo trên
O33.3,chăm sóc bà mẹ vì bất tương xứng do hẹp eo dưới
K32,xuất huyết tiêu hóa
K32.0,xuất huyết tiêu hóa cao
K40.5,thoát vị bẹn tái phát bên phải
M99.2,hẹp ống sống do bán trật khớp
M99.3,hẹp ống sống do tổn thương xương
M99.4,hẹp ống sống do tổn thương mô liên kết
M99.5,hẹp ống sống do tổn thương đĩa gian đốt
M99.6,hẹp khoang liên đốt do cốt hóa và bán trật khớp
M99.8,các tổn thương sinh cơ học khác
M99.9,tổn thương sinh cơ học không đặc hiệu
N00,hô i chư ng viêm câ u thâ n câ p
N01,hô i chư ng viêm thâ n tiê n triê n nhanh
N02,đa i ma u dai dă ng va ta i pha t
N04,hô i chư ng thâ n hư
N05,hô i chư ng viêm thâ n không đă c hiê u
N06,protein niê u đơn đô c vơ i tô n thương hi nh tha i đă c hiê u
N07,bê nh thâ n di truyê n chưa phân loa i ơ nơi kha c
N08.0,biến đổi cầu thận trong bệnh nhiễm khuẩn và ký sinh trùng phân loại nơi khác
N08.1,biến đổi cầu thận trong các bệnh tân sinh
N08.2,biến đổi cầu thận trong bệnh máu và các rối loạn liên quan cơ chế miễn dịch
N08.3,biến đổi cầu thận trong đái tháo đường e10 e14 with common fourth character 2
N08.5,biến đổi cầu thận trong các bệnh mô liên kết hệ thống
N10,viêm mô kẽ ống thận cấp
N11,viêm mô kẽ ống thận mạn
N11.0,viêm thận bể thận mạn do trào ngược không tắc nghẽn
N11.1,viêm thận bể thận mạn do tắc nghẽn
N11.8,viêm mô kẽ ống thận mạn khác
N11.9,viêm mô kẽ ống thận mạn không đặc hiệu
N12,viêm mô kẽ ống thận không xác định cấp hay mạn
N13,bệnh tiết niệu trào ngược và tắc nghẽn
N13.0,thận ứ nước do chít hẹp khúc nối bể thận niệu quản
N13.2,thận ứ nước do sỏi thận và niệu quản gây tắc nghẽn
N13.3,thận ứ nước khác và không đặc hiệu
N13.4,niệu quản ứ nước
N13.5,niệu quản gấp khúc và chít hẹp không gây ứ nước thận
N13.6,thận ứ mủ
N13.7,bệnh tiết niệu kèm theo trào ngược bàng quang niệu quản
N13.8,bệnh tiết niệu trào ngược và tắc nghẽn khác
N13.9,bệnh tiết niệu trào ngược và tắc nghẽn không đặc hiệu
N14.0,bệnh thận do thuốc giảm đau
N14.1,bệnh thận do thuốc chất sinh học và cách chữa trị khác
N14.2,bệnh thận do thuốc chất sinh học và cách chữa trị không xác định
N14.3,bệnh thận do kim loại nặng
N14.4,bệnh thận nhiễm độc không phân loại nơi khác
N15,các bệnh kẽ ống thận khác
N15.1,áp xe thận và quanh thận
N15.8,bệnh kẽ ống thận xác định khác
N15.9,bệnh kẽ ống thận không đặc hiệu
O33.4,chăm sóc bà mẹ vì bất tương xứng có nguồn gốc phối hợp cả mẹ và thai
O33.5,chăm sóc bà mẹ vì bất tương xứng do thai to bất thường
O33.6,chăm sóc bà mẹ vì bất tương xứng do thai bị não úng thủy
O33.7,chăm sóc bà mẹ vì bất tương xứng do các dị dạng của thai khác
O33.9,chăm sóc bà mẹ vì bất tương xứng chưa xác định rõ
O34,chăm sóc bà mẹ vì tử cung bị dị dạng bẩm sinh
O34.0,chăm sóc bà mẹ vì tử cung bị dị dạng bẩm sinh
O34.1,chăm sóc bà mẹ vì khối u của thân tử cung
O34.2,chăm sóc bà mẹ vì tử cung có sẹo mổ trước đó
O34.3,chăm sóc bà mẹ bị hở eo tử cung
O34.5,chăm sóc bà mẹ vì các bất thường khác của tử cung có thai
O34.6,chăm sóc bà mẹ vì bất thường của âm đạo
O34.7,chăm sóc bà mẹ vì bất thường của âm hộ và tầng sinh môn
O34.8,chăm sóc bà mẹ vì các bất thường khác của các tạng trong tiểu khung
O34.9,chăm sóc bà mẹ vì các bất thường của các tạng trong tiểu khung chưa xác định rõ
O35,chăm sóc bà mẹ chỉ các bất thường thương tổn của thai hay nghi ngờ
O35.0,chăm sóc bà mẹ vì dị dạng hay nghi ngờ dị dạng hệ thống thần kinh trung ương của thai
O35.1,chăm sóc bà mẹ vì bất thường hay nghi ngờ bất thường nhiễm sắc thể của thai
O35.3,chăm sóc bà mẹ vì tổn thương thai do bệnh virus của mẹ hay nghi ngờ
P37.5,nấm candida bẩm sinh
P37.8,bệnh nhiễm khuẩn và ký sinh trùng được định rõ khác
P37.9,bệnh nhiễm khuẩn và ký sinh trùng không được định rõ
P38,viêm rốn trẻ sơ sinh có hoặc không có chảy máu mức độ nhẹ
P39,nhiễm khuẩn đặc hiệu khác trong thời kỳ chu sinh
P39.0,viêm vú nhiễm khuẩn trẻ sơ sinh
P39.1,viêm kết mạc và ống dẫn lệ của trẻ sơ sinh
P39.3,nhiễm khuẩn đường tiết niệu trẻ sơ sinh
P39.4,nhiễm khuẩn da trẻ sơ sinh
P39.8,nhiễm khuẩn được định rõ khác đặc hiệu cho giai đoạn chu sinh
P39.9,nhiễm khuẩn không được định rõ khác đặc hiệu cho giai đoạn chu sinh
P50,mất máu thai
P50.0,mất máu thai vì mạch máu tiền đạo
P50.2,mất máu thai từ rau
P50.4,chảy máu vào tuần hoàn người mẹ
P50.5,mất máu thai do cắt vào dây rốn chung của thai sinh đôi
P50.8,mất máu thai khác
P51,chảy máu rốn của trẻ sơ sinh
P51.0,chảy máu rốn nặng của trẻ sơ sinh
P51.8,chảy máu rốn khác của trẻ sơ sinh
P52,chảy máu nội sọ không do chấn thương của thai nhi và trẻ sơ sinh
P52.0,chảy máu trong não thất không chấn thương độ 1 của thai nhi và trẻ sơ sinh
P52.1,chảy máu trong não thất không chấn thương độ 2 của thai nhi và trẻ sơ sinh
P52.2,chảy máu trong não thất không chấn thương độ 3 của thai nhi và trẻ sơ sinh
J98.5,bệnh của trung thất không phân loại nơi khác
J98.6,bệnh của cơ hoành
J98.9,bệnh hô hấp không phân loại
J99,bệnh hô hấp trong các bệnh được phân loại nơi khác
J99.0,bệnh phổi dạng thấp m05 1
J99.1,bệnh hô hấp trong các bệnh mô liên kết lan toả khác
K00,rối loạn phát triển răng và mọc răng
K00.0,không đủ răng
K00.1,răng thừa
K00.2,bất thường kích thước và hình dạng răng
K00.3,răng lốm đốm
K00.4,rối loạn tạo răng
K00.6,rối loạn mọc răng
K00.7,hội chứng mọc răng
K00.8,rối loạn khác về phát triển răng
K00.9,rối loạn phát triển răng không đặc hiệu
K01,răng mọc kẹt và răng ngầm
K01.0,răng ngầm
K02,sâu răng
K02.0,sâu giới hạn ở men
K02.2,sâu chất xương
K02.3,sâu răng ngưng tiến triển
K02.8,sâu răng khác
K02.9,sâu răng không đặc hiệu
K03.0,mòn răng quá mức
K03.1,mòn răng
K03.2,mòn răng
K03.3,tiêu răng bệnh lý
K03.5,cứng khớp răng
K03.6,cặn lắng tăng tích tụ trên răng
K03.9,bệnh mô cứng của răng không đặc hiệu
K04,bệnh tủy và mô quanh chân răng
K04.0,viêm tủy
K04.1,hoại tử tủy
K04.2,thoái hóa tủy
K04.4,viêm nha chu chân răng cấp có nguồn gốc tủy
K04.5,viêm nha chu chân răng mãn
K04.6,áp xe quanh chân răng có ổ
K04.8,nang có cuống
K04.9,bệnh tủy và mô quanh chân răng khác và không xác định
K05,viêm nướu và bệnh nha chu
K05.0,viêm nướu cấp
K05.2,viêm nha chu cấp
K05.3,viêm nha chu mãn
K05.4,thoái hóa nha chu
K05.6,bệnh nha chu không đặc hiệu
K06,rối loạn khác của nướu và sóng hàm vùng mất răng
K06.1,lơ i sưng
K06.2,châ n thương nướu răng và nang sô ng hàm liên quan đến chấn thương
K06.8,rối loạn đă c hiê u khác của nướu và sô ng hàm
K07,bâ t thươ ng ha m mă t bao gồm khớp cắn lệch
K07.0,bất thường chu yê u của kích thước xương hàm
K07.1,bất thường co liên quan nền sọ xương hàm
K07.2,bâ t thươ ng liên quan đê n cung răng
K07.3,vi tri răng bâ t thươ ng
K07.4,khơ p că n lê ch không xa c đi nh
K07.5,bâ t thươ ng chư c năng ha m mă t
K07.8,ca c bâ t thươ ng ha m mă t kha c
N16.0,biến đổi kẽ ống thận trong bệnh nhiễm khuẩn và ký sinh trùng đã được phân loại ở phần khác
N16.1,biến đổi kẽ ống thận trong bệnh tân sinh
N16.2,biến đổi kẽ ống thận trong các bệnh máu và các rối loạn liên quan đến cơ chế miễn dịch
N16.4,biến đổi kẽ ống thận trong các rối loạn mô liên kết hệ thống
N16.5,biến đổi kẽ ống thận trong thải ghép t86
N16.8,biến đổi kẽ ống thận trong các bệnh khác phân loại nơi khác
N17,suy thận cấp
N17.0,suy thận cấp có hoại tử ống thận
N17.2,suy thận cấp có hoại tử tủy thận
N17.8,suy thận cấp khác
N17.9,suy thận cấp không đặc hiệu
N18,suy thận mạn
N18.0,bệnh thận giai đoạn cuối
N18.9,suy thận mạn không đặc hiệu
N19,suy thận không đặc hiệu
N20.0,sỏi thận
N20.1,sỏi niệu quản
N20.2,sỏi thận và sỏi niệu quản
N21,sỏi đường tiết niệu dưới
N21.0,sỏi bàng quang
N21.1,sỏi niệu đạo
N21.8,sỏi đường tiết niệu dưới khác
N22,sỏi đường tiết niệu trong các bệnh đã phân loại nơi khác
N22.0,sỏi tiết niệu trong bệnh sán máng b65
N22.8,sỏi đường tiết niệu trong các bệnh khác đã phân loại nơi khác
N23,cơn đau quặn thận không đặc hiệu
N25,rối loạn do suy giảm chức năng ống thận
N25.1,đái tháo nhạt do thận
N25.8,các rối loạn khác do suy giảm chức năng ống thận
N25.9,rối loạn do suy giảm chức năng ống thận không đặc hiệu
N27,thận teo nhỏ không rõ nguyên nhân
N27.0,thận teo nhỏ một bên
N27.1,thận teo nhỏ hai bên
N28,các biến đổi khác của thận và niệu quản chưa được phân loại
N28.0,thiếu máu và nhồi máu thận
N28.1,nang thận mắc phải
N28.9,biến đổi của thận và niệu quản không đặc hiệu
N29,các biến đổi khác của thận và niệu quản trong các bệnh đã được phân loại ở phần khác
N29.0,giang mai muộn ở thận a52 7
N29.1,các biến đổi khác của thận và niệu quản trong các bệnh nhiễm khuẩn và ký sinh trùng đã phân loại nơi khác
N29.8,các biến đổi khác của thận và niệu quản trong các bệnh khác phân loại nơi khác
N30,viêm bàng quang
N30.2,viêm bàng quang mạn khác
N30.3,viêm tam giác bàng quang
N30.4,viêm bàng quang do tia xạ
N30.9,viêm bàng quang không đặc hiệu
N31,rối loạn chức năng thần kinh cơ bàng quang không phân loại nơi khác
N31.0,bàng quang thần kinh không được ức chế không phân loại nơi khác
P52.3,chảy máu trong não thất không chấn thương không được định rõ của thai nhi và trẻ sơ sinh
P52.4,chảy máu trong não không chấn thương của thai nhi và trẻ sơ sinh
P52.6,chảy máu tiểu não không chấn thương và hố sau của thai nhi và trẻ sơ sinh
P52.8,chảy máu nội sọ khác không chấn thương của thai nhi và trẻ sơ sinh
P52.9,chảy máu nội sọ không chấn thương không được định rõ của thai nhi và trẻ sơ sinh
P53,bê nh cha y ma u cu a thai nhi va tre sơ sinh
P54,các chảy máu sơ sinh khác
P54.0,nôn ra máu sơ sinh
P54.1,ỉa ra máu
P54.3,chảy máu dạ dày ruột khác của trẻ sơ sinh
P54.4,chảy máu thượng thận trẻ sơ sinh
P54.5,xuất huyết dưới da của trẻ sơ sinh
P54.6,chảy máu âm đạo của trẻ sơ sinh
P54.9,chảy máu sơ sinh không được định rõ
P55,bệnh huyết tán của bào thai và trẻ sơ sinh
P55.0,huyết tán do bất đồng nhóm máu rh của mẹ và thai nhi trẻ sơ sinh
P55.1,huyết tán do bất đồng nhóm máu abo của mẹ và thai nhi trẻ sơ sinh
P55.9,bệnh huyết tán của thai và trẻ sơ sinh chưa xác định
P56,phù thai do bệnh huyết tán
P56.0,phù thai do miễn dịch đồng loại
P56.9,phù thai do bệnh lý huyết tán khác và chưa xác định
P57.0,vàng da nhân xám do bất đồng miễn dịch
P57.8,vàng da nhân xám được định rõ khác
P57.9,vàng da nhân xám chưa xác định
P58,vàng da sơ sinh do huyết tán quá mức
P58.0,vàng da sơ sinh do bầm tím
P58.1,vàng da sơ sinh do chảy máu
P58.2,vàng da sơ sinh do nhiễm khuẩn
P58.3,vàng da sơ sinh do đa hồng cầu
Q71.0,thiếu toàn bộ chi trên bẩm sinh
Q71.1,tật thiếu cánh cẳng tay bẩm sinh có bàn tay
Q71.2,tật thiếu cả hai bàn tay và cẳng tay bẩm sinh
Q71.3,tật thiếu bàn tay và ngón tay bẩm sinh
Q71.4,khuyết tật thiếu hụt theo chiều dài xương quay
Q71.5,khuyết tật thiếu hụt theo chiều dài xương trụ
Q71.6,bàn tay hình càng cua
Q71.8,các khuyết tật thiếu hụt khác của chi trên
Q72,các khuyết tật thiếu hụt của chi dưới
Q72.0,thiếu hoàn toàn chi dưới bẩm sinh
Q72.1,tật thiếu đùi và cẳng chân có bàn chân bẩm sinh
Q72.2,tật thiếu cẳng chân và bàn chân bẩm sinh
Q72.3,tật thiếu bàn chân và ngón chân bẩm sinh
Q72.4,khuyết tật thiếu hụt theo chiều dài của xương đùi
Q72.6,khuyết tật thiếu hụt theo chiều dài xương mác
Q72.7,bàn chân chẻ
Q72.8,các khuyết tật thiếu hụt khác của chi dưới
Q72.9,các khuyết tật thiếu hụt khác của chi dưới không đặc hiệu
Q73,các khuyết tật thiếu hụt của chi không đặc hiệu
J01.00,viêm xoang hàm cấp không xác định
J01.01,viêm xoang hàm cấp tái phát
J01.11,viêm xoang trán cấp tái phát
K07.9,bâ t thươ ng ha m mă t không xa c đi nh
K08,bệnh khác của răng và cấu trúc nâng dỡ
K08.0,mẻ răng do nguyên nhân hệ thống
K08.2,teo ổ chân răng
K08.3,chân răng còn sót
K08.8,bê nh đă c hiê u kha c cu a răng va câ u tru c nâng đơ
K08.9,bệnh của răng và cấu trúc nâng đỡ không đặc hiệu
K09,nang vùng miệng không phân loại nơi khác
K80.50,sỏi đường mật không có viêm đường mật hoặc viêm túi mật không tắc mật
K80.51,sỏi mật không có viêm đường mật hay viêm túi mật
N31.2,bàng quang thần kinh mất trương lực không phân loại nơi khác
N31.8,rối loạn chức năng thần kinh cơ bàng quang khác
N31.9,rối loạn chức năng thần kinh cơ bàng quang không đặc hiệu
N32,các rối loạn khác của bàng quang
N32.0,chít hẹp cổ bàng quang
N32.1,rò bàng quang ruột
N32.3,túi thừa bàng quang
N32.4,vỡ bàng quang không do chấn thương
N32.8,các rối loạn xác định khác của bàng quang
N32.9,rối loạn bàng quang không đặc hiệu
N33.8,rối loạn bàng quang trong các bệnh khác phân loại nơi khác
N34,viêm niệu đạo và hội chứng niệu đạo
N34.0,áp xe niệu đạo
N34.1,viêm niệu đạo không đặc hiệu
N34.2,viêm niệu đạo khác
N35.0,hẹp niệu đạo sau chấn thương
N35.1,hẹp niệu đạo sau nhiễm khuẩn không phân loại nơi khác
N35.9,hẹp niệu đạo không đặc hiệu
N36,các biến đổi khác của niệu đạo
N36.0,rò niệu đạo
N36.2,núm niệu đạo
N36.3,sa niêm mạc niệu đạo
N36.9,biến đổi niệu đạo không đặc hiệu
N37.0,viêm niệu đạo trong các bệnh đã được phân loại ở phần khác
N37.8,biến đổi niệu đạo khác trong các bệnh đã được phân loại ở phần khác
N39,biến đổi khác của hệ tiết niệu
N39.0,nhiễm khuẩn hệ tiết niệu vị trí không đặc hiệu
N39.2,protein niệu tiểu đạm tư thế không đặc hiệu
N39.3,tiểu không kiểm soát do stress
N39.4,tiểu không kiểm soát xác định khác
N39.8,biến đổi xác định khác của hệ tiết niệu
N40,tăng sa n xuâ t tuyê n tiê n liê t
N41,các bệnh viêm tuyến tiền liệt
N41.0,viêm tuyến tiền liệt cấp
N41.1,viêm tuyến tiền liệt mạn
N41.2,áp xe tuyến tiền liệt
N41.8,bệnh viêm khác của tuyến tiền liệt
N41.9,bệnh viêm tuyến tiền liệt không đặc hiệu
N42,biến đổi khác của tuyến tiền liệt
N42.0,sỏi tuyến tiền liệt
N42.2,teo tuyến tiền liệt
N42.8,biến đổi xác định khác của tuyến tiền liệt
N42.9,biến đổi của tuyến tiền liệt không đặc hiệu
N43,tràn dịch màng tinh hoàn và nang mào tinh hoàn
N43.0,tràn dịch màng tinh nang hoá
N43.1,tràn dịch màng tinh hoàn nhiễm khuẩn
N43.2,tràn dịch màng tinh hoàn khác
N44,xoă n tinh hoa n
N45,viêm tinh hoàn và viêm mào tinh hoàn
N45.0,viêm tinh hoàn viêm mào tinh hoàn và viêm tinh hoàn mào tinh hoàn có áp xe
Q73.0,khuyết chi không đặc hiệu bẩm sinh
Q73.1,khuyết tật giống hải cẩu các chi không đặc hiệu
Q74,các dị tật bẩm sinh khác của chi
Q74.0,các dị tật bẩm sinh khác của chi trên kể cả vòng ngực
Q74.1,dị tật bẩm sinh của gối
Q74.2,các dị tật bẩm sinh khác của chi dưới kể cả đai chậu
Q74.3,co cứng đa khớp bẩm sinh
Q74.9,dị tật bẩm sinh không đặc hiệu của chi
Q75,các dị tật bẩm sinh khác của xương sọ và xương mặt
Q75.0,liền sớm khớp sọ
Q75.1,loạn phát xương sọ mặt
Q75.2,chứng quá cách xa
Q75.4,loạn phát xương mắt hàm
Q75.5,loạn phát xương mặt hàm
Q75.9,dị tật bẩm sinh của xương sọ và xương mặt
Q76,các dị tật bẩm sinh của xương sống và xương lồng ngực
Q76.0,đốt sống tách đôi kín đáo
Q76.1,hội chứng klippel feil
Q76.2,chứng trượt đốt sống bẩm sinh
Q76.4,các dị tật bẩm sinh khác của xương sống không liên quan đến vẹo cột sống
Q76.5,xương sườn cổ
Q76.6,các dị tật bẩm sinh khác ở vùng cổ
Q76.7,dị tật bẩm sinh của xương ức
Q76.8,các dị tật bẩm sinh khác của xương ngực
Q77,loạn sản xương sụn với các khuyết tật trưởng thành của các xương ống và cột sống
Q77.0,vô sản sụn
Q77.1,tầm vóc ngắn
Q77.2,hội chứng xương sườn ngắn
Q77.3,loạn sản sụn từng đám nhỏ
Q77.4,vô sản sụn
Q77.6,loạn sản sụn ngoại bì
Q77.7,loạn sản đầu đốt xương cột sống
Q77.8,các loạn sản xương sụn khác với các khuyết tật trưởng thành của các xương ống và cột sống
Q77.9,các loạn sản xương sụn với các khuyết tật trưởng thành của các xương ống và cột sống không đặc hiệu
Q78,các loạn sản xương sụn khác
Q78.0,quá trình tạo xương không hoàn toàn
Q78.1,loạn sản sợi đa xương
Q78.2,xương hóa đá
Q78.3,loạn sản thân xương tiến triển
Q78.4,loạn sản nội sụn
Q78.5,loạn sản hành xương
Q78.6,lồi xương bẩm sinh nhiều nơi
O35.4,chăm sóc bà mẹ vì tổn thương thai hay nghi ngờ tổn thương thai do rượu
O35.5,chăm sóc bà mẹ vì tổn thương thai hay nghi ngờ tổn thương thai do thuốc
O35.6,chăm sóc bà mẹ vì tổn thương thai hay nghi ngờ tổn thương thai do tia xạ
O35.7,chăm sóc bà mẹ vì tổn thương thai hay nghi ngờ tổn thương thai do các thủ thuật y học khác
O35.8,chăm sóc bà mẹ vì bất thường tổn thương thai hay nghi ngờ khác
O35.9,chăm sóc bà mẹ vì bất thường tổn thương thai hay nghi ngờ tổn thương thai khác chưa xác định rõ
O36.0,chăm sóc bà mẹ vì miễn dịch đồng loại rh
L40.50,vảy nến thể khớp không xác định
L40.51,bệnh khớp khác do vảy nến ở phần liên đốt xa ngón tay
L40.52,viêm khớp hoại tủ vảy nến
L40.54,bệnh khớp ở thiếu niên do vảy nến
L40.59,bệnh khớp khác do vảy nến
M00.08,viêm khớp do tụ cầu khuẩn ở xương sống
M00.09,viêm đa khớp do tụ cầu khuẩn
M00.10,viêm khớp do phế cầu không xác định khớp
M00.11,viêm khớp do phế cầu ở vai
M00.12,viêm khớp do phế cầu ở khuỷu tay
M00.13,viêm khớp do phế cầu ở cổ tay viêm khớp do phế cầu ở cổ tay viêm khớp do phế cầu ở các xương cổ tay
M00.14,viêm khớp do phế cầu ở bàn tay viêm khớp do phế cầu ở xương bàn tay và xương ngón tay
M00.15,viêm khớp do phế cầu ở háng
M00.16,viêm khớp do phế cầu ở gối
M00.17,viêm khớp do phế cầu ở cổ chân và bàn chân viêm khớp do phế cầu ở xương cổ chân xương bàn chân và xương ngón chân
M00.19,viêm đa khớp do phế cầu
M01.5,viêm khớp trong nhiễm một số virus đã được xếp loại ở mục khác
M01.6,viêm khớp do nấm b35 b49
M01.8,viêm khớp trong một số bệnh nhiễm khuẩn và ký sinh vật được xếp loại ở mục khác
M02,viêm khớp phản ứng
M02.0,bệnh khớp sau mổ chuyển đoạn ruột
M02.1,bệnh khớp sau lỵ
M02.2,bệnh khớp sau tiêm vaccin
M02.8,bệnh viêm khớp phản ứng khác
M02.9,bệnh viêm khớp phản ứng không đặc hiệu
M03,bệnh khớp sau nhiễm khuẩn và bệnh khớp phản ứng được xếp loại ở mục khác
M03.2,bệnh khớp sau nhiễm khuẩn khác được xếp loại ở mục khác
M05,viêm khớp dạng thấp huyết thanh dương tính
N45.9,viêm tinh hoàn mào tinh hoàn và viêm tinh hoàn mào tinh hoàn không có áp xe
N46.01,không có tinh trùng cơ quan
N46.02,không có tinh trùng trong tinh dịch do nguyên nhân không do tinh hoàn
N46.12,thiếu tinh trùng do nguyên nhân ngoài tinh hoàn
N47,bao quy đầu dài hẹp bao quy đầu và nghẹt bao quy đầu
N48,biến đổi khác của dương vật
N48.1,viêm quy đầu bao quy đầu
N48.2,biến đổi viêm khác của dương vật
N48.3,cương đau dương vật kéo dài
N48.5,loét dương vật
N48.6,xơ cứng dương vật
N48.8,biến đổi xác định khác của dương vật
N48.9,biến đổi của dương vật không đặc hiệu
N49.0,viêm túi tinh
N49.1,viêm thừng tinh màng tinh và ống tinh
N49.2,viêm bìu
N49.8,viêm của cơ quan sinh dục nam khác
N49.9,viêm cơ quan sinh dục nam không đặc hiệu
N50.0,teo tinh hoàn
N50.1,rối loạn mạch máu của cơ quan sinh dục nam
N50.8,biến đổi khác của cơ quan sinh dục nam
N50.9,biến đổi của cơ quan sinh dục nam không đặc hiệu
N51,biến đổi cơ quan sinh dục nam trong các bệnh đã được phân loại ở phần khác
N51.1,biến đổi của tinh hoàn và mào tinh hoàn trong các bệnh đã được phân loại ở phần khác
N51.2,viêm quy đầu trong các bệnh đã được phân loại ở phần khác
N51.8,biến đổi khác của cơ quan sinh dục nam trong các bệnh đã được phân loại ở phần khác
N60,loạn sản vú lành tính
N60.0,nang đơn vú
N60.00,nang đơn vú của vú nữ không xác định vị trí
N60.01,nang đơn vú của vú nữ bên phải
N60.02,nang đơn vú của vú nữ bên trái
N60.04,nang đơn vú của vú nam bên trái
N60.05,nang đơn vú của vú nam không xác định bên
N60.1,nang lan toả vú
N60.10,nang lan toả vú nữ không xác định vị trí
N60.12,nang lan toả vú nữ bên trái
N60.13,nang lan toả vú nam bên phải
N60.14,nang lan toả vú nam bên trái
N60.2,u xơ tuyến vú
N60.20,u xơ tuyến vú không xác định vị trí
N60.21,u xơ tuyến vú nữ bên phải
N60.22,u xơ tuyến vú nữ bên trái
N60.23,u xơ tuyến vú nam bên phải
N60.25,u xơ tuyến vú nam không xác định bên
N60.3,xơ teo tuyến vú
N60.30,xơ teo tuyến vú nữ không xác định bên
N60.32,xơ teo tuyến vú nữ bên trái
N60.33,xơ teo tuyến vú nam bên phải
N60.34,xơ teo tuyến vú nam bên trái
N60.35,xơ teo tuyến vú nam không xác định bên
N60.4,giãn ống tuyến vú
N60.40,giảm ống tuyến vú nữ không xác định bên
O36.1,chăm sóc bà mẹ vì miễn dịch đồng loại khác
O36.2,chăm sóc bà mẹ vì phù thai
O36.3,chăm sóc bà mẹ vì dấu hiệu thiếu oxy thai
O36.4,chăm sóc bà mẹ vì thai chết lưu trong tử cung
O36.5,chăm sóc bà mẹ vì thai kém phát triển
O36.7,chăm sóc bà mẹ vì thai có thể sống được trong chửa trong ổ bụng
O36.8,chăm sóc bà mẹ vì các vấn đề xác định khác của thai
O36.9,chăm sóc bà mẹ vì các vấn đề của thai chưa xác định rõ
O40,đa ô i
O41.0,thiểu ối
O41.1,nhiễm khuẩn ối và màng ối
O41.8,các rối loạn xác định khác của nước ối và màng ối
O41.9,rối loạn của màng ối và nước ối chưa xác định rõ
O42,vỡ ối sớm
O42.1,vỡ ối sớm xuất hiện chuyển dạ sau 24 giờ
O42.2,vỡ ối sớm có điều trị để làm chậm chuyển dạ
O42.9,vỡ ối sớm chưa xác định rõ
O43,bệnh lý bánh rau
O43.0,hội chứng truyền máu qua bánh rau
O43.8,bệnh lý khác của bánh rau
O43.9,bệnh lý bánh rau chưa xác định rõ
O44.0,rau tiền đạo không có chảy máu
O44.1,rau tiền đạo có chảy máu
O45,rau bong non
O45.8,rau bong non khác
O45.9,rau bong non khác chưa rõ
O46,chảy máu trước đẻ chưa được phân loại
O46.0,chảy máu trước đẻ do thiếu hụt yếu tố đông máu
O46.9,chảy máu trước đẻ chưa xác định rõ
O47,chuyển dạ giả
O47.0,chuyển dạ giả trước tuần thứ 37
O47.9,chuyển dạ giả chưa xác định rõ
O48,thai qua nga y sinh
O60,chuyển dạ sớm và đẻ
O61,khởi phát chuyển dạ thất bại
O61.0,gây chuyển dạ bằng thuốc thất bại
O61.8,gây chuyển dạ bị thất bại khác
O61.9,gây chuyển dạ bị thất bại chưa xác định rõ
O62,bất thường về động lực chuyển dạ
O62.1,cơn co tử cung yếu thứ phát
O62.3,chuyển dạ nhanh
O62.4,cơn co tử cung tăng trương lực không đồng bộ và kéo dài
O62.8,bất thường khác của động lực chuyển dạ
O62.9,bất thường chưa xác định rõ của động lực chuyển dạ
O63,chuyển dạ kéo dài
O63.0,giai đoạn đầu của chuyển dạ kéo dài
O63.1,giai đoạn thứ hai của chuyển dạ kéo dài
O63.2,chậm đẻ thai thứ hai thứ ba
O63.9,chuyển dạ kéo dài chưa xác định rõ
O64,chuyển dạ đình trệ do ngôi và thế của thai bất thường
P58.8,vàng da sơ sinh do huyết tán quá mức được định rõ khác
P58.9,vàng da sơ sinh do huyết tán quá mức không được định rõ
P59,vàng da sơ sinh do các nguyên nhân khác và nguyên nhân không được định rõ
M05.0,hội chứng felty
M05.2,viêm mạch trong bệnh lý thấp khớp
M05.3,viêm khớp dạng thấp có tổn thương các tạng liên quan
M05.8,viêm khớp dạng thấp huyết thanh dương tính khác
M06,viêm khớp dạng thấp khác
M06.0,viêm khớp dạng thấp huyết thanh âm tính
M06.1,bệnh still khởi phát ở người lớn
M06.2,viêm bao hoạt dịch do thấp
M06.3,hạt nốt thấp dưới da
M06.4,viêm nhiều khớp
M06.9,viêm khớp dạng thấp không đặc hiệu
M07,bệnh khớp vẩy nến và bệnh đường ruột
M07.1,viêm khớp có hủy khớp l40 5
M07.2,viêm cột sống vẩy nến l40 5
M07.4,bệnh khớp trong bệnh crohn viêm đoạn ruột k50
M07.5,bệnh khớp trong viêm loét đại tràng k51
M07.6,bệnh khớp trong bệnh đường ruột khác
M08,viêm khớp trẻ em
M08.0,viêm khớp dạng thấp trẻ em
M08.1,viêm cột sống dính khớp trẻ em
M08.2,viêm khớp trẻ em thể khởi đầu hệ thống
M08.3,viêm khớp trẻ em huyết thanh âm tính
I83.90,dãn tĩnh mạch không triệu chứng của chi dưới không xác định dãn tĩnh mạch nos
I83.91,dãn tĩnh mạch không triệu chứng của chi dưới bên phải
I83.93,dãn tĩnh mạch không triệu chứng của chi dưới hai bên
N60.41,giảm ống tuyến vú nữ bên phải
N60.42,giảm ống tuyến vú nữ bên trái
N60.43,giảm ống tuyến vú nam bên phải
N60.45,giảm ống tuyến vú nam không xác định bên
N60.8,loạn sản lành tính vú khác
N60.80,loạn sản lành tính vú khác vú nữ không xác định bên
N60.81,loạn sản lành tính vú khác vú nữ bên phải
N60.83,loạn sản lành tính vú khác vú nam bên phải
N60.84,loạn sản lành tính vú khác vú nam bên trái
N60.85,loạn sản lành tính vú khác vú nam không xác định bên
N60.9,loạn sản lành tính vú không đặc hiệu
N61,viêm vu
N63,khô i u không xa c đi nh ơ vu
N64,biến đổi khác ở vú
N64.1,hoại tử mỡ của vú
N64.2,teo vú
N64.3,tiết sữa không liên quan đến sinh đẻ
N64.5,dấu hiệu và triệu chứng khác ở vú
N64.9,biến đổi của vú không đặc hiệu
N70,viêm vòi và viêm buồng trứng
N70.0,viêm vòi và viêm buồng trứng cấp
N70.1,viêm vòi và viêm buồng trứng mạn
N71,viêm tử cung trừ cổ tử cung
N71.0,viêm tử cung cấp
N71.1,viêm tử cung mạn
N71.9,viêm tử cung không đặc hiệu
N73,các bệnh viêm vùng chậu nữ khác
N73.0,viêm mô cận tử cung và viêm mô tế bào vùng chậu
N73.1,viêm mô cận tử cung và viêm mô tế bào vùng chậu mạn
N73.3,viêm phúc mạc vùng chậu nữ cấp
N73.4,viêm phúc mạc vùng chậu nữ mạn
N73.5,viêm phúc mạc vùng chậu nữ không đặc hiệu
N73.6,dính phúc mạc vùng chậu nữ
N73.8,các bệnh viêm vùng chậu nữ xác định khác
N73.9,viêm vùng chậu nữ không đặc hiệu
N74.0,lao cổ tử cung a18 1
N74.1,viêm lao vùng chậu nữ a18 1
N74.2,viêm giang mai vùng chậu nữ a51 4 a52 7
N74.3,viêm lậu vùng chậu nữ a54 2
N74.4,viêm vùng chậu nữ do chlamydia a56 1
N74.8,viêm vùng chậu nữ trong các bệnh đã được phân loại ở phần khác
N75,bệnh của tuyến bartholin
N75.0,nang tuyến bartholin
N75.8,các bệnh khác của tuyến bartholin
N75.9,bệnh tuyến bartholin không đặc hiệu
N76,các viêm khác của âm đạo và âm hộ
N76.1,viêm âm đạo bán cấp và mạn
N76.2,viêm âm hộ cấp
N76.4,áp xe âm hộ
N76.5,loét âm đạo
N76.6,loét âm hộ
N76.8,viêm âm đạo và âm hộ xác định khác
N77.0,loét âm hộ trong các bệnh nhiễm khuẩn và ký sinh trùng phân loại nơi khác
P59.0,vàng da sơ sinh phối hợp với đẻ non
P59.2,vàng da sơ sinh vì các tổn thương tế bào gan khác và không đặc hiệu
P59.3,vàng da sơ sinh vì yếu tố ức chế của sữa mẹ
P59.8,vàng da sơ sinh vì những nguyên nhân đặc hiệu khác
P60,đông ma u ra i ra c trong lo ng ma ch cu a thai va tre sơ sinh
P61,các rối loạn huyết học chu sinh khác
P61.0,giảm tiểu cầu sơ sinh tạm thời
P61.1,đa hồng cầu sơ sinh
P61.3,thiếu máu bẩm sinh vì mất máu thai
P61.4,các thiếu máu bẩm sinh khác chưa phân loại nơi khác
P61.5,giảm bạch cầu đa nhân trung tính thóang quá của sơ sinh
P61.6,rối loạn đông máu khác thóang qua của sơ sinh
P61.9,các rối loạn huyết học sơ sinh không được định rõ
P70,các rối loạn chuyển hóa carbon hydrat thóang qua đặc hiệu với thai và trẻ sơ sinh
P70.0,hội chứng trẻ sơ sinh của bà mẹ bị đái tháo đường thai nghén
P70.1,hội chứng trẻ sơ sinh của bà mẹ bị đái tháo đường
P70.2,đái tháo đường sơ sinh
P70.3,hạ đường huyết sơ sinh do thầy thuốc
P70.8,các rối loạn tạm thời khác của chuyển hóa hydrat cacbon ở thai và trẻ sơ sinh
P70.9,rối loạn tạm thời không được định rõ của chuyển hóa cacbon hydrat ở thai và trẻ sơ sinh
P71,các rối loạn chuyển hóa calci và magie thóang qua của sơ sinh
P71.0,hạ calci máu khi dùng sữa bò của trẻ sơ sinh
P71.2,hạ magnesi máu của trẻ sơ sinh
P71.3,tetany sơ sinh không do thiếu calci và magie
P71.4,thiểu năng cận giáp tạm thời của trẻ sơ sinh
P71.8,các rối loạn tạm thời khác của chuyển hóa calci và magnesi ở trẻ sơ sinh
P72,các rối loạn nội tiết tạm thời khác của trẻ sơ sinh
P72.0,bướu giáp trạng sơ sinh không xếp loại ở chỗ khác
P72.1,cường năng giáp trạng tạm thời của trẻ sơ sinh
P72.2,rối loạn chức năng tuyến giáp tạm thời của trẻ sơ sinh không xếp loại ở chỗ khác
P72.8,các rối loạn nội tiết tạm thời đặc hiệu khác của trẻ sơ sinh
P72.9,các rối loạn nội tiết tạm thời không được định rõ
P74,các rối loạn chuyển hóa và điện giải tạm thời khác của trẻ sơ sinh
P74.0,toan chuyển hóa muộn của trẻ sơ sinh
P74.2,rối loạn cân bằng natri của trẻ sơ sinh
P74.3,rối loạn cân bằng kali của trẻ sơ sinh
P74.4,các rối loạn điện giải tạm thời khác của trẻ sơ sinh
P74.8,các rối loạn chuyển hóa tạm thời khác của trẻ sơ sinh
P74.9,các rối loạn chuyển hóa tạm thời không được định rõ của trẻ sơ sinh
P75,tă c ruô t phân xu trong bê nh xơ nang e84 1
P76,tắc ruột non khác của trẻ sơ sinh
P76.0,hội chứng nút phân su
P76.2,tắc ruột non do sữa đặc
P76.8,tắc ruột non được định rõ khác của trẻ sơ sinh
J01.20,viêm xoang sàng cấp không xác định
J01.21,viêm xoang sàng cấp tái phát
J01.30,viêm xoang bướm cấp không xác định
J01.31,viêm xoang bướm cấp tái phát
J01.40,viêm toàn bộ xoang cấp không xác định
J01.41,viêm toàn bộ các xoang tái phát
J01.81,viêm xoang cấp tái phát khác viêm xoang cấp tái phát trên nhiều hơn một xoang nhưng không phải là viêm toàn bộ các xoang
J01.90,viêm xoang cấp không xác định
J01.91,viêm xoang cấp tái phát không xác định
K09.0,nang răng phát triển
K09.2,nang khác của xương hàm
K09.8,nang khác ở vùng miệng không phân loại nơi khác
K09.9,nang vùng miệng không đặc hiệu
K10,bệnh khác của xương hàm
K10.1,u hạt tế bào khổng lồ trung tâm
K10.2,tình trạng viêm của xương hàm
K10.3,viêm ổ răng xương hàm
K10.4,áp xe hàm mặt do viêm ổ răng
K10.9,bệnh xương hàm không đặc hiệu
K11,bệnh tuyến nước bọt
K11.0,teo tuyến nước bọt
K11.2,viêm tuyến nước bọt
K11.3,áp xe tuyến nước bọt
K11.4,lỗ dò tuyến nước bọt
K11.6,nang nhầy của tuyến nước bọt
K11.7,rối loạn tiết nước bọt
K11.8,bệnh khác của tuyến nước bọt
K11.9,bệnh tuyến nước bọt không đặc hiệu
K12.0,loét miệng tái diễn
K12.1,dạng khác của viêm miệng
K12.2,viêm mô tế bào và áp xe của miệng
K13,bệnh khác của môi và niêm mạc miệng
K13.1,đau má và môi
K13.2,mảng trắng và rối loạn khác của thượng bì miệng bao gồm lưới
K13.4,u hạt và tô n thương dạng u hạt của niêm mạc miệng
K13.5,xơ hóa dưới niêm mạc miệng
K13.6,tăng sản do kích thích của niêm mạc miệng
K14,bệnh của lưỡi
K14.0,viêm lưỡi
N77.1,viêm âm đạo viêm âm hộ và viêm âm đạo âm hộ trong các bệnh nhiễm khuẩn và ký sinh trùng phân loại nơi khác
N77.8,viêm và loét âm đạo âm hộ trong các bệnh khác phân loại nơi khác
N80,bệnh lạc nội mạc tử cung
N80.0,bệnh lạc nội mạc tử cung
N80.1,bệnh lạc nội mạc tử cung ở buồng trứng
N80.2,bệnh lạc nội mạc tử cung ở vòi trứng
N80.4,bệnh lạc nội mạc tử cung ở vách trực tràng âm đạo và âm đạo
N80.5,bệnh lạc nội mạc tử cung ở ruột
N80.6,bệnh lạc nội mạc tử cung ở sẹo da
N80.8,bệnh lạc nội mạc tử cung khác
N80.9,bệnh lạc nội mạc tử cung không đặc hiệu
N81.0,sa niệu đạo nữ
N81.1,sa bàng quang
N81.3,sa hoàn toàn tử cung âm đạo
N81.4,sa tử cung âm đạo không đặc hiệu
N81.5,thóat vị ruột trong âm đạo
N81.6,sa trực tràng
N81.9,sa sinh dục nữ không đặc hiệu
N82,rò đường sinh dục nữ
N82.0,rò bàng quang âm đạo
N82.2,rò âm đạo vào ruột non
N82.3,rò âm đạo vào ruột già
N82.4,các rò đường sinh dục nữ ruột khác
N82.5,rò đường sinh dục nữ ra da
N82.8,các rò đường sinh dục nữ khác
N83,các biến đổi không do viêm của buồng trứng vòi trứng và dây chằng rộng
N83.0,u nang nang trứng
N83.1,u nang hoàng thể
N83.2,các u nang buồng trứng khác và không đặc hiệu
N83.4,thóat vị và sa buồng trứng và vòi trứng
N83.5,xoắn buồng trứng cuống trứng và vòi trứng
N83.6,vòi trứng ứ máu
N83.7,ứ máu dây chằng rộng
N83.8,các biến đổi không do viêm khác của buồng trứng vòi trứng và dây chằng rộng
N84,polyp đường sinh dục nữ
N84.0,polyp thân tử cung
N84.1,polyp cổ tử cung
N84.2,polyp âm đạo
N84.3,polyp âm hộ
N84.8,polyp các phần khác đường sinh dục nữ
N84.9,polyp đường sinh dục nữ không đặc hiệu
N85,các biến đổi không do viêm khác của tử cung trừ cổ tử cung
N85.1,tăng sản u tuyến nội mạc tử cung
N85.2,phì đại tử cung
N85.3,bán co tử cung
N85.5,lộn tử cung
N85.6,dính trong tử cung
N85.7,ứ máu tử cung
N85.9,biến đổi của tử cung không do viêm không đặc hiệu
N87,loạn sản cổ tử cung
N87.0,loạn sản nhẹ cổ tử cung
N87.1,loạn sản vừa cổ tử cung
N87.2,loạn sản nặng cổ tử cung không phân loại nơi khác
N88,các biến đổi không do viêm khác của cổ tử cung
N88.0,bạch sản cổ tử cung
P76.9,tắc ruột non không được định rõ của trẻ sơ sinh
R17,va ng da không xa c đi nh
R18,cô chươ ng
R19,triệu chứng và dấu hiệu khác liên quan tới hệ tiêu hóa và bụng
R19.0,sưng hoặc khối u trong bụng và vùng chậu hông
R19.1,tiếng ruột bất thường
R19.3,cứng bụng
R19.4,thay đổi thói quen của ruột
R19.5,bất thường khác của phân
R19.6,chứng hôi miệng
R20,rối loạn cảm giác da
R20.0,mất cảm giác da
R20.1,giảm cảm giác da
R20.2,dị cảm da
R20.3,tăng cảm giác
R20.8,rối loạn cảm giác da không xác định và các rối loạn khác của da
R21,ban va pha t ban không đă c hiê u
R22,sưng cục bộ khối cục ở da và tổ chức dưới da
R22.1,sưng khu trú khối và cục ở cổ
R22.2,sưng khu trú khối và cục ở thân mình
R22.3,sưng khu trú khối và cục ở chi trên
R22.7,sưng khu trú khối và cục ở nhiều vị trí
R22.9,sưng khu trú khối và cục không đặc hiệu
R23,các thay đổi khác của da
R23.0,da xanh tím
R23.2,chứng đỏ bừng mặt
R23.3,vết bầm tím xuất huyết ngẫu phát
R23.4,thay đổi hình thể da
R25,vận động không tự chủ bất thường
R25.0,bất thường vận động đầu
R25.1,rung không đặc hiệu
R25.2,chuột rút và co cứng
R25.8,vận động không tự chủ bất thường không xác định khác
R26,bất thường dáng đi và chuyển động
R26.0,dáng đi mất điều vận
R26.2,khó khăn khi đi chưa phân loại ở phần khác
R26.8,dáng đi và di chuyển bất thường không đặc hiệu
R27.0,mất điều vận không đặc hiệu
R27.8,thiếu phối hợp không xác định khác
R29,triệu chứng và dấu hiệu khác liên quan tới hệ thần kinh và cơ xương
R29.1,hội chứng co cứng màng não
R29.2,phản xạ bất thường
R29.4,chậu hông khoèo
R29.8,triệu chứng và dấu hiệu không xác định khác liên quan tới hệ thần kinh và cơ xương
R30.0,đái khó
R30.1,đau thắt bàng quang
R30.9,đái dắt đau không đặc hiệu
R32,tiê u tiê n mâ t tư chu không xa c đi nh
R33,bi đa i
R34,vô niê u va thiê u niê u
R35,đa niê u
R39,triệu chứng và dấu hiệu khác liên quan tới hệ tiết niệu
R39.0,tràn máu nước tiểu
R39.1,các khó khăn khác khi tiểu tiện
R39.8,triệu chứng và dấu hiệu không xác định khác liên quan tới hệ tiết niệu
R40,buồn ngủ ngẩn ngơ và hôn mê
R40.0,buồn ngủ
M16.11,viêm khớp xương nguyên phát một bên ở háng phải
M16.12,viêm khớp xương nguyên phát một bên ở háng trái
M16.30,viêm khớp xương một bên do loạn dưỡng háng ở háng không xác định
M16.31,viêm khớp xương một bên do loạn dưỡng háng ở háng phải
M16.32,viêm khớp xương một bên do loạn dưỡng háng ở háng trái
M16.51,viêm khớp xương một bên sau chấn thương ở háng phải
M16.52,viêm khớp xương một bên sau chấn thương ở háng trái
M17.10,viêm khớp xương nguyên phát một bên ở gối không xác định
M17.11,viêm khớp xương nguyên phát một bên ở gối phải
M17.30,viêm khớp xương sau chấn thương một bên ở gối không xác định
M17.31,viêm khớp xương sau chấn thương một bên ở gối phải
M17.32,viêm khớp xương sau chấn thương một bên ở gối trái
M31.30,bệnh u hạt wegener không tổn thương thận
M31.31,bệnh u hạt wegener có tổn thương thận
N88.1,rách cũ cổ tử cung
N88.2,hẹp và chít hẹp cổ tử cung
N88.4,cổ tử cung bị kéo dài do phì đại
N88.8,biến đổi không do viêm xác định khác của cổ tử cung
N88.9,biến đổi không do viêm của cổ tử cung không đặc hiệu
N89.0,loạn sản âm đạo nhẹ
N89.1,loạn sản âm đạo vừa
N89.2,loạn sản âm đạo nặng không phân loại nơi khác
N89.3,loạn sản âm đạo không đặc hiệu
N89.5,hẹp và tịt âm đạo
N89.6,vòng màng trinh hẹp
N89.7,ứ máu âm đạo
N89.8,các biến đổi không do viêm xác định khác của âm đạo
N89.9,biến đổi không do viêm của âm đạo không đặc hiệu
N90,biến đổi không do viêm khác của âm hộ và tầng sinh môn
N90.0,loạn sản nhẹ âm hộ
N90.1,loạn sản vừa âm hộ
N90.2,loạn sản nặng âm hộ không phân loại nơi khác
N90.3,loạn sản âm hộ không đặc hiệu
N90.4,bạch sản âm hộ
N90.5,teo âm hộ
N90.6,phì đại âm hộ
N90.7,nang âm hộ
N90.8,biến đổi không do viêm xác định khác của âm hộ và tầng sinh môn
N91,vô kinh thiểu kinh hiếm kinh
N91.1,vô kinh thứ phát
N92,kinh nguyệt nhiều hay xuất hiện và không đều
N92.0,kinh nguyệt nhiều và hay xuất hiện với chu kỳ đều
N92.1,kinh nguyệt nhiều và hay xảy ra với chu kỳ không đều
N92.2,rong kinh lúc dậy thì
N92.4,chảy máu nặng lúc tiền mãn kinh
N92.5,kinh nguyệt không đều khác
N92.6,kinh nguyệt không đều không đặc hiệu
N93.0,chảy máu sau tiếp xúc và giao hợp
N93.8,chảy máu bất thường xác định khác của tử cung và âm đạo
N93.9,chảy máu bất thường của tử cung và âm đạo không đặc hiệu
N94,đau và tình trạng khác liên quan đến cơ quan sinh dục nữ và chu kỳ kinh nguyệt
N94.0,đau vừa
N94.2,co đau âm đạo
N94.3,hội chứng căng thẳng trước khi thấy kinh
N94.4,đau kinh nguyên phát
N94.6,đau kinh không đặc hiệu
N94.8,các tình trạng xác định khác liên quan đến cơ quan sinh dục nữ và chu kỳ kinh nguyệt
N95,rối loạn mãn kinh và rối loạn chu mãn kinh
N95.0,chảy máu sau mãn kinh
N95.1,tình trạng mãn kinh nữ
N95.2,viêm teo âm đạo sau mãn kinh
N95.3,tình trạng liên quan đến mãn kinh nhân tạo
N95.9,rối loạn mãn kinh và chu mãn kinh không đặc hiệu
N96,hay sa y thai
N97.0,vô sinh nữ liên quan đến không rụng trứng
N97.1,vô sinh nữ do nguyên nhân vòi trứng
N97.3,vô sinh nữ do nguyên nhân cổ tử cung
N97.4,vô sinh nữ liên quan đến các yếu tố nam
R40.2,hôn mê không đặc hiệu
R41,triệu chứng và dấu hiệu khác liên quan đến chức năng nhận thức và tri giác
R41.0,mất định hướng không đặc hiệu
R41.1,quên thuận chiều
R41.2,quên ngược chiều
R41.3,các loại quên khác
R41.8,triệu chứng và dấu hiệu không xác định khác liên quan đến chức năng nhận thức và nhận biết
R42,hoa mă t va cho ng mă t
R43,rối loạn về mùi và vị
O64.0,chuyển dạ đình trệ do đầu thai quay không hoàn toàn
O64.1,chuyển dạ đình trệ do ngôi mông
O64.2,chuyển dạ đình trệ do ngôi mặt
O64.3,chuyển dạ đình trệ do ngôi trán
O64.4,chuyển dạ đình trệ do ngôi vai
O64.5,chuyển dạ đình trệ do ngôi thai chờm vệ
O64.8,chuyển dạ đình trệ do ngôi và thế bất thường khác
O64.9,chuyển dạ đình trệ do ngôi và thế bất thường chưa xác định rõ
O65,chuyển dạ đình trệ do khung chậu bất thường
O65.0,chuyển dạ đình trệ do khung chậu biến dạng
O65.1,chuyển dạ đình trệ do khung chậu hẹp toàn diện
O65.2,chuyển dạ đình trệ do hẹp eo trên
O65.3,chuyển dạ đình trệ do hẹp eo dưới và eo giữa
O65.4,chuyển dạ đình trệ do bất tương xứng thai khung chậu chưa xác định rõ
O65.5,chuyển dạ đình trệ do bất thường các tạng trong tiểu khung của mẹ
O65.8,chuyển dạ đình trệ do bất thường khác của khung chậu mẹ
O65.9,chuyển dạ đình trệ do bất thường khung chậu mẹ chưa xác định rõ
O66,chuyển dạ đình trệ khác
O66.0,chuyển dạ đình trệ do đẻ khó do vai
O66.1,chuyển dạ đình trệ do sinh đôi cản trở nhau
O66.3,chuyển dạ đình trệ do bất thường khác của thai
O66.4,nghiệm pháp chuyển dạ thất bại chưa xác định rõ
O66.5,đặt forcep hay giác hút thất bại chưa xác định rõ
O66.8,chuyển dạ đình trệ chỉ rõ khác
O66.9,chuyển dạ đình trệ chưa xác định rõ
O67.0,chảy máu trong đẻ do thiếu hụt yếu tố đông máu
O67.8,chảy máu trong đẻ khác
O67.9,chảy máu trong đẻ chưa xác định rõ
O68,chuyển dạ và đẻ có biến chứng suy thai
O68.0,chuyển dạ và đẻ có nhịp tim thai bất thường
O68.1,chuyển dạ và đẻ có nước ối lẫn phân su
O68.2,chuyển dạ và đẻ có nhịp tim thai bất thường và nước ối lẫn phân su
O68.3,chuyển dạ và đẻ có các dấu hiệu sinh hóa của suy thai
O68.9,chuyển dạ và đẻ có suy thai chưa xác định rõ
O69,chuyển dạ và đẻ có biến chứng dây rốn
O69.0,chuyển dạ và đẻ có biến chứng sa dây rốn
O69.1,chuyển dạ và đẻ có biến chứng dây rốn quấn quanh cổ bị chèn ép
O69.2,chuyển dạ và đẻ có vướng mắc khác của dây rốn với chèn ép
O87.0,viêm tắc tĩnh mạch nông sau đẻ
O87.1,viêm tắc tĩnh mạch sâu sau đẻ
O87.3,huyết khối tĩnh mạch não sau đẻ
O87.8,biến chứng tĩnh mạch khác sau đẻ
O88,tắc mạch sản khoa
O88.0,tắc mạch sản khoa do khí
O88.1,tắc mạch ối
O88.2,tắc mạch sản khoa do cục máu đông
O88.3,tắc mạch do mủ huyết và nhiễm khuẩn sản khoa
O89,biến chứng của gây mê trong thời kỳ sau đẻ
O89.0,biến chứng phổi của gây mê trong thời kỳ sau đẻ
O89.1,biến chứng tim của gây mê trong thời kỳ sau đẻ
O89.3,phản ứng độc do gây tê tại chỗ trong thời kỳ sau đẻ
O89.4,đau đầu do gây tê tủy sống và ngoài màng cứng trong thời kỳ sau đẻ
O89.5,biến chứng khác của gây tê tủy sống và ngoài màng cứng trong thời kỳ sau đẻ
O89.6,đặt nội khí quản khó hay thất bại trong thời kỳ sau đẻ
O89.8,biến chứng khác của gây mê trong thời kỳ sau đẻ
O89.9,biến chứng của gây mê trong thời kỳ sau đẻ
O90,biến chứng sau đẻ chưa được xếp loại
O90.0,toác vết mổ lấy thai
O90.2,máu tụ vết khâu sản khoa
O90.3,bệnh lý cơ tim trong thời kỳ hậu sản
O90.4,suy thận cấp tính sau đẻ
O90.8,biến chứng khác sau đẻ chưa được xếp loại ở phần khác
O90.9,biến chứng sau đẻ chưa xác định rõ
O91,nhiễm khuẩn vú phối hợp với đẻ
O91.1,áp xe vú phối hợp với đẻ
O91.2,viêm vú không thành mủ phối hợp với đẻ
O92,các rối loạn khác của vú và tiết sữa phối hợp với đẻ
O92.0,tụt núm vú phối hợp với đẻ
O92.2,các rối loạn khác chưa xác định rõ của vú phối hợp với đẻ
O92.3,không có sữa
O92.4,thiếu sữa ít sữa
O92.5,cắt sữa
O92.7,rối loạn tiết sữa khác chưa xác định rõ
O96,tử vong vì bất kỳ nguyên nhân sản khoa nào khác sau khi đẻ 42 ngày và dưới 1 năm
O97,tử vong vì di chứng của nguyên nhân sản khoa trực tiếp
O98,nhiễm khuẩn bà mẹ và bệnh ký sinh trùng đã được xếp loại nhưng gây biến chứng cho thai nghén khi đẻ và sau khi đẻ
O98.0,bệnh lao gây biến chứng cho thai nghén khi đẻ và sau đẻ
O98.1,giang mai gây biến chứng cho thai nghén khi đẻ và sau đẻ
O98.2,bệnh lậu gây biến chứng cho thai nghén khi đẻ và sau khi đẻ
O98.4,viêm gan virus gây biến chứng cho thai nghén khi đẻ và sau khi đẻ
O98.5,bệnh do virus khác gây biến chứng cho thai nghén khi đẻ và sau khi đẻ
O98.6,bệnh do đơn bào gây biến chứng cho thai nghén khi đẻ và sau khi đẻ
Q14.2,dị tật bẩm sinh đĩa thị giác
Q14.3,dị tật bẩm sinh màng mạch
Q14.8,các dị tật bẩm sinh khác ở phần sau của mắt
Q14.9,dị tật bẩm sinh không đặc hiệu ở phần sau của mắt
J95.01,chảy máu từ lỗ mở khí quản
J95.02,nhiễm trùng lỗ mở khí quản
J95.03,lỗ mở khí quản không họat động
J95.04,rò thực quản khí quản sau mở khí quản
J95.09,biến chứng khác của mở khí quản
J95.5,hẹp dưới thanh môn sau phẫu thuật
J95.8,các bệnh hô hấp sau phẫu thuật khác
J96,suy hô hấp không phân loại nơi khác
J96.0,suy hô hấp cấp
J96.1,suy hô hấp mạn
J96.9,suy hô hấp không phân loại
J98,các bệnh hô hấp khác
J98.1,xẹp phổi
J98.2,giãn phế nang mô kẽ
J98.3,giãn phế nang còn bù
M49.5,xẹp đốt sống trong các bệnh đã xếp loại ở mục khác
M49.8,tổn thương thân đốt sống trong các bệnh khác đã được xếp loại ở mục khác
M50.0,bệnh một đĩa đệm đốt sống cổ kèm tổn thương tủy sống g99 2
M50.1,bệnh một đĩa đệm cột sống cổ kèm tổn thương rễ tủy sống
M50.2,các thóat vị đĩa đệm cột sống cổ khác
M50.3,các thoái hóa đĩa đệm đốt sống cổ khác
M50.8,các tổn thương đĩa đệm đốt sống cổ khác
M50.9,các bệnh đĩa đệm đốt sống cổ khác không đặc hiệu
M51,các bệnh đĩa đệm gian đốt sống khác
N97.8,vô sinh nữ liên quan đến các yếu tố khác
N97.9,vô sinh nữ không đặc hiệu
N98,biến chứng liên quan đến thụ thai nhân tạo
N98.1,cường kích thích các buồng trứng
N98.2,biến chứng do đưa vào trứng đã thụ tinh trong quá trình thụ tinh trong ống nghiệm
N98.3,biến chứng do đưa phôi vào trong quá trình chuyển phôi
N98.8,biến chứng khác liên quan đến thụ thai nhân tạo
N98.9,biến chứng liên quan đến thụ thai nhân tạo không đặc hiệu
N99.0,suy thận sau can thiệp
N99.1,hẹp niệu đạo sau can thiệp
N99.2,dính âm đạo sau phẫu thuật
N99.3,sa vòm âm đạo sau cắt tử cung
N99.4,dính phúc mạc chậu sau can thiệp
N99.5,hoạt động kém của các lỗ thông ra ngoài của đường tiết niệu
N99.8,các rối loạn sau can thiệp khác của hệ sinh dục tiết niệu
N99.9,rối loạn sau can thiệp của hệ sinh dục tiết niệu không đặc hiệu
O00,chửa ngoài tử cung
O00.0,chửa trong ổ bụng
O00.1,chửa ở vòi tử cung
O00.2,chửa ở buồng trứng
O00.9,chửa ngoài tử cung chưa xác định rõ
O01,chửa trứng
O01.0,chửa trứng cổ điển
O01.9,chửa trứng không điển hình
Q43.2,các rối loạn chức năng bẩm sinh khác của ruột kết
Q43.3,các dị tật cố định bẩm sinh ở ruột
Q43.4,ruột đôi
Q43.6,đường rò bẩm sinh của hậu môn và trực tràng
Q43.7,tồn tại ổ nhớp
Q43.8,các dị tật bẩm sinh đặc hiệu khác của ruột
Q44,các dị tật bẩm sinh của túi mật đường mật và gan
Q44.0,không phát triển bất sản và giảm sản túi mật
Q44.1,các dị tật bẩm sinh khác của túi mật
Q44.2,teo đường mật
Q44.4,u nang ống mật chủ
Q44.5,các dị tật bẩm sinh khác của đường mật
Q44.6,các bệnh nang của gan
Q44.7,các dị tật bẩm sinh khác của gan
Q45,các dị tật bẩm sinh khác của hệ tiêu hóa
Q45.1,tụy hình vòng
Q45.2,nang tụy bẩm sinh
Q45.3,các dị tật bẩm sinh khác của tụy và ống tụy
Q45.8,các dị tật bẩm sinh đặc hiệu khác của hệ tiêu hóa
Q45.9,dị tật bẩm sinh của hệ tiêu hóa không đặc hiệu
Q50,những dị tật bẩm sinh của buồng trứng vòi trứng và dây chằng rộng
Q50.1,nang buồng trứng
Q50.2,xoắn bẩm sinh của buồng trứng
Q50.3,những dị tật bẩm sinh khác của buồng trứng
Q50.31,buồng trứng phụ
Q50.39,dị tật bẩm sinh khác của buồng trứng dị tật bẩm sinh của buồng trứng nos
Q50.4,nang bào thai của vòi trứng
O69.4,chuyển dạ và đẻ có biến chứng do mạch máu tiền đạo
O69.5,chuyển dạ và đẻ có biến chứng tổn thương mạch
O69.8,chuyển dạ và đẻ có biến chứng khác của dây rốn
O69.9,chuyển dạ và đẻ có biến chứng khác của dây rốn chưa xác định rõ
O70.0,rách tầng sinh môn độ i trong đẻ
O70.1,rách tầng sinh môn độ ii trong đẻ
O70.2,rách tầng sinh môn độ iii trong đẻ
O70.3,rách tầng sinh môn độ iv trong đẻ
O70.9,rách tầng sinh môn chưa xác định rõ
O71,chấn thương sản khoa khác
O71.0,vỡ tử cung trước chuyển dạ
O71.2,lộn tử cung sau đẻ
O71.3,rách cổ tử cung sản khoa
O71.4,rách âm đạo cao đơn thuần do sản khoa
P77,viêm ruô t hoa i tư cu a thai va tre sơ sinh
P78,các rối loạn khác của hệ tiêu hóa trong giai đoạn chu sinh
P78.0,thủng ruột non chu sinh
P78.1,các viêm phúc mạc sơ sinh khác
P78.2,nôn ra máu ỉa ra máu do nuốt phải máu mẹ của trẻ sơ sinh
P78.8,các rối loạn đặc hiệu khác của hệ tiêu hóa ở giai đoạn chu sinh
P78.9,rối loạn tiêu hóa không được định rõ của giai đoạn sơ sinh
P80,hạ thân nhiệt của trẻ sơ sinh
P80.0,hội chứng tổn thương do lạnh
P80.9,hạ thân nhiệt không được định rõ của trẻ sơ sinh
P81,các rối loạn điều nhiệt khác của trẻ sơ sinh
P81.0,tăng thân nhiệt do môi trường của trẻ sơ sinh
P81.8,các rối loạn điều nhiệt được định rõ khác của trẻ sơ sinh
P83,các bệnh lý khác của da đặc hiệu cho thai và trẻ sơ sinh
P83.0,cứng bì của trẻ sơ sinh
P83.1,đỏ da nhiễm độc của trẻ sơ sinh
P83.2,phù thai không do bệnh huyết tán
P83.3,phù da khác không được định rõ đặc hiệu cho thai và trẻ sơ sinh
P83.4,cương tức vú của trẻ sơ sinh
P83.6,polyp rốn của trẻ sơ sinh
P83.8,các bệnh lý được định rõ khác của da đặc hiệu cho thai và trẻ sơ sinh
P83.9,bệnh lý không được định rõ của da đặc hiệu cho thai và trẻ sơ sinh
P90,cơn co giâ t cu a tre sơ sinh
P91.0,thiếu máu cục bộ sơ sinh
P91.1,nang quanh não thất mắc phải của trẻ sơ sinh
P91.2,nhũn chất trắng não sơ sinh
P91.3,não dễ kích thích của trẻ sơ sinh
P91.4,lõm não sơ sinh
P91.8,các rối loạn được định rõ khác của tình trạng não trẻ sơ sinh
P91.9,rối loạn không chỉ rõ tình trạng não của sơ sinh
P92.0,nôn ở trẻ sơ sinh
P92.1,nôn vọt và nhai lại của trẻ sơ sinh
P92.2,nuôi dưỡng chậm của trẻ sơ sinh
P92.4,nuôi dưỡng quá mức của trẻ sơ sinh
P92.5,trẻ bú sữa mẹ khó khăn
P92.8,vấn đề khác của nuôi dưỡng trẻ sơ sinh
Q15,các dị tật bẩm sinh khác của mắt
Q15.0,glôcôm tăng nhãn áp bẩm sinh
Q15.8,các dị tật bẩm sinh mắt đặc hiệu khác
Q15.9,dị tật bẩm sinh mắt không đặc hiệu
Q16,các dị tật ở tai gây ảnh hưởng tới thính lực
Q16.1,thiếu teo hoặc chít hẹp bẩm sinh ống tai ngoài
Q16.2,không có vòi eustache
Q16.3,dị tật bẩm sinh các xương con của tai
Q16.4,các dị tật bẩm sinh của tai giữa
Q16.9,dị tật bẩm sinh ở tai gây ảnh hưởng tới thính lực không đặc hiệu
Q17,các dị tật bẩm sinh khác ở tai
Q17.0,dị tật thừa ở vành tai
Q17.2,dị tật tai bé
Q17.3,tật tai có hình dị thường
Q17.5,tật tai nhô
Q17.8,những dị tật bẩm sinh đặc hiệu khác của tai
Q17.9,dị tật bẩm sinh tai không đặc hiệu
Q18,các dị tật bẩm sinh khác của mặt và cổ
Q18.1,xoang và mang trước tai
Q18.2,dị tật khe hở mang khác
Q18.3,màng da cổ
Q18.4,tật mồm rộng
Q18.6,môi to
Q18.7,môi nhỏ
Q18.9,dị tật bẩm sinh ở mặt và cổ không đặc hiệu
Q20,các dị tật bẩm sinh của các buồng tim và bộ phận nối
Q20.0,thân động mạch chung
Q20.1,thất phải hai đường ra
Q20.2,thất trái hai đường ra
Q20.4,thất hai đường vào
Q20.5,phần nối nhĩ thất không phù hợp
Q20.6,đồng phân của tiểu nhĩ
Q20.8,các dị tật bẩm sinh khác của các buồng tim và phần nối
Q21,các dị tật bẩm sinh của vách tim
Q21.0,thông liên thất
Q21.1,thông liên nhĩ
Q21.2,thông vách nhĩ thất
Q21.3,tứ chứng fallot
Q21.4,thông vách động mạch chủ phổi
Q21.8,những dị tật bẩm sinh khác của vách tim
Q22,các dị tật bẩm sinh của van ba lá và động mạch phổi
Q22.0,teo van động mạch phổi
Q22.1,hẹp van động mạch phổi bẩm sinh
Q22.2,hở van động mạch phổi bẩm sinh
Q22.3,các dị tật bẩm sinh khác của van động mạch phổi
Q22.4,hẹp van ba lá bẩm sinh
Q22.6,hội chứng tim phải thiểu sản
Q22.8,các dị tật bẩm sinh khác của van ba lá
Q23,các dị tật bẩm sinh của van hai lá và động mạch chủ
Q23.0,hẹp van động mạch chủ bẩm sinh
Q23.1,hở van động mạch chủ bẩm sinh
Q23.2,hẹp van hai lá bẩm sinh
Q23.4,hội chứng tim trái thiểu sản
Q23.8,các dị tật bẩm sinh khác của van hai lá và động mạch chủ
Q23.9,dị tật bẩm sinh của van hai lá và động mạch chủ không đặc hiệu
M51.0,các bệnh của đĩa đệm đốt sống thắt lưng và các đốt sống khác có kèm theo tổn thương tủy sống g99 2
M51.1,bệnh của đĩa đệm đốt sống thắt lưng và các đốt sống khác có kèm tổn thương của rễ tủy sống g55 1
M51.3,thoái hóa đĩa đệm đốt sống đặc hiệu khác
M51.4,nhân schmorl
M51.8,các tổn thương đặc hiệu khác của đĩa đệm
M53,bệnh cột sống khác không được xếp loại ở mục khác
M53.0,hội chứng đầu cổ
M53.1,hội chứng cánh tay cổ
M53.2,cột sống mất vững
M53.3,tổn thương cùng cụt chưa xếp loại mục khác
M53.8,các bệnh cột sống xác định khác
M54,đau lưng
M54.0,viêm mô mỡ dưới da tại vùng cổ và lưng
M54.1,bệnh rễ thần kinh tủy sống
M54.2,đau vùng cổ gáy
M54.4,đau lưng kèm đau dây thần kinh tọa
M54.6,đau cột sống ngực
M54.8,các đau lưng khác
M54.9,đau lưng không đặc hiệu
M60.0,viêm cơ nhiễm khuẩn
M60.1,viêm tổ chức kẽ của cơ
M60.2,u hạt mô mềm do dị vật không được xếp loại ở mục khác
M60.9,viêm cơ không đặc hiệu
M61,vôi hóa và cốt hóa cơ
M61.1,viêm cơ cốt hóa tiến triển
M61.2,vôi hóa và cốt hóacơ do liệt
M61.3,vôi hóa và cốt hóa cơ liên quan đến bỏng
M61.4,các dạng vôi hóa cơ khác
M61.5,các dạng cốt hóa cơ khác
M62.0,lỏng nhẽo cơ
M62.1,rách cơ khác không do chấn thương
M62.3,hội chứng bất động liệt 2 chi dưới
M62.4,co cứng cơ
M62.5,nhẽo cơ và teo cơ không được xếp loại ở mục khác
M62.6,căng cơ quá mức
M62.9,bệnh cơ không đặc hiệu
M63,bệnh cơ trong những bệnh được xếp loại ở mục khác
M63.1,viêm cơ trong nhiễm ký sinh trùng và động vật đơn bào được xếp loại ở mục khác
M63.2,viêm cơ trong các bệnh nhiễm khuẩn khác được xếp loại ở mục khác
M63.3,viêm cơ trong bệnh sacoidosis d86 8
M63.8,các bệnh cơ khác trong những bệnh được xếp loại ở mục khác
M65,viêm màng hoạt dịch và viêm bao gân
M65.0,áp xe bao gân
M65.1,các chứng viêm màng hoạt dịch hoặc viêm bao gân nhiễm khuẩn khác
M65.2,viêm gân vôi hóa
M65.3,ngón tay lò xo
M65.4,viêm bao gân mỏm trâm quay de quervain
Q50.5,nang nguồn gốc bào thai của dây chằng rộng
Q50.6,những dị tật bẩm sinh khác của vòi trứng và dây chằng rộng
Q51,dị tật bẩm sinh của tử cung và cổ tử cung
Q51.1,tử cung đôi với cổ tử cung và âm đạo đôi
Q51.10,tử cung đôi với cổ tử cung và âm đạo đôi không có tắt nghẽn tử cung đôi với cổ tử cung và âm đạo đôi nos
Q51.11,tử cung đôi với cổ tử cung và âm đạo đôi có tắt nghẽn
Q51.2,các loại tử cung đôi khác
Q51.4,tử cung một sừng
Q51.5,bất sản và ngừng phát triển của cổ tử cung
Q51.7,rò bẩm sinh giữa tử cung với ống tiêu hóa và đường tiết niệu
Q51.8,các dị tật bẩm sinh khác của tử cung và cổ tử cung
Q51.9,dị tật bẩm sinh của tử cung và cổ tử cung không đặc hiệu
Q52,các dị tật bẩm sinh khác của cơ quan sinh dục nữ
Q52.0,không có âm đạo bẩm sinh
Q52.1,âm đạo đôi
Q52.3,màng trinh không thủng
Q52.4,các dị tật bẩm sinh khác của âm đạo
Q52.5,dính môi lớn
Q52.7,các dị tật bẩm sinh khác của âm hộ
Q52.70,các dị tật bẩm sinh khác của âm hộ không xác định dị tật bẩm sinh của âm hộ nos
Q52.71,không có âm hộ bẩm sinh
Q52.8,các dị tật bẩm sinh đặc hiệu khác của cơ quan sinh dục nữ
Q52.9,dị tật bẩm sinh của cơ quan sinh dục nữ không đặc hiệu
Q53,tinh hoàn lạc chỗ
Q53.0,tinh hoàn lạc chỗ
Q53.00,tinh hoàn lạc chỗ không xác định
Q53.01,tinh hoàn lạc chỗ một bên
Q53.02,tinh hoàn lạc chỗ hai bên
Q53.1,tinh hoàn chưa xuống bìu một bên
Q53.10,tinh hoàn chưa xuống bìu một bên không xác định
O02,bất thường khác của trứng
O02.0,trứng thoái triển và chửa trứng không có nang
O02.1,sẩy thai sớm
O02.8,bất thường xác định khác của trứng
O02.9,bất thường khác trong thụ thai chưa xác định
O03,sâ y thai tư nhiên
O04,pha thai nô i khoa
O06,pha thai chưa xa c đi nh ro
O07,phá thai thất bại
O07.1,phá thai nội khoa thất bại gây biến chứng ra máu chậm hoặc nhiều quá mức
O07.2,phá thai nội khoa thất bại gây biến chứng tắc mạch
O07.3,phá thai nội khoa thất bại gây biến chứng khác chưa xác định rõ
O07.4,phá thai nội khoa thất bại không có biến chứng
O07.5,phá thai nội khoa thất bại khác chưa xác định rõ gây biến chứng nhiễm khuẩn đường sinh dục và tiểu khung
O07.6,phá thai nội khoa thất bại khác chưa xác định rõ gây biến chứng ra máu chậm và nhiều quá mức
O07.7,phá thai nội khoa thất bại khác chưa xác định rõ gây biến chứng tắc mạch
O07.8,phá thai nội khoa thất bại khác chưa xác định rõ các biến chứng khác
P92.9,vấn đề nuôi dưỡng không được định rõ của trẻ sơ sinh
P94,rối loạn trương lực cơ của trẻ sơ sinh
P94.0,nhược cơ nặng thóang qua của trẻ sơ sinh
P94.1,tăng trương lực cơ bẩm sinh
P94.2,giảm trương lực cơ bẩm sinh
P94.8,các rối loạn trương lực cơ khác của trẻ sơ sinh
P94.9,rối loạn trương lực cơ không được định rõ của trẻ sơ sinh
P95,thai chê t vi nguyên nhân không đươ c đi nh ro
P96.0,suy thận bẩm sinh
P96.1,hội chứng cai thuốc của trẻ sơ sinh vì mẹ nghiện dùng thuốc
P96.2,hội chứng cai thuốc vì dùng thuốc để điều trị cho trẻ sơ sinh
P96.3,giãn khớp sọ của trẻ sơ sinh
P96.4,đình chỉ thai nghén ảnh hưởng thai và trẻ sơ sinh
P96.5,biến chứng của thủ thuật trong tử cung không xếp loại ở chỗ khác
P96.8,các bệnh lý được định rõ khác xuất phát từ trong giai đoạn chu sinh
P96.9,bệnh lý không được định rõ xuất phát từ trong giai đoạn chu sinh
Q00,dị tật không não và các dị tật tương tự
Q00.0,tật không có não
Q00.1,tật nứt sọ cột sống
Q00.2,tật thóat vị não chẩm
Q01,thóat vị não
Q78.8,các loạn sản xương sụn đặc hiệu khác
Q79,các dị tật bẩm sinh của hệ cơ xương chưa được phân loại ở chỗ khác
Q79.0,thóat vị hoành bẩm sinh
Q79.1,các dị tật bẩm sinh khác của cơ hoành
Q79.2,lồi rốn
Q79.3,khe hở thành bụng
Q79.5,các dị tật bẩm sinh khác của thành bụng
Q79.6,hội chứng ehiers vanlos
Q79.8,các dị tật bẩm sinh khác của hệ cơ xương
Q79.9,dị tật bẩm sinh của hệ cơ xương không đặc hiệu
Q80.0,bệnh vảy cá thông thường
Q80.1,bệnh vảy cá liên kết nhiễm sắc thể x
Q80.3,chứng đỏ da dạng vảy cá bóng bẩm sinh
Q80.4,thai mắc bệnh vảy cá
Q80.8,bệnh vảy cá bẩm sinh khác
Q81,bong biểu bì bọng nước
Q81.0,bong biểu bì bọng nước giản đơn
Q81.1,bong biểu bì bọng nước dạng gây tử vong
Q81.2,loạn dưỡng do bong biểu bì bọng nước
Q81.9,bong biểu bì không đặc hiệu
Q82,dị tật bẩm sinh khác về da
Q82.0,phù bạch huyết di truyền
Q82.1,bệnh khô da nhiễm sắc tố
Q82.3,sắc tố không kiềm chế được
Q82.4,loạn sản ngoại bì làm giảm tiết mồ hôi
Q82.8,các dị tật về da bẩm sinh đặc hiệu khác
Q82.9,dị tật bẩm sinh về da không đặc hiệu
Q83,dị tật bẩm sinh của vú
Q83.1,vú phụ
Q83.2,thiếu núm vú
Q83.3,núm vú phụ
Q83.8,dị tật bẩm sinh khác của vú
Q84,dị tật bẩm sinh khác của bộ phận bao bọc
Q24,các dị tật bẩm sinh khác của tim
Q24.0,tim sang phải
Q24.2,nhĩ ba buồng
Q24.3,hẹp phễu động mạch phổi
Q24.4,hẹp dưới van động mạch chủ bẩm sinh
Q89.0,các dị tật bẩm sinh của lách
Q89.1,các dị tật bẩm sinh của tuyến thượng thận
Q89.2,các dị tật bẩm sinh của các tuyến nội tiết khác
Q89.4,sinh đôi dính nhau
Q89.7,các đa dị tật bẩm sinh khác chưa phân loại
Q89.8,các dị tật bẩm sinh đặc hiệu khác
Q90,hội chứng down
Q90.0,ba nhiễm sắc thể giảm phân không phân ly
Q90.1,ba nhiễm sắc thể thể khảm gián phân không phân ly
Q90.9,hội chứng down không đặc hiệu
Q91,hội chứng edwards và hội chứng patau
Q91.0,ba nhiễm sắc thể 18 giảm phân không phân ly
Q91.1,ba nhiễm sắc thể thể khảm gián phân không phân ly
Q91.4,ba nhiễm sắc thể 13 không phân ly khi giảm phân
Q91.5,ba nhiễm sắc thể 13 thể khảm không phân ly khi gián phân
Q91.6,ba nhiễm sắc thể 13 chuyển đoạn
Q91.7,hội chứng patau không đặc hiệu
Q92.0,ba nhiễm sắc thể hoàn toàn không phân ly khi giảm phân
Q92.1,ba nhiễm sắc thể hoàn toàn thể khảm không phân ly khi gián phân
Q92.2,ba nhiễm sắc thể một phần lớn
Q92.3,ba nhiễm sắc thể một phần nhỏ
Q92.4,sự nhân đôi chỉ thấy ở tiền pha giữa tiền trung kỳ
Q92.5,nhân đôi cùng với sự sắp xếp lại các phức hợp khác
Q92.6,nhiễm sắc thể có dấu ấn ngoài
Q92.7,tam bội và đa bội
Q92.8,ba nhiễm sắc thể đặc hiệu khác và ba nhiễm sắc thể một phần của nhiễm sắc thể thường
Q92.9,ba nhiễm sắc thể và một phần ba nhiễm sắc thể của nhiễm sắc thể thường không đặc hiệu
Q93,đơn nhiễm sắc thể và thiếu một đoạn của nhiễm sắc thể thường không được xếp loại chỗ khác
Q93.1,đơn nhiễm sắc thể hoàn toàn thể khảm không phân ly khi gián phân
Q93.2,nhiễm sắc thể vòng hay hai trung tâm
Q93.3,thiếu cánh ngắn nhiễm sắc thể số 4
Q93.4,thiếu cánh ngắn nhiễm sắc thể số 5
Q93.5,thiếu đoạn khác của nhiễm sắc thể
Q93.6,thiếu đoạn chỉ thấy ở tiền pha giữa tiền trung kỳ
Q93.8,thiếu đoạn của nhiễm sắc thể thường khác
Q93.9,thiếu đoạn của nhiễm sắc thể thường không đặc hiệu
Q95,sắp xếp lại cân bằng và dấu ấn cấu trúc không xếp loại ở chỗ khác
Q95.0,chuyển và gắn đoạn cân bằng ở cá thể bình thường
Q95.1,đảo đoạn nhiễm sắc thể ở cá thể bình thường
Q95.3,sắp xếp lại cân bằng nhiễm sắc thể thường nhiễm sắc thể giới tính ở cá thể không bình thường
Q95.4,cá thể có dấu ấn chất dị nhiễm sắt
Q95.5,cá thể có đoạn nhiễm sắc thể thường dễ gẫy
M00.01,viêm khớp do tụ cầu khuẩn ở vai
M00.02,viêm khớp do tụ cầu khuẩn ở khuỷu tay
M00.03,viêm khớp do tụ cầu khuẩn ở cổ tay viêm khớp do tụ cầu khuẩn ở các xương cổ tay
M00.04,viêm khớp do tụ cầu khuẩn ở bàn tay viêm khớp do tụ cầu khuẩn ở xương bàn tay và xương ngón tay
M00.05,viêm khớp do tụ cầu khuẩn ở háng
M76.6,viêm gân achille
M76.7,viêm gân cơ mác
O07.9,phá thai nội khoa thất bại khác không chỉ rõ không có biến chứng
O08.0,nhiễm khuẩn đường sinh dục và tiểu khung sau sẩy thai chửa ngoài tử cung và chửa trứng
O08.1,ra máu kéo dài hay quá nhiều sau sẩy thai chửa ngoài tử cung và chửa trứng
O08.2,tắc mạch sau sẩy thai chửa ngoài tử cung hay chửa trứng
O08.3,choáng sau sẩy thai chửa ngoài tử cung hay chửa trứng
O08.4,suy thận sau sẩy thai chửa ngoài tử cung hay chửa trứng
O08.5,rối loạn chuyển hóa sau sẩy thai chửa ngoài tử cung hay chửa trứng
O08.6,tổn thương các tạng và tổ chức ở tiểu khung sau sẩy thai chửa ngoài tử cung hay chửa trứng
O08.8,biến chứng khác sau sẩy thai chửa ngoài tử cung hay chửa trứng
O08.9,biến chứng sau sẩy thai chửa ngoài tử cung hay chửa trứng chưa xác định rõ
O10,tăng huyết áp có sẵn gây biến chứng cho thai nghén cuộc đẻ và sau khi đẻ
O10.0,tăng huyết áp chủ yếu có sẵn gây biến chứng cho thai nghén khi đẻ và sau khi đẻ
O10.1,bệnh tim do tăng huyết áp có sẵn gây biến chứng cho thai nghén khi đẻ và sau khi đẻ
O10.2,bệnh thận do tăng huyết áp có sẵn gây biến chứng cho thai nghén khi đẻ và sau khi đẻ
O10.3,bệnh tim và thận do tăng huyết áp có sẵn gây biến chứng cho thai nghén khi đẻ và sau khi đẻ
O10.4,tăng huyết áp thứ phát có sẵn gây biến chứng cho thai nghén khi đẻ và sau khi đẻ
O11,tiền sản giật kèm theo tăng huyết áp mãn tính
O12,phù khi thai nghén do thai nghén gây ra và protein niệu mà không có tăng huyết áp
O12.0,phù thai nghén
O12.1,protein niệu thai nghén
O12.2,phù và protein niệu thai nghén
O13,tăng huyê t a p thai nghe n do thai nghe n gây ra
O14,tiền sản giật
O14.1,tiền sản giật thể nặng
O14.2,hội chứng hellp sự kết hợp cu a tan ma u ta ng men gan va gia m tiê u cầu
O14.9,tiền sản giật chưa xác định rõ
O15,sản giật
O15.1,sản giật trong khi chuyển dạ
O15.2,sản giật trong thời kỳ sau đẻ
P11.4,tổn thương các dây thần kinh sọ khác do chấn thương khi sinh
P11.5,tổn thương cột sống và tủy sống do chấn thương khi sinh
P11.9,tổn thương hệ thần kinh trung ương do chấn thương khi sinh chưa xác định
P12,chấn thương da đầu khi sinh
P12.0,máu tụ dưới cốt mạc do chấn thương khi sinh
P12.1,bong da đầu do chấn thương khi sinh
P12.3,bầm tím da đầu do chấn thương khi sinh
P12.4,chấn thương da đầu trẻ sơ sinh do máy monitor
P12.8,chấn thương da đầu khác khi sinh
P12.9,chấn thương da đầu khi sinh chưa xác định
P13,chấn thương hệ xương khi sinh
P13.1,chấn thương khi sinh khác lên vòm sọ
P13.2,chấn thương xương đùi khi sinh
Q84.0,rụng lông tóc bẩm sinh
Q84.1,rối loạn bẩm sinh hình thái của tóc mà không xếp loại ở chỗ khác
Q84.2,dị tật bẩm sinh khác của lông tóc
Q84.4,móng đốm trắng bẩm sinh
Q84.5,móng to và phì đại
Q84.8,dị tật bẩm sinh đặc hiệu khác của bộ phận bao bọc
Q84.9,dị tật bẩm sinh khác của bộ phận bao bọc không đặc hiệu
Q85,hội chứng u thần kinh da ngoại bì chưa được phân loại
Q85.0,u xơ thần kinh lành tính
Q85.8,hội chứng u thần kinh da ngoại bì khác chưa được phân loại
Q85.9,hội chứng u thần kinh da ngoại bì không đặc hiệu
Q86.0,hội chứng cồn bào thai dị hình
Q86.1,hội chứng hydantoin bào thai
Q86.2,dị hình do warfarin
Q86.8,các dị tật bẩm sinh khác do các nguyên nhân bên ngoài đã biết
Q87,các hội chứng dị tật bẩm sinh khác gây tổn thương nhiều hệ thống
Q87.0,các hội chứng dị tật bẩm sinh gây tổn thương chủ yếu ở hình dạng của mặt
Q87.1,các hội chứng dị tật bẩm sinh liên quan chủ yếu đến thân hình ngắn
Q87.2,các hội chứng dị tật bẩm sinh liên quan chủ yếu đến các chi
Q87.3,các hội chứng dị tật bẩm sinh có phát triển sớm quá mức
Q87.4,hội chứng marfan
Q87.5,các hội chứng dị tật bẩm sinh khác đi kèm các thay đổi xương khác
Q87.8,các hội chứng dị tật bẩm sinh đặc hiệu khác chưa phân loại
Q89,các dị tật bẩm sinh khác chưa phân loại
O71.6,tổn thương khớp vùng chậu và dây chằng do sản khoa
O71.7,máu tụ tiểu khung do sản khoa
O71.8,chấn thương sản khoa chỉ rõ khác
O71.9,chấn thương sản khoa chưa xác định rõ
O72,chảy máu sau đẻ
O72.0,chảy máu thời kỳ sổ rau
O72.1,chảy máu ngay sau lúc đẻ khác
O72.3,thiếu hụt đông máu sau đẻ
O73,sót rau và màng rau không có chảy máu
O73.0,sót rau không có chảy máu
O73.1,sót phần bánh rau và màng rau không có chảy máu
O74.0,viêm phổi do hít vì gây mê trong chuyển dạ và trong đẻ
O74.1,biến chứng khác của phổi do gây mê trong chuyển dạ trong đẻ
O74.2,biến chứng tim của gây mê trong chuyển dạ trong đẻ
O74.3,biến chứng hệ thống thần kinh trung ương của gây mê trong chuyển dạ trong đẻ
O74.4,phản ứng độc của gây tê tại chỗ trong chuyển dạ trong đẻ
O74.5,đau đầu do gây tê tủy sống và ngoài màng cứng trong chuyển dạ trong đẻ
O74.7,không đặt được hay khó đặt nội khí quản trong chuyển dạ trong đẻ
O74.8,biến chứng khác của gây mê trong chuyển dạ trong đẻ
O74.9,biến chứng của gây mê trong chuyển dạ trong đẻ chưa xác định rõ
O75,biến chứng khác của chuyển dạ không xếp loại ở chỗ khác
Q95.8,sắp xếp lại cân bằng và dấu ấn cấu trúc khác
Q95.9,sắp xếp lại cân bằng và dấu ấn cấu trúc không đặc hiệu
Q96,hội chứng turner
Q96.0,kiểu nhiễm sắc thể 45 x
Q96.2,kiểu nhiễm sắc thể 46 x với nhiễm sắc thể giới tính bất thường trừ iso xq
Q96.3,thể khảm 45 x 46 xx hay xy
Q96.4,thể khảm 45 x dòng tế bào khác có nhiễm sắc thể giới tính bất thường
Q96.8,các dạng khác của hội chứng turner
Q96.9,hội chứng turner không đặc hiệu
O98.9,bệnh nhiễm khuẩn và nhiễm kst chưa xác định của bà mẹ gây biến chứng cho thai nghén khi đẻ và sau khi đẻ
O99,các bệnh khác của bà mẹ đã được xếp loại nhưng gây biến chứng cho thai nghén khi đẻ và sau khi đẻ
O99.0,thiếu máu gây biến chứng cho thai nghén khi đẻ và sau đẻ
O99.1,các bệnh khác của máu cơ quan tạo máu và rối loại cơ chế miễn dịch gây biến chứng cho thai nghén khi đẻ và sau khi đẻ
O99.2,bệnh nội tiết dinh dưỡng và chuyển hóa gây biến chứng cho thai nghén khi đẻ và sau đẻ
O99.3,rối loạn tâm thần và bệnh lý hệ thần kinh gây biến chứng cho thai nghén khi đẻ và sau đẻ
O99.4,bệnh của hệ thống tuần hoà gây biến chứng cho thai nghén khi đẻ và sau đẻ
O99.5,bệnh của hệ thống hô hấp gây biến chứng thai nghén khi đẻ và sau đẻ
O99.6,bệnh của hệ thống tiêu hóa gây biến chứng cho thai nghén khi đẻ và sau đẻ
O99.8,bệnh và các tình trạng xác định khác gây biến chứng cho thai nghén khi đẻ và sau đẻ
P00,thai nhi và trẻ sơ sinh bị ảnh hưởng do các yếu tố của mẹ có thể không liên quan đến lần thai nghén hiện nay
P00.0,thai nhi và trẻ sơ sinh ảnh hưởng do các rối loạn tăng huyết áp của mẹ
P00.1,thai nhi và trẻ sơ sinh bị ảnh hưởng do bệnh thận và bệnh đường tiết niệu của mẹ
P00.2,thai nhi và trẻ sơ sinh bị ảnh hưởng do các bệnh nhiễm khuẩn và nhiễm ký sinh trùng của mẹ
P00.3,thai nhi và trẻ sơ sinh bị ảnh hưởng do các bệnh lý khác về tuần hoàn và hô hấp của mẹ
P00.4,thai nhi và trẻ sơ sinh bị ảnh hưởng do các rối loạn dinh dưỡng của mẹ
P00.5,thai nhi và trẻ sơ sinh bị ảnh hưởng do mẹ bị chấn thương
P00.7,thai nhi và trẻ sơ sinh bị ảnh hưởng do các thủ thuật nội khoa khác của mẹ chưa được phân loại nơi khác
P00.8,thai nhi và trẻ sơ sinh bị ảnh hưởng do các bệnh lý khác của mẹ
P00.9,thai nhi và trẻ sơ sinh bị ảnh hưởng do các tình trạng bệnh lý chưa xác định của mẹ
P01,thai nhi và trẻ sơ sinh bị ảnh hưởng do biến chứng thai nghén của mẹ
P01.0,thai nhi và trẻ sơ sinh bị ảnh hưởng do hở eo cổ tử cung
P01.1,thai nhi và trẻ sơ sinh bị ảnh hưởng do ối vỡ non
P01.3,thai nhi và trẻ sơ sinh bị ảnh hưởng do đa ối
P01.4,thai nhi và trẻ sơ sinh bị ảnh hưởng do chửa ngoài tử cung
M31.6,bệnh viêm động mạch có tế bào khổng lồ khác
M31.8,các bệnh viêm mạch đặc hiệu hoại tử khác
M32,lupus ban đỏ hệ thống
M32.0,bệnh lupus ban đỏ hệ thống do thuốc
M32.1,bệnh lupus ban đỏ hệ thống có tổn thương phủ tạng
M32.8,các dạng khác của lupus ban đỏ hệ thống
M32.9,lupus ban đỏ hệ thống không đặc hiệu
M33,viêm da cơ
M33.0,viêm da cơ trẻ em
M33.1,các bệnh viêm da cơ khác
M33.2,viêm đa cơ
M33.3,viêm đa cơ và da không đặc hiệu
M34.0,xơ cứng bì toàn thể tiến triển
M34.1,hội chứng cr e st
M34.2,xơ cứng bì do dùng thuốc và hóa chất
M34.8,các dạng khác của xơ cứng bì toàn thể
M34.9,xơ cứng bì toàn thể không đặc hiệu
M35,các tổn thương hệ thống khác của mô liên kết
M35.0,hội chứng khô hội chứng sjogren
M35.1,các hội chứng trùng lắp khác
M35.3,bệnh đau cơ dạng thấp
M35.4,viêm cân mạc lan toả tăng bạch cầu ái toan
M35.6,viêm mô mỡ dưới da hay tái phát weber christian
M35.7,hội chứng tăng vận động
M35.9,các tổn thương hệ thống của mô liên kết không đặc hiệu
M36.0,viêm da cơ và viêm đa cơ tự miễn trong các bệnh lý khối u c00 d48
M36.2,tổn thương khớp trong bệnh ưa chảy máu d66 d68
M36.3,bệnh khớp trong các bệnh về máu khác d50 d76
M36.4,bệnh khớp trong phản ứng quá mẫn đã được xếp loại ở mục khác
M36.8,tổn thương hệ thống mô liên kết trong các bệnh đã được xếp loại ở mục khác
M40.0,gù do tư thế
M40.1,các gù cột sống thứ phát khác
M40.2,các gù không đặc hiệu khác
M40.4,các ưỡn cột sống khác
M40.5,ưỡn cột sống không đặc hiệu
M41,vẹo cột sống
M41.1,vẹo cột sống tự phát thiếu niên
M41.2,các vẹo cột sống tự phát khác
M41.3,vẹo cột sống do bất thường vùng ngực
M41.4,vẹo cột sống do nguyên nhân thần kinh cơ
M41.9,vẹo cột sống không đặc hiệu
M42,viêm xương sụn cột sống
M42.0,viêm xương sụn cột sống thanh thiếu niên
M42.9,hư điểm cốt hóa cột sống không đặc hiệu
M43,các biến dạng khác của cột sống
M43.0,trượt đốt sống
M43.3,bán trật khớp trục đội hay tái phát có tổn thương tủy sống
M43.4,bán trật khớp trục đội hay tái phát khác
M43.5,các bán trật đốt sống hay tái phát khác
M43.6,vẹo cổ
P13.3,chấn thương các xương dài khác khi sinh
P13.4,gẫy xương đòn do chấn thương khi sinh
P13.9,chấn thương xương khi sinh chưa xác định
P14,chấn thương hệ thần kinh ngoại vi khi sinh
P14.0,liệt erb do chấn thương khi sinh
P14.1,liệt klumpke do chấn thương khi sinh
P14.3,chấn thương khác của đám rối cánh tay khi sinh
P14.8,chấn thương các phần khác của hệ thần kinh ngoại vi khi sinh
P14.9,chấn thương hệ thần kinh ngoại vi khi sinh không được định rõ
P15,chấn thương khác khi sinh
P15.0,chấn thương gan khi sinh
P15.2,chấn thương ức chũm khi sinh
P15.3,chấn thương mắt khi sinh
P15.4,chấn thương mặt khi sinh
P15.5,chấn thương bộ phận sinh dục ngoài khi sinh
P15.8,chấn thương khi sinh được xác định rõ khác
P15.9,chấn thương khi sinh không được định rõ
P20,thiếu oxy trong tử cung
P20.0,giảm oxy máu của thai nhi trong tử cung từ trước khi bắt đầu chuyển dạ
P20.1,giảm oxy máu của thai nhi trong tử cung trong chuyển dạ và trong đẻ
P21,ngạt khi sinh
P21.0,ngạt nặng khi sinh
P21.1,ngạt nhẹ và trung bình khi sinh
P21.9,ngạt khi đẻ chưa xác định
P22,suy hô hấp của trẻ sơ sinh
P22.0,hội chứng suy hô hấp của trẻ sơ sinh
P22.8,suy hô hấp khác của trẻ sơ sinh
P22.9,suy hô hấp của trẻ sơ sinh chưa xác định
P23,viêm phổi bẩm sinh
P23.0,viêm phổi bẩm sinh do virus
P23.1,viêm phổi bẩm sinh do chlamydia
P23.3,viêm phổi bẩm sinh do liên cầu nhóm b
P23.4,viêm phổi bẩm sinh do e coli
P23.5,viêm phổi bẩm sinh do pseudomonas
P23.8,viêm phổi bẩm sinh do các mầm bệnh khác
P23.9,viêm phổi bẩm sinh chưa xác định
P24,các hội chứng hít của trẻ sơ sinh
P24.0,sơ sinh hít phân su
P24.1,sơ sinh hít nước ối và niêm dịch
P24.2,sơ sinh hít phải máu
P24.3,sơ sinh hít sữa và thức ăn trào lên
P24.8,các hội chứng hít khác của trẻ sơ sinh
P24.9,hội chứng hít của trẻ sơ sinh chưa xác định
P25,tràn khí tổ chức kẽ phổi và các bệnh lý liên quan xuất phát trong thời kỳ chu sinh
Q53.12,tinh hoàn lạc chỗ ở tầng sinh môn một bên
Q53.2,tinh hoàn chưa xuống bìu hai bên
Q53.20,tinh hoàn chưa xuống bìu hai bên không xác định
Q53.22,tinh hoàn lạc chỗ ở tầng sinh môn hai bên
Q53.9,tinh hoàn chưa xuống bìu không đặc hiệu
Q54,lỗ đái lệnh thấp
Q54.0,lỗ đái thấp thể quy đầu
Q54.2,lỗ đái lệch thấp thể dương vật bìu
O75.0,tình trạng nguy cấp của mẹ trong chuyển dạ trong đẻ
O75.1,choáng trong hay sau chuyển dạ và đẻ
O75.2,sốt trong chuyển dạ không xếp loại ở chỗ khác
O75.3,nhiễm khuẩn khác trong chuyển dạ
O75.4,biến chứng khác của phẩu thuật và thủ thuật sản khoa
O75.5,đẻ muộn sau khi bấm ối
O75.7,đẻ đường dưới sau mổ lấy thai cũ
O75.8,biến chứng chỉ rõ khác của chuyển dạ và đẻ
O75.9,biến chứng của chuyển dạ và đẻ chưa xác định rõ
O80,đẻ thường một thai
O80.0,đẻ thường ngôi đầu
O80.8,đẻ thường một thai khác
O80.9,đẻ thường một thai chưa xác định rõ
O81,đẻ một thai bằng forcep hay giác hút
O81.1,đặt forcep trung bình
O81.2,đặt forcep trung bình có quay
O81.4,đặt giác hút
O81.5,đặt phối hợp cả forcep và giác hút
O82,mổ lấy thai cho một thai
O82.0,mổ lấy thai chủ động
O82.2,mổ lấy thai tiếp theo cắt tử cung
O82.8,mổ lấy thai khác cho một thai
O82.9,mổ lấy thai chưa xác định rõ
O83.0,kéo thai trong ngôi mông
O83.1,thủ thuật khác trong ngôi mông
O83.2,đẻ nhờ thủ thuật khác bằng tay
O83.4,các thủ thuật hủy thai
O83.8,các thủ thuật chỉ rõ khác trong đẻ một thai
O83.9,các thủ thuật chưa xác định rõ khác trong đẻ một thai
O84,đẻ nhiều thai
O84.0,đẻ nhiều thai hoàn toàn tự nhiên
O84.1,đẻ nhiều thai tất cả bằng forcep hay giác hút
O84.2,đẻ nhiều thai tất cả bằng mổ lấy thai
O84.8,đẻ nhiều thai khác
O84.9,đẻ nhiều thai chưa xác định rõ
O85,nhiễm khuẩn sau đẻ
O86,nhiễm khuẩn sau đẻ khác
Q01.1,thóat vị não qua vùng mũi trán
Q01.2,thóat vị não vùng chẩm
Q01.8,thóat vị não ở những vị trí khác
Q01.9,thóat vị não không đặc hiệu
Q02,tâ t đâ u nho
Q03.0,dị tật kênh sylvius
Q03.1,khuyết lỗ magendie và luschka
Q03.8,não úng thủy bẩm sinh khác
Q04,dị tật bẩm sinh khác của não
Q04.0,các dị tật bẩm sinh thể chai
Q04.1,tật không khứu não
Q04.2,tật toàn bộ não trước
Q04.4,loạn sản vách ngăn thần kinh thị giác
Q04.5,tật não to
Q04.6,nang nước não bẩm sinh
Q04.9,dị tật bẩm sinh não không đặc hiệu
Q05,nứt đốt sống
Q05.0,nứt đốt sống cổ với não úng thủy
Q05.1,nứt đốt sống ngực với não úng thủy
Q05.3,nứt đốt cùng cụt với não úng thủy
P01.5,thai nhi và trẻ sơ sinh bị ảnh hưởng do đa thai
P01.6,thai nhi và trẻ sơ sinh bị ảnh hưởng do tử vong mẹ
P01.7,thai nhi và trẻ sơ sinh bị ảnh hưởng do ngôi bất thường trước khi chuyển dạ
P01.8,thai nhi và trẻ sơ sinh bị ảnh hưởng do các biến chứng thai nghén khác của mẹ
P02,thai nhi và trẻ sơ sinh bị ảnh hưởng do các biến chứng của bánh rau dây rốn và các màng thai
P02.0,thai nhi và trẻ sơ sinh bị ảnh hưởng do rau tiền đạo
P02.1,thai nhi và trẻ sơ sinh bị ảnh hưởng do các hình thái bong rau và chảy máu khác
P02.2,thai nhi và trẻ sơ sinh bị ảnh hưởng do các bất thường về hình thái và chức năng khác chưa xác định của bánh rau
P02.3,thai nhi và trẻ sơ sinh bị ảnh hưởng do hội chứng truyền máu trong bánh rau
P02.4,thai nhi và trẻ sơ sinh bị ảnh hưởng do sa dây rốn
P02.5,thai nhi và trẻ sơ sinh bị ảnh hưởng do các chèn ép khác của dây rốn
Q24.6,nghẽn tim bẩm sinh
Q24.8,các dị tật bẩm sinh đặc hiệu khác của tim
Q25,các dị tật bẩm sinh của các động mạch lớn
Q25.0,còn ống động mạch
Q25.1,hẹp eo động mạch chủ
Q25.2,teo động mạch chủ
Q25.3,hẹp động mạch chủ
Q25.5,teo động mạch phổi
Q25.6,hẹp động mạch phổi
Q25.7,các dị tật bẩm sinh khác của động mạch phổi
Q25.8,các dị tật bẩm sinh khác của động mạch lớn
Q26,các dị tật bẩm sinh của các tĩnh mạch lớn
Q26.0,hẹp tĩnh mạch chủ bẩm sinh
Q26.1,còn tĩnh mạch chủ trên trái
Q26.2,hồi lưu tĩnh mạch phổi bất thường hoàn toàn
Q26.3,hồi lưu tĩnh mạch phổi bất thường một phần
Q26.4,hồi lưu tĩnh mạch phổi bất thường không đặc hiệu
Q26.6,rò động mạch gan tĩnh mạch cửa
Q26.8,các dị tật bẩm sinh khác của các tĩnh mạch lớn
Q26.9,dị tật bẩm sinh của các tĩnh mạch lớn không đặc hiệu
Q27,các dị tật bẩm sinh khác của hệ thống mạch máu ngoại biên
Q27.1,hẹp động mạch thận bẩm sinh
Q27.2,các dị tật bẩm sinh khác của động mạch thận
Q27.3,dị tật động tĩnh mạch ngoại biên
Q27.4,dãn tĩnh mạch bẩm sinh
Q27.8,các dị tật bẩm sinh đặc hiệu khác của hệ thống mạch ngoại biên
Q28,các dị tật bẩm sinh khác của hệ thống tuần hoàn
Q28.0,dị tật động tĩnh mạch của các mạch máu trước não
Q28.1,các dị tật khác của các mạch máu trước não
Q28.2,dị tật động tĩnh mạch của các mạch máu não
Q28.3,các dị tật khác của các mạch máu não
Q28.8,những dị tật đặc hiệu khác của hệ tuần hoàn
Q30,các bất thường bẩm sinh ở mũi
Q30.0,teo lỗ mũi
Q30.1,bất sản và kém phát triển mũi
Q30.2,mũi có rãnh có lõm hoặc nứt kẽ
M43.9,các bệnh cột sống có dị tật không đặc hiệu
M45,bê nh viêm cô t sô ng di nh khơ p
M46,các bệnh viêm cột sống khác
M46.0,bệnh gân dây chằng quanh cột sống
M46.1,viêm khớp cùng chậu chưa xếp loại ở mục khác
M46.2,viêm xương tủy thân đốt sống
M46.4,viêm đĩa đệm không xác định
M46.5,các bệnh nhiễm khuẩn khác của thân đốt sống
M46.8,các bệnh viêm khác của thân đốt sống được xác định
M46.9,viêm đốt sống không đặc hiệu
M47,thoái hóa cột sống
M47.00,hội chứng chèn ép động mạch sống và động mạch gai sống trước vị trí không xác định
M47.01,hội chứng chèn ép động mạch sống và động mạch gai sống trước vùng occipito atlanto axial
M47.02,hội chứng chèn ép động mạch sống và động mạch gai sống trước vùng cổ
M47.03,hội chứng chèn ép động mạch sống và động mạch gai sống trước vùng cổ ngực
M47.04,hội chứng chèn ép động mạch sống và động mạch gai sống trước vùng ngực
M47.05,hội chứng chèn ép động mạch sống và động mạch gai sống trước vùng ngực bụng
M47.06,hội chứng chèn ép động mạch sống và động mạch gai sống trước vùng thắt lưng
M47.07,hội chứng chèn ép động mạch sống và động mạch gai sống trước vùng bụng cùng
M47.08,hội chứng chèn ép động mạch sống và động mạch gai sống trước vùng cùng và cùng cụt
M47.1,thoái hóa cột sống khác kèm tổn thương tủy sống
M47.11,thoái hoá cột sống khác kèm tổn thương tủy sống vùng occipito atlanto axial
M47.12,thoái hoá cột sống khác kèm tổn thương tủy sống vùng cổ
M47.13,thoái hoá cột sống khác kèm tổn thương tủy sống vùng cổ ngực
M47.14,thoái hoá cột sống khác kèm tổn thương tủy sống vùng ngực
M47.15,thoái hoá cột sống khác kèm tổn thương tủy sống vùng ngực bụng
M47.16,thoái hoá cột sống khác kèm tổn thương tủy sống vùng thắt lưng
M47.17,thoái hoá cột sống khác kèm tổn thương tủy sống vùng bụng cùng
M47.2,thoái hóa cột sống khác có tổn thương rễ sống
M47.20,thoái hoá cột sống khác có tổn thương rễ sống vị trí không xác định
M47.21,thoái hoá cột sống khác có tổn thương rễ sống vùng occipito atlanto axial
M47.22,thoái hoá cột sống khác có tổn thương rễ sống vùng cổ
M47.23,thoái hoá cột sống khác có tổn thương rễ sống vùng cổ ngực
M47.24,thoái hoá cột sống khác có tổn thương rễ sống vùng ngực
M47.25,thoái hoá cột sống khác có tổn thương rễ sống vùng ngực bụng
M47.27,thoái hoá cột sống khác có tổn thương rễ sống vùng bụng cùng
M47.28,thoái hoá cột sống khác có tổn thương rễ sống vùng cùng và cùng cụt
M47.8,các thoái hóa cột sống khác
Q54.3,lỗ đái lệch thấp ở tầng sinh môn
Q54.4,cong dương vật bẩm sinh
Q54.9,lỗ đái lệch thấp không đặc hiệu
Q55,các dị tật bẩm sinh khác của cơ quan sinh dục nam
Q55.0,không có hoặc bất sản tinh hoàn
Q55.1,giảm sản tinh hoàn và bìu
Q55.20,các dị tật bẩm sinh không xác định của tinh hoàn và bìu các dị tật bẩm sinh của tinh hoàn và bìu nos
Q55.21,nhiều tinh hoàn
Q55.22,tinh hoàn co rút
Q55.23,chuyển vị bìu
Q55.29,các dị tật bẩm sinh khác của tinh hoàn và bìu
Q55.4,các dị tật bẩm sinh khác của ống dẫn tinh mào tinh túi tinh và tuyến tiền liệt
Q55.5,thiếu và bất sản dương vật bẩm sinh
Q55.8,dị tật bẩm sinh đặc hiệu khác của cơ quan sinh dục nam
Q55.9,dị tật bẩm sinh của cơ quan sinh dục nam không đặc hiệu
Q56,không xác định giới tính và hội chứng giả lưỡng giới
Q56.0,hội chứng lưỡng giớí không phân loại ở chỗ khác
Q56.2,hội chứng lưỡng giới giả nữ không phân loại ở chỗ khác
Q56.3,hội chứng lưỡng giới giả không đặc hiệu
Q56.4,không đặc hiệu giới tính không đặc hiệu
Q60,không có thận và các khuyết tật khác của thận
Q60.0,không có thận một bên
Q60.1,không có thận cả hai bên
Q60.2,không có thận không đặc hiệu
Q60.4,giảm sản thận hai bên
Q60.5,giảm sản thận không đặc hiệu
Q60.6,hội chứng potter
Q61.0,nang thận đơn bẩm sinh
Q61.1,bệnh thận đa nang di truyền lặn trên nhiễm sắc thể thường
Q61.3,thận đa nang không đặc hiệu
Q61.4,loạn sản thận
Q61.5,nang ở tủy thận
Q61.8,các loại bệnh nang thận khác
Q61.9,bệnh nang thận không đặc hiệu
Q62,các bệnh lý tắc bẩm sinh của bể thận và các dị tật bẩm sinh của niệu quản
Q62.1,teo và hẹp niệu quản
Q62.2,phình to niệu quản bẩm sinh
Q62.3,các bệnh lý tắc khác của bể và niệu quản
Q62.5,niệu quản đôi
Q62.6,thay đổi vị trí của niệu quản
Q62.8,các dị tật bẩm sinh khác của niệu quản
Q63,các dị tật bẩm sinh khác của thận
Q63.0,thận phụ
Q63.1,thận móng ngựa thận dính thận phân thùy
Q63.2,thận lạc chỗ
Q63.3,thận khổng lồ và tăng sản
Q63.8,các dị tật bẩm sinh đặc hiệu khác của thận
Q63.9,dị tật bẩm sinh của thận không đặc hiệu
Q64,các dị tật bẩm sinh khác của hệ tiết niệu
Q64.0,lỗ đái lệch cao
Q64.1,bàng quang lộ ngoài
Q64.10,bàng quang lộ ngoài không xác định bàng quang lạc chổ
O15.9,sản giật chưa xác định rõ thời kỳ xảy ra
Q05.4,nứt đốt sống không đặc hiệu với não úng thủy
Q05.5,nứt đốt sống cổ không có não úng thủy
Q05.6,nứt đốt sống ngực không có não úng thủy
Q05.7,nứt đốt sống thắt lưng không có não úng thủy
Q05.9,nứt đốt sống không đặc hiệu
Q06,các dị tật bẩm sinh khác của tủy sống
Q06.0,tật không có tủy sống
Q06.1,thiểu sản và loạn sản thừng cột sống
Q06.3,các dị tật bẩm sinh khác ở vùng đuôi ngựa
Q06.4,ứ nước ống nội tủy
Q06.8,dị tật bẩm sinh tủy sống đặc hiệu khác
Q07,dị tật bẩm sinh khác của hệ thần kinh
Q07.0,hội chứng arnold chiari
Q07.8,dị tật bẩm sinh của hệ thần kinh đặc hiệu khác
Q07.9,dị tật bẩm sinh hệ thần kinh không đặc hiệu
Q01.0,thóat vị não thuỳ trán
Q10,các dị tật bẩm sinh của mi mắt ổ mắt và bộ máy bài tiết nước mắt
Q10.0,sụp mí bẩm sinh
Q10.2,quặm bẩm sinh
Q10.3,các dị tật mí mắt bẩm sinh khác
Q10.5,hẹp hoặc chít hẹp bẩm sinh ống dẫn lệ
Q10.6,các dị tật bẩm sinh khác của ống dẫn lệ
Q10.7,dị tật bẩm sinh hố mắt
Q11,các dị tật không có mắt mắt bé mắt to
Q11.0,nhãn cầu dạng túi
Q11.2,dị tật mắt bé
Q11.3,dị tật mắt to
Q12,các dị tật bẩm sinh của thủy tinh thể
Q12.0,đục thủy tinh thể bẩm sinh
Q12.2,khuyết thủy tinh thể
Q12.3,thiếu thủy tinh thể bẩm sinh
Q12.4,thủy tinh thể hình cầu
Q12.9,các dị tật thủy tinh thể bẩm sinh không đặc hiệu
Q13,dị tật bẩm sinh phần trước mắt
Q13.0,tật khuyết mống mắt
Q13.1,tật không có mống mắt
Q13.2,các dị tật bẩm sinh khác của mống mắt
Q13.4,các dị tật bẩm sinh khác của giác mạc
Q13.5,củng mạc xanh
Q13.8,các dị tật bẩm sinh khác ở phần trước của mắt
Q13.9,dị tật bẩm sinh phần trước không đặc hiệu
Q14,các dị tật bẩm sinh phần sau của mắt
Q14.0,dị tật bẩm sinh thủy tinh dịch
Q14.1,dị tật bẩm sinh võng mạc
R43.0,mất khứu giác
R43.1,loạn khứu giác
R43.2,loạn vị giác
R43.8,rối loạn không xác định và rối loạn khác về mùi và vị
R44.0,ảo giác âm thanh
R44.1,ảo giác nhìn
R44.2,các ảo giác khác
R44.3,ảo giác không đặc hiệu
R44.8,triệu chứng và dấu hiệu không xác định khác về cảm giác và tri giác toàn thể
R45,triệu chứng và dấu hiệu về trạng thái cảm xúc
R45.1,không nghỉ và kích động
R45.2,bất ổn
R45.4,cáu gắt và tức giận
R45.5,thù định
Z54.8,dưỡng sức sau điều trị khác
Z54.9,dưỡng sức sau điều trị không đặc hiệu
Z55,những vấn đề liên quan đến giáo dục và biết chữ
Z55.0,mù chữ và biết chữ mức thấp
Z55.1,không có trường học và không tới được
Z55.2,thi trượt
Z55.3,học kém ở trường
Z55.4,bất hoà với giáo viên và bạn cùng lớp
Z55.8,các vấn đề khác liên quan đến giáo dục và mù chữ
Z55.9,vấn đề liên quan đến giáo dục và biết chữ không đặc hiệu
Z56.0,thất nghiệp không đặc hiệu
Z56.1,thay đổi công việc
Z56.2,sợ mất việc
Z56.3,lịch làm việc căng thẳng
Z56.4,bất hoà với chủ và các đồng nghiệp
Z56.6,căng thẳng tinh thần và thể lực liên quan đến công việc
Z56.7,các vấn đề khác không xác định liên quan đến công việc
Z57,nghề nghiệp tiếp xác với các yếu tố nguy cơ
Z57.0,nghề nghiệp tiếp xúc với tiếng ồn
Z57.2,nghề nghiệp tiếp xúc với bụi
Z57.3,nghề nghiệp tiếp xúc với không khí lây nhiễm khác
Z57.4,nghề nghiệp tiếp xúc với các chất độc hại trong nông nghiệp
Z57.6,nghề nghiệp tiếp xúc với nhiệt độ cao
Z57.7,nghề nghiệp tiếp xúc với độ rung
Z57.8,nghề nghiệp tiếp xúc với các yếu tố nguy cơ khác
Z57.9,nghề nghiệp tiếp xúc với các yếu tố nguy cơ không xác định
Z58,những vấn đề liên quan đến môi trường vật lý
Z58.0,phơi nhiễm với tiếng ồn
Z58.1,phơi nhiễm với không khí ô nhiễm
K03.7,biến màu mô cứng sau gẫy răng
K04.3,tạo mô cứng bất thường trong tủy
S24,tổn thương dây thần kinh và tủy sống vùng ngực
S24.0,chấn động và phù của tủy sống ngực
S24.1,tổn thương không đặc hiệu và khác của tủy sống ngực
S24.2,tổn thương rễ thần kinh của đốt sống ngực
S24.4,tổn thương dây thần kinh giao cảm ngực
S24.5,tổn thương mạch máu của ngực
S24.6,tổn thương dây thần kinh không đặc hiệu của ngực
S25,tổn thương mạch máu của ngực
S25.0,tổn thương động mạch chủ ngực
S25.1,tổn thương động mạch vô danh hay dưới đòn
S25.2,tổn thương tĩnh mạch chủ trên
S25.3,tổn thương tĩnh mạch nào đó hay ti nh ma ch dưới đòn
S25.4,tổn thương mạch máu phổi
S25.5,tổn thương mạch máu liên sườn
S25.7,tổn thương mạch máu phức tạp của ngực
S25.8,tổn thương mạch máu khác của ngực
S25.9,tổn thương mạch máu không đặc hiệu của ngực
S26,tổn thương tim
S26.0,tổn thương tim có tràn máu màng tim
S26.8,tổn thương khác của tim
S26.9,tổn thương tim không đặc hiệu
S27,tổn thương của các cơ quan không đặc hiệu và khác trong lồng ngực
S27.0,tràn khí phổi do chấn thương
S27.1,tràn máu phổi do chấn thương
S27.2,tràn khí máu phổi sang chấn
S27.3,tổn thương khác của phổi
S27.4,tổn thương phế quản
S27.6,tổn thương màng phổi
S27.7,đa tổn thương của các cơ quan trong ổ ngực
S27.8,tổn thương của các cơ quan khác đặc hiệu trong ổ ngực
S28,tổn thương vùi lấp của ngực và cắt cụt sang chấn phần của ngực
S28.0,ngực vùi lấp
S28.1,cắt cụt các phần sang chấn của ngực
S29,tổn thương không đặc hiệu và khác của ngực
S29.0,tổn thương cơ và gân vùng ngực
S29.7,tổn thương phức tạp của ngực
S29.9,tổn thương không đặc hiệu của ngực
S30,tổn thương nông của bụng lưng dưới và chậu hông
S30.0,đụng giập của lưng dưới và chân hông
S30.1,đụng giập thành bụng
S30.2,đụng giập cơ quan sinh dục ngoài
S30.7,tổn thương nông phức tạp ở bụng lưng dưới và chậu hông
S30.9,tổn thương nông của bụng lưng dưới và chậu hông phần không xác định
S31,vết thương hở của bụng lưng dưới và chậu hông
S31.0,vết thương hở của lưng dưới và chậu hông phần không xác định
S31.1,vết thương hở của thành bụng
S31.2,vết thương hở của dương vật
S31.3,vết thương hở của bìu và tinh hoàn
S31.5,vết thương hở của các cơ quan sinh dục ngoài không đặc hiệu và khác
S31.7,vết thương hở phức tạp của bụng lưng dưới và chậu hông
S31.8,vết thương hở của các phần không đặc hiệu và khác của bụng
S32,gẫy cột sống thắt lưng và chậu hông
S32.1,gẫy xương cùng
S32.2,gây xương cụt
S32.4,gẫy xương ổ cối
S32.5,gẫy xương mu
S32.7,gẫy phức tạp cột sống thắt lưng và chậu hông
S33,sai khớp bong gân và giãn khớp và dây chằng cột sống thắt lưng và chậu
W04,ngã khi đang được người khác bế vác
W05,ngã liên quan đến ghế xe đẩy
W06,ngã liên quan đến giường
W07,ngã ghế
W08,ngã liên quan đến đồ đạc khác
W09,ngã liên quan đến đồ chơi ở sân
Z86.11,bệnh sử cá nhân có bệnh lao
Z86.12,bệnh sử cá nhân có bệnh bại liệt
Z86.19,bệnh sử cá nhân có bệnh nhiễm trùng và ký sinh trùng
S54.12,chấn thương dây thần kinh giữa ở tầm cẳng tay bên trái
S54.20,chấn thương dây thần kinh xương quay ở tầm cẳng tay bên phải
S54.22,chấn thương dây thần kinh xương quay ở tầm cẳng tay không xác định bên
S54.30,chấn thương dây thần kinh cảm giác da ở tầm cẳng tay không xác định bên
S54.31,chấn thương dây thần kinh cảm giác da ở tầm cẳng tay bên phải
S54.32,chấn thương dây thần kinh cảm giác da ở tầm cẳng tay bên trái
R89,ca c pha t hiê n bâ t thươ ng trong mâ u vâ t cu a ca c cơ quan hê thô ng va mô kha c
R90.0,tổn thương chóan chỗ trong sọ
R90.8,các phát hiện bất thường khác về chẩn đoán hình ảnh của hệ thần kinh trung ương
R91,các phát hiện bất thường về chẩn đoán hình ảnh của phô i không xa c đi nh
R92,các phát hiện bất thường về chẩn đoán hình ảnh của ngư c
R93,các phát hiện bất thường về chẩn đoán hình ảnh của các cơ quan khác
R93.0,các phát hiện bất thường về chẩn đoán hình ảnh của xương sọ và đầu chưa được phân loại ở phần khác
R93.1,các phát hiện bất thường về chẩn đoán hình ảnh của tim và mạch vành không đặc hiệu
R93.2,các phát hiện bất thường về chẩn đoán hình ảnh của gan và đường dẫn mật
R93.3,các phát hiện bất thường về chẩn đoán hình ảnh của các phần khác của đường tiêu hóa
R93.5,các phát hiện bất thường về chẩn đoán hình ảnh của vùng bụng khác kể cả khoang sau màng bụng
R93.6,các phát hiện bất thường về chẩn đoán hình ảnh của các chi
R93.7,các phát hiện bất thường về chẩn đoán hình ảnh của các phần khác của hệ xương
R93.8,các phát hiện bất thường về chẩn đoán hình ảnh của các cấu trúc cơ thể xác định khác
R94,kết quả bất thường về thăm dò chức năng
R94.0,kết quả bất thường về thăm dò chức năng của hệ thần kinh trung ương
R94.1,kết quả bất thường về thăm dò chức năng của hệ thần kinh ngoại biên và các giác quan đặc hiệu
R94.3,kết quả bất thường về thăm dò chức năng tuần hoàn
R94.4,kết quả bất thường về thăm dò chức năng thận
R94.5,kết quả bất thường về thăm dò chức năng gan
R94.6,kết quả bất thường về thăm dò chức năng tuyến giáp
R94.7,kết quả bất thường về thăm dò chức năng nội tiết khác
R95,hội chứng đột tử trẻ em
R96,đột tử khác không rõ nguyên nhân
R96.0,đột tử
R96.1,tử vong dưới 24 giờ sau khi khởi phát các triệu chứng không có cách giải thích
R98,tư vong không ai biê t
R99,nguyên nhân tư vong không xa c đi nh kha c va bê nh xa c đi nh không đă c hiê u kha c
S00.0,tổn thương nông của da đâ u
S12.43,trượt đốt sống do chấn thương không xác định ở đốt sống cổ 5
S12.44,trượt đốt sống do chấn thương týp iii ở đốt sống cổ 5
S12.45,trượt đốt sống do chấn thương khác ở đốt sống cổ 5
S12.49,gẫy khác ở đốt sống cổ 5
S12.53,trượt đốt sống do chấn thương không xác định ở đốt sống cổ 6
S12.54,trượt đốt sống do chấn thương týp iii ở đốt sống cổ 6
S12.55,trượt đốt sống do chấn thương khác ở đốt sống cổ 6
S12.59,gẫy khác ở đốt sống cổ 6
S12.63,trượt đốt sống do chấn thương không xác định ở đốt sống cổ 7
S12.64,trượt đốt sống do chấn thương týp iii ở đốt sống cổ 7
S12.65,trượt đốt sống do chấn thương khác ở đốt sống cổ 7
S12.69,gẫy khác ở đốt sống cổ 7
S12.7,gẫy nhiều chỗ của đốt sống cổ
S12.8,gẫy các phần khác của cổ
S13,sai khớp bong gân và căng cơ quá mức của khớp và các dây chằng thuộc vùng cổ
S13.0,vỡ đĩa liên đốt sô ng cô do chấn thương
S13.1,sai khớp đốt sống cổ
S13.10,bán trật và sai khớp của đốt sống cổ không xác định
S13.11,bán trật và sai khớp của đốt sống cổ c0 c1
S13.13,bán trật và sai khớp của đốt sống cổ c2 c3
S13.14,bán trật và sai khớp của đốt sống cổ c3 c4
S13.15,bán trật và sai khớp của đốt sống cổ c4 c5
S13.16,bán trật và sai khớp của đốt sống cổ c5 c6
S13.18,bán trật và sai khớp của đốt sống cổ c7 t1
S13.2,sai khớp của các phần khác và không đặc hiệu của cổ
S13.3,sai khớp phức tạp của cổ
S13.4,bong gân và căng cơ quá mức của đốt sống cổ
S13.5,bong gân và căng cơ vùng giáp
S14,tổn thương dây thần kinh và tủy sống đoạn cổ
S14.0,chấn động và phù tủy sống đoạn cổ
S14.1,tổn thương không đặc hiệu và khác của tủy sống cổ
S14.10,chấn thương không xác định ở tủy sống cổ
S14.11,tổn thương hoàn toàn tủy sống cổ
S14.12,hội chứng tủy trung ương của tủy sống cổ
S14.13,hội chứng động mạch não trước của dây cột sống cổ
S14.14,hội chứng brown sequard của tủy sống cổ
S14.15,tổn thương không hoàn toàn của tủy sống cổ
S14.2,tổn thương rễ thần kinh của gai sống cổ
S14.3,tổn thương đám rối thần kinh cánh tay
S14.4,tổn thương đám rối thần kinh ngoại vi của cổ
S14.5,tổn thương dây thần kinh giao cảm cổ
S14.6,tổn thương các dây thần kinh không đặc hiệu và khác của cổ
S15.0,tổn thương động mạch cảnh
S15.00,chấn thương động mạch cảnh không xác định bên
S15.01,rách nhẹ động mạch cảnh
S15.02,rách bờ nham nhở lớn động mạch cảnh
Z94.9,tình trạng cơ quan và tổ chức được cấy ghép không đặc hiệu
Z95,sự có mặt của các thiết bị cấy ghép tim và mạch máu
Z95.0,tồn tại của thiết bị điện tại tim
S00.1,đụng giập mi mắt và vùng quanh ổ mắt
S00.2,tổn thương nông khác của mi mắt và vùng quanh ổ mắt
S00.3,tổn thương nông của mũi
S00.4,tổn thương nông của tai
S00.5,tổn thương nông của môi và khoang miệng
S00.7,tổn thương nông và nhiều ở đầu
S00.8,tổn thương của các phần khác của đầu
S00.9,tổn thương nông ở đầu phần không xác định
S01,vết thương hở ở đầu
S01.0,vết thương hở của da đầu
S01.1,vết thương hở của mi mắt và vùng quanh mắt
S01.2,vết thương hở của mũi
S01.3,vết thương hở của tai
S01.4,vết thương hở của má và vùng thái dương xương hàm dưới
S01.5,vết thương của môi va khoang miệng
S01.7,nhiều vết thương hở của đầu
S01.8,vết thương hở của các phần khác của đầu
S01.9,vết thương hở của đầu phần không xác định
S02,vỡ xương sọ và xương mặt
S02.0,vỡ vòm sọ
S02.1,vỡ nền sọ
S02.2,vỡ xương mũi
S02.3,vỡ xương sàn ổ mắt
S02.4,vỡ xương má và xương hàm
S02.5,gẫy răng
S02.6,vỡ xương hàm
S33.1,sai khớp sống thắt lưng
S33.2,sai khớp cùng chậu và cùng cụt
S33.4,vỡ khớp mu do chấn thương
S33.5,bong gân và giãn khớp sống thắt lưng
S33.7,bong gân và giãn khớp của các phần không xác định và khác của cột sống thắt lưng vàchậu
S34,tổn thương dây thần kinh và dây sống tại bụng lưng và chậu hông
S34.0,chấn động và phù của dây sống thắt lưng
S34.2,vết thương rễ thần kinh của đốt sống thắt lưng và gai cùng
S34.3,tổn thương dây thần kinh đuôi ngựa
S34.4,tổn thương đám rối thần kinh thắt lưng cùng
S34.5,tổn thương dây thần kinh giao cảm vùng thắt lưng cùng và chậu
S34.6,tổn thương các dây thần kinh ngoại vi của bụng lưng và chậu
S35,tổn thương mạch máu vùng bụng lưng và chậu
S35.0,tổn thương động mạch chủ bụng
S35.1,tổn thương tĩnh mạch chủ dưới
S35.2,tổn thương động mạch bụng hay tràng
S35.3,tổn thương tĩnh mạch cửa hay gan
S35.4,tổn thương mạch máu thận
S35.7,tổn thương phức tạp mạch máu vùng bụng lưng dưới và chậu
S35.8,tổn thương các mạch máu khác vùng bụng lưng dưới và chậu
S35.9,tổn thương mạch máu không xác định vùng bụng lưng và chậu
S36,tổn thương các cơ quan trong ổ bụng
S36.1,vết thương gan hay túi mật
S36.2,vết thương tụy
S36.3,vết thương dạ dày
S36.5,vết thương đại tràng
S36.6,vết thương trực tràng
S10.80,chấn thương nông không xác định của các phần khác của cổ
S10.81,trầy xướt phần khác ở cổ
S10.82,vết bỏng dộp ở phần khác của cổ không do nhiệt độ
S10.83,đụng dập phần khác của cổ
S10.84,co thắt bên ngoài của phần khác của cổ
S10.85,dị vật nông ở phần khác của cổ
S10.87,vết cắn đốt nông ở phần khác của cổ
S10.9,tổn thương nông của cổ phần không đặc hiệu
S11,vết thương hở của cổ
S11.0,vết thương hở bao gồm thanh quản và khí quản
S11.01,vết thương hở thanh quản
S11.03,vết thương hở ở dây thanh
S11.1,vết thương hở bao gồm tuyến giáp
S11.10,vết thương hở không xác định ở tuyến giáp
S11.12,rách bờ nham nhở có dị vật ở tuyến giáp
S11.13,vết thương chột không có dị vật ở tuyến giáp
S11.14,vết thương chột có dị vật ở tuyến giáp
S11.15,vết cắn hở tuyến giáp
S11.2,vết thương hở bao gồm hầu và thực quản phần cổ
S11.21,rách bờ nham nhở không có dị vật ở họng và thực quản vùng cổ
S11.22,rách bờ nham nhở có dị vật ở họng và thực quản vùng cổ
S11.23,vết thương chột không có dị vật ở họng và thực quản vùng cổ
S11.24,vết thương chột có dị vật ở họng và thực quản vùng cổ
S11.25,vết cắn hở ở họng và thực quản vùng cổ
S11.7,đa vết thương hở của cổ
S11.80,vết thương hở không xác định của các phần khác ở cổ
S11.81,rách bờ nham nhở không có dị vật ở phần khác của cổ
S11.82,rách bờ nham nhở có dị vật ở phần khác ở cổ
S11.83,vết thương chột không có dị vật ở phần khác ở cổ
S11.85,vắn cắn hở ở phần khác của cổ
S11.89,vết thương hở khác của phần khác ở cổ
S11.9,vết thương hở của cổ phần không đặc hiệu
S11.90,vết thương hở không đặc hiệu ở phần không đặc hiệu của cổ
Z95.1,sự có mặt của mảnh ghép nối thông động mạch chủ vành bypass
Z95.2,sự có mặt của van tim chỉnh hình
Z95.4,sự có mặt của van tim thay thế khác
Z95.5,sự có mặt của dụng cụ cấy ghép tạo hình động mạch vành
S36.7,vết thương nhiều cơ quan trong ổ bụng
S36.9,vết thương cơ quan trong ổ bụng không xác định
S37,tổn thương của hệ tiết niệu và cơ quan ở chậu hông
S37.0,vết thương thận
S37.1,vết thương niệu quản
S37.3,vết thương niệu đạo
S37.4,vết thương buồng trứng
S37.5,vết thương vòi trứng
S37.7,vết thương nhiều cơ quan vùng chậu
S37.8,vết thương cơ quan vùng chậu khác
S37.9,vết thương cơ quan chậu không xác định
S38,vết thương vùi lấp và cắt đoạn sang chấn một phần của bụng lưng dưới và chậu
S38.0,vết thương vùi lấp cơ quan sinh dục ngoài
S38.1,vết thương vùi lấp ở các phần không đặc hiệu khác của bụng lưng dưới chậu
S38.2,cắt đoạn sang chấn cơ quan sinh dục ngoài
S38.3,cắt đoạn sang chấn các phần không xác định và khác của bụng lưng dưới và chậu
S39,vết thương không xác định và khác của bụng lưng dưới và chậu
S39.0,vết thương cơ và gân của bụng lưng dưới và chậu
S39.6,vết thương các cơ quan trong ổ bụng và các cơ quan chậu
S39.7,vết thương phức tạp của bụng lưng dưới và chậu
S39.8,vết thương đặc hiệu khác của bụng lưng dưới và chậu
S39.9,tô n thương bụng dưới lưng và chậu
S40,vết thương nông của vai và cánh tay
S40.0,chấn động vai và cánh tay
T45.8,ngộ độc thuốc dùng chủ yếu toàn thân và huyết học khác
S02.7,nhiều ma nh vỡ của xương sọ và xương mặt
S02.8,vỡ các xương khác của sọ và mặt
S02.9,vỡ các xương sọ và xương mặt phần không xác định
S03,sai khớp bong gân và căng cơ của khớp và các dây chằng của đầu
S03.0,sai khớp hàm
S03.2,sai khớp răng
S03.3,sai khớp của các phần không xác định của đầu
S03.4,bong gân và căng cơ của hàm
S03.5,bong gân và căng cơ của khớp và dây chằng của các phần khác không xác định của đầu
S04.0,tổn thương dây thần kinh thị giác và đường đi
S11.91,rách bờ nham nhở không có dị vật ở phần không xác định của cổ
S11.93,vết thương chột không có dị vật ở phần không xác định ở cổ
S11.94,vết thương chột có dị vật ở phần không xác định của cổ
S11.95,vết cắn hở ở phần không xác định của cổ
S12,gẫy cổ
S12.0,gẫy đốt sống cổ thứ nhất
S12.00,gẫy không đặc hiệu ở đốt sống cổ thứ nhất
S12.01,gẫy xê dịch ngang ổn định ở đốt sống cổ thứ 1
S12.02,gẫy xê dịch ngang không ổn định ở đốt sống cổ thứ 1
S12.03,gẫy cung sau của đốt sống cổ thứ 1
S12.04,gẫy khối bên của đốt sống cổ thứ 1
S12.09,gẫy khác của đốt sống cổ thứ 1
S12.1,gẫy đốt sống cổ thứ hai
S12.10,gẫy không đặc hiệu ở đốt sống cổ thứ hai
S12.11,gẫy dens týp ii
S12.12,gẫy dens khác
S12.13,trượt đốt sống do chấn thương không xác định ở đốt sống cổ 2
S12.14,trượt đốt sống do chấn thương túyp iii ở đốt sống cổ 2
S12.15,trượt đốt sống do chấn thương khác ở đốt sống cổ 2
S12.19,gẫy khác của đốt sống cổ 2
S12.2,gẫy đốt sống cổ đặc hiệu khác
S12.20,gẫy không xác định của đốt sống cổ 3
S54.00,chấn thương dây thần kinh xương trụ ở tầm cẳng tay không xác định bên
S54.01,chấn thương dây thần kinh xương trụ ở tầm cẳng tay bên phải
S54.10,chấn thương dây thần kinh giữa ở tầm cẳng tay không xác định bên
S54.11,chấn thương dây thần kinh giữa ở tầm cẳng tay bên phải
S04.1,tổn thương dây thần kinh vận nhãn
S04.2,tổn thương dây thần kinh ròng rọc
S04.4,tổn thương dây thần kinh
S04.5,tổn thương dây thần kinh thính giác
S04.6,tổn thương dây thần kinh thính giác
S04.7,tổn thương dây thần kinh phụ
S04.9,tổn thương dây thần kinh sọ không xác định
S05,tổn thương mắt và ổ mắt
S05.0,tổn thương kết mạc và xước giác mạc không có dị vật
S05.1,đụng giập nhãn cầu và tổ chức hố mắt
S05.3,rách xé nhãn cầu không có sa hay mất tổ chức trong nhãn cầu
S05.4,vết thương thấu nhãn cầu có hay không có dị vật
S05.5,vết thương thấu nhãn cầu có dị vật
S05.6,vết thương thấu nhãn cầu không có dị vật
S05.7,nhổ giâ t mắt
S05.8,các tổn thương khác của mắt và ổ mắt
S06,tổn thương nội sọ
S06.0,chấn động
S06.1,phù não chấn thương
S06.2,tổn thương não lan toả
S06.3,tổn thương ổ của não
S06.5,chảy máu dưới màng cứng
S06.6,chảy máu dưới màng nhện chấn thương
S06.7,tổn thương nội sọ có hôn mê kéo dài
S06.9,tổn thương nội sọ không đặc hiệu
S07,tổn thương vùi lấp của đầu
S07.0,tổn thương vùi lấp của mặt
S07.8,tổn thương vì lấp của các phần khác của đầu
S07.9,tổn thương vùi lấp của đầu các phần không xác định
S08,cắt cụt phần của đầu do chấn thương
S08.0,nhổ giâ t da đầu
S08.8,cắt cụt các phần khác của đầu do châ n thương cu a
S08.9,cắt cụt của phần không xác định của đầu do châ n thương
S09,tổn thương khác và không đặc hiệu của đầu
S09.0,tổn thương các mạch máu của đầu không xếp hạng nơi khác
S09.1,tổn thương cơ và gân của đầu
S09.2,rách chấn thương màng nhĩ
S09.7,tổn thương phức tạp của đầu
S09.8,tổn thương đặc hiệu khác của đầu
S09.9,tổn thương không đặc hiệu của đầu
S10,tổn thương nông của cổ
S10.0,đụng giập họng
S10.1,tổn thương nông không đặc hiệu và khác của họng
S10.10,chấn thương nông của họng không đặc hiệu
S10.11,trầy xướt họng
S10.12,bỏng dộp ở họng không do nhiệt độ
S10.15,dị vật nông ở họng
S10.16,bị côn trùng cắn đốt ở họng
S10.17,vết cắn đốt nông ở họng
S10.7,đa tổn thương nông của cổ
T45.9,ngộ độc thuốc dùng chủ yếu toàn thân và huyết học chưa xác định
T46.0,ngộ độc glycosid kích thích tim và thuốc tác dụng tương tự
T46.1,ngộ độc thuốc chẹn calci
T46.2,ngộ độc thuốc chống loạn nhịp khác không xếp loại ở phần nào
T46.3,ngộ độc thuốc giãn động mạch vành không xếp loại ở nơi khác
T46.4,ngộ độc thuốc ức chế men chuyển đổi angiotensin
T46.6,ngộ độc thuốc hạ lipid máu và chống xơ cứng động mạch
T46.7,ngộ độc thuốc giãn động mạch ngoại vi
T46.8,ngộ độc thuốc chống giãn tĩnh mạch kể cả thuốc xơ cứng
T46.9,ngộ độc thuốc tác động chủ yếu hệ thống tim mạch khác và chưa xác định
T47,ngộ độc do thuốc tác động chủ yếu trên hệ thống tiêu hóa
T47.0,ngộ độc chất đối kháng thụ cảm histamin h2
T47.1,ngộ độc thuốc chống acid và chống tiết dịch vị khác
T47.3,ngộ độc thuốc nhuận tràng thẩm thấu và muối
T47.4,ngộ độc thuốc nhuận tràng khác
T47.5,ngộ độc thuốc lợi tiêu hóa
T47.6,ngộ độc thuốc chống ỉa chảy
T47.7,ngộ độc chất gây nôn
T47.9,ngộ độc thuốc tác động chủ yếu trên hệ thống tiêu hóa chưa xác định
T48,ngộ độc thuốc tác động chủ yếu trên cơ trơn và cơ xương và hệ thống hô hấp
T48.0,ngộ độc thuốc trợ đẻ
T48.1,ngộ độc thuốc dãn cơ thuốc ức chế thần kinh cơ
T48.2,ngộ độc thuốc chủ yếu tác động trên cơ khác và chưa xác định
T48.3,ngộ độc thuốc chống ho
T48.4,ngộ độc thuốc long đờm
T48.5,ngộ độc thuốc chống cảm lạnh
T48.6,ngộ độc thuốc trị hen không xếp loại phần nào
T48.7,ngộ độc thuốc tác động chủ yếu trên hệ hô hấp khác và chưa xác định
T49,ngộ độc thuốc dùng tại chỗ tác động chủ yếu trên da và niêm mạc và do thuốc dùng chữa mắt tai và răng
T49.0,ngộ độc thuốc chống nấm chống nhiễm trùng chống viêm tại chỗ không xếp loại ở phần nào
S12.24,trượt đốt sống do chấn thương týp iii ở đốt sống cổ 3
S12.29,gẫy khác ở đốt sống cổ 3
S12.30,gẫy không xác định của đốt sống cổ 4
S12.33,trượt đốt sống do chấn thương không xác định ở đốt sống cổ 4
S12.34,trượt đốt sống do chấn thương týp iii ở đốt sống cổ 4
S12.35,trượt đốt sống do chấn thương khác ở đốt sống cổ 4
S12.39,gẫy khác ở đốt sống cổ 4
Y63.61,dùng thuốc dược chất sinh chất không đủ liều
S20.40,chấn thương nông không xác định của thành sau ngực
S20.41,trầy xướt thành sau của ngực
S20.42,bỏng dộp không do nhiệt độ ở thành sau của ngực
S20.44,co thắt bên ngoài của thành sau ngực
S20.45,dị vật nông ở thành sau ngực
S20.47,bị cắn đốt nông khác ở thành sau ngực
S20.7,tổn thương phức tạp nông của ngực
S20.8,tổn thương nông của các phần không đặc hiệu và khác của ngực
S20.90,chấn thương nông không đặc hiệu của các phần không xác định của lồng ngực
S20.91,trầy xướt ở vùng không xác định của ngực
S20.92,bỏng dộp không do nhiệt độ của phần không xác định của ngực
S20.94,co thắt bên ngoài của phần không xác định của ngực
S20.95,dị vật nông ở phần không xác định của ngực
S20.96,bị cắn đốt không có nọc độc ở phần không xác định của ngực
S20.97,bị cắn đốt nông ở phần không xác định của ngực
S21,vết thương hở của ngực
S21.0,vết thương hở của vú
S21.00,vết thương hở không đặc hiệu ở vú
S21.01,rách bờ nham nhở không có dị vật ở vú
S21.03,vết thương do đâm không có dị vật ở vú
S21.04,vết thương do đâm có dị vật ở vú
Y49.5,ức chế tâm thần và an thần khác
Y49.6,thuốc gây ảo giác sinh hoang tưởng
Y49.7,thuốc kích thích tâm thần và lạm dụng thuốc
Y49.8,các thuốc hướng thần khác chưa được xếp loại ở nơi khác
Y49.9,thuốc hướng thần không rõ đặc điểm
Y50,kích thích hệ thần kinh trung ương không xếp loại ở nơi khác
Y50.0,thuốc hồi sức
Y50.1,chất đối kháng thụ cảm opioid
Y50.2,methylxanthin không được xếp loại ở nơi khác
Y50.8,chất kích thích hệ thần kinh trung ương khác
Y50.9,chất kích thích hệ thần kinh trung ương không rõ đặc điểm
Y51,thuốc tác dụng chủ yếu trên hệ thần kinh tự động
Y51.0,chất kháng cholinesterase
Y51.1,chất giống phó giao cảm khác cholinergic
Y63.62,không dùng thuốc dược chất sinh chất không cần thiết
S21.05,vết cắn đốt hở ở vú vết cắn đốt ở vú nos
S21.1,vết thương hở của thành trước ngực
S21.11,rách bờ nham nhở không có dị vật của thành trước ngực không xuyên thấu đến lồng ngực
S21.12,rách bờ nham nhở có dị vật của thành trước ngực không xuyên thấu đến lồng ngực
S21.13,vết đâm thủng không có dị vật của thành trước ngực không xuyên thấu đến lồng ngực
S21.14,vết đâm thủng có dị vật của thành trước ngực không xuyên thấu đến lồng ngực
S21.15,vét cắn hở ở thành trước ngực không xuyên thấu vào lồng ngực
S21.2,vết thương hở của thành sau ngực
S21.20,vết thương hở không xác định của thành sau ngực không xuyên thấu vào lồng ngực
S21.21,rách bờ nham nhở không có dị vật ở thành sau ngực không xuyên thấu vào khoang ngực
S21.23,vết thương chột không có dị vật ở thành sau lồng ngực không xuyên thấu vào lồng ngực
S21.24,vết thương chột có dị vật ở thành sau lồng ngực không xuyên thấu vào lồng ngực
S21.25,vết cắn hở ở thành sau lồng ngực không xuyên thấu vào lồng ngực
S21.7,vết thương hở phức tạp của thành ngực
S21.8,vết thương hở của các phần khác của ngực
S21.9,vết thương hở của ngực phần không đặc hiệu
S22,gẫy xương nhiều sườn xương ức và gai sống ngực
S22.0,gẫy đốt sống ngực
S22.1,gẫy phức tạp gai sống ngực
S22.2,gẫy xương ức
S22.4,gẫy phức tạp xương sườn
S22.5,ma ng sươ n di đô ng
S22.8,gẫy các phần khác của xương ngực
S22.9,gẫy xương ngực phần không đặc hiệu
S23.0,vỡ chấn thương của đĩa liên đốt ngực
S23.1,sai khớp của các phần không đặc hiệu và khác của ngực
S23.2,sai khớp của các phần không đặc hiệu và khác của ngực
S23.3,bong gân và căng cơ của đốt sống ngực
S23.4,bong gân và căng cơ của xương sườn và xương ức
S23.5,bong gân và căng cơ của các phần không đặc hiệu và khác của ngực
V81.81,người đi tầu hỏa hay ô tô ray bị thương do nổ hoặc cháy trên tầu
Y51.3,các thuốc giải phó giao cảm kháng cholinergic và kháng muscarin và giảm co bóp khác không xếp loại ở nơi khác
Y51.4,chất ưu tiên cảm thụ adrenergic không xếp loại ở nơi khác
V81.82,người đi tầu hỏa hay ô tô ray bị thương do vật thể rơi trúng tầu
V81.83,người đi tầu hỏa hay ô tô ray bị thương do va chạm với xe quân đội
V81.89,người đi tầu hỏa hay ô tô ray bị thương do tai nạn đường ray khác và xác định
H62.2,viêm tai ngoài trong bệnh nhiễm nấm
H65.1,viêm tai giữa không nung mủ cấp khác
H66.0,viêm tai giữa nung mủ cấp viêm tai giữa cấp mủ
H67.8,viêm tai giữa trong bệnh khác phân loại nơi khác
H69.9,bệnh vòi eustache không đặc hiệu
H70.8,viêm xương chũm khác và tình trạng liên quan
H72.2,thủng rìa màng nhĩ khác thủng màng nhĩ sát xương khác
H73.8,những rối loạn đặc hiệu khác của màng nhĩ
H74.3,những bất thường mắc phải khác của chuỗi xương con dị dạng xương con mắc phải khác
O24.3,đái tháo đường sẵn có chưa xác định rõ
O26.1,tăng cân ít trong khi có thai
O26.5,hội chứng hạ huyết áp bà mẹ
O28,các dấu hiệu bất thường của bà mẹ phát hiện khi khám thai
P29.2,tăng huyết áp sơ sinh
P29.9,các rối loạn tim mạch không được định rõ xuất phát từ thời kỳ chu sinh
P36,nhiễm khuẩn của trẻ sơ sinh
P36.19,nhiễm khuẩn sơ sinh do các liên cầu khác
Q64.12,bàng quang lộn ra ngoài cloacal exstrophy
Q64.5,không có bẩm sinh bàng quang và niệu đạo
Q64.73,rò niệu đạo trực tràng bẩm sinh
Q64.9,dị tật bẩm sinh của hệ tiết niệu không đặc hiệu
Q65.1,trật khớp háng bẩm sinh hai bên
Q65.32,trật khớp háng bẩm sinh một phần bên trái
Q65.9,biến dạng bẩm sinh của khớp háng không đặc hiệu
Q66.4,bàn chân gót vẹo ra ngoài
Q66.9,biến dạng bẩm sinh của bàn chân không đặc hiệu
Q67.4,các biến dạng bẩm sinh khác của sọ mặt và xương hàm
Q68.0,biến dạng bẩm sinh của cơ ức đòn chũm
Q68.5,cong bẩm sinh các xương dài của chân không đặc hiệu
O30.8,đa thai khác
O31.0,thai giấy
O31.8,biến chứng xác định khác do đa thai
O32.3,chăm sóc bà mẹ vì ngôi mặt ngôi trán và ngôi thóp trước
O33.0,chăm sóc bà mẹ vì bất tương xứng do biến dạng khung xương chậu
O33.8,chăm sóc bà mẹ vì bất tương xứng do các nguyên nhân khác
O34.4,chăm sóc bà mẹ có các bất thường khác ở cổ tử cung
O35.2,chăm sóc bà mẹ vì bệnh di truyền của thai hay nghi ngờ bệnh do di truyền
P39.2,nhiễm khuẩn thai trong buồng ối không xếp loại ở chỗ nào khác
P50.1,mất máu thai vì vỡ dây rốn
P50.9,mất máu thai không được định rõ
P51.9,chảy máu rốn không được định rõ của trẻ sơ sinh
P52.5,chảy máu dưới màng nhện không chấn thương của thai nhi và trẻ sơ sinh
P54.2,chảy máu trực tràng của trẻ sơ sinh
O05.1,pha thai kha c kho ng hoa n toa n ga y biê n chư ng ra ma u nhiê u hay ke o da i
O05.8,pha thai kha c hoa n toa n hoạ c chu a xa c đi nh ro ga y biê n chư ng kha c chu a xa c đi nh ro
Q91.2,ba nhiễm sắc thể chuyển đoạn
R26.3,bất động
R50.2,sốt do thuốc
R57.2,sốc choáng nhiễm khuẩn
R65.0,hội chứng đáp ứng viêm hệ thống do nhiễm trùng không có suy cơ quan
R95.0,hội chứng đột tử trẻ em có đề cập đến khám nghiệm tử thi
B18.0,viêm gan virus b mạn có đồng nhiễm viêm gan virus d
C15.9,u ác của thực quản không xác định
C45.7,u trung biểu mô của các vị trí khác
C61,u ác của tuyến tiền liệt
N43.4,nang mào tinh hoàn
S33.3,sai khớp các phần không xác định và khác của gai thắt lưng và chậu
F20.3,tâm thần phân liệt thể không biệt định
F20.89,các thể tâm thần phân liệt khác
F22.0,rối loạn hoang tưởng
F23.0,rối loạn loạn thần cấp đa dạng không có các triệu chứng của bệnh tâm thần phân liệt
F25.1,rối loạn phân liệt cảm xúc loại trầm cảm
F30,giai đoạn hưng cảm
A23.8,bệnh do brucella khác
A24.1,nhiễm malleomyces pseudomallei cấp tính và tối cấp
A25.9,sốt do chuột cắn không xác định
A26.9,bệnh do erysipelothrix không xác định
A28,bệnh nhiễm trùng khác do động vật truyền sang người chưa được phân loại
A30.2,bệnh phong thể củ ranh giới
A30.8,thể khác của bệnh phong
A31.8,nhiễm khuẩn mycobacteria khác
A32.11,viêm màng não do listeria
A32.81,viêm động mạch não do listeria
A35,bệnh uốn ván khác
A98,sốt xuất huyết do virus khác chưa phân loại
A98.5,sốt xuất huyết với hội chứng thận
B00.1,viêm da rộp nước do virus herpes
B00.50,viêm da mi mắt do virus herpes
B00.7,bệnh virus herpes lan tỏa
B00.9,nhiễm virus herpes không xác định
B01.9,thủy đậu không biến chứng
B02.21,viêm hạch gối sau khi nhiễm herpes
B02.31,viêm kết mạc do zoster
B02.35,viêm mí mắtviêm kết giác mạc viêm củng mạc do zoster
B05.1,sởi biến chứng viêm màng não g02 0
B06.01,viêm não do rubella viêm não màng não do rubella
B07,bệnh mụn cóc do virus
B08.4,viêm họng có phỏng nước do virus đường ruột với phát ban
C00,u ác của môi
C00.8,u ác với tổn thương chồng lấn của môi
C02.1,u ác bờ của lưỡi
C02.8,u ác với tổn thương chồng lấn của lưỡi
C03.9,u ác của nướu không xác định
C05.1,u ác của khẩu cái mềm
C05.9,u ác của khẩu cái không xác định
C72.0,u ác của tủy sống
C72.4,u ác của thần kinh thính giác
C74.0,u ác của vỏ tuyến thượng thận
C75.3,u ác của tuyến tùng
C75.8,u ác ảnh hưởng nhiều tuyến không xác định
C76.3,u ác của chậu
C76.7,u ác ở vị trí không rõ ràng khác
C77.2,u ác của hạch trong xoang bụng
C78.0,u ác thứ phát của phổi
C78.3,u ác thứ phát của cơ quan hô hấp và không xác định
C79.1,u ác thứ phát của bàng quang và cơ quan tiết niệu khác và không xác định
C81.0,u lympho hodgkin dạng nốt ưu thế lympho bào
C81.9,u lympho hodgkin không xác định
D89.8,các rối loạn xác định khác liên quan đến cơ chế miễn dịch chưa được phân loại ở phần khác
E01.8,rối loạn tuyến giáp liên quan đến thiếu iod khác và những bệnh phối hợp
E03.8,suy giáp xác định khác
E04.1,bướu giáp đơn nhân không độc
E05.0,nhiễm độc giáp với bướu lan toả
E05.3,nhiễm độc giáp từ mô giáp lạc chỗ
E06.0,viêm giáp cấp
E06.4,viêm giáp do thuốc
E07.0,tăng tiết calcitonin
D59,thiếu máu tan máu mắc phải
E10.3,bệnh đái tháo đường phụ thuộc insuline có biến chứng mắt
D75.1,bệnh tăng hồng cầu kxđk
D76,các bệnh của tổ chức lympho liên võng và tổ chức bào mô bào liên võng xác định khác
D80.6,thiếu hụt kháng thể với hàm lượng các immunoglobulin giảm ít hoặc tăng ịmmuglobulin máu
D82.8,suy giảm miễn dịch liên quan với các bất thường lớn hoặc không xác định
D84,các suy giảm miễn dịch khác
D86,bệnh sarcoid
F30.10,giai đoạn hưng cảm không có các triệu chứng loạn thần không xác định
F31.11,rối loạn lưỡng cực hiện thời là giai đoạn hưng cảm không có các dạng loạn thần nhẹ
F31.8,rối loạn cảm xúc lưỡng cực khác
F32.0,giai đoạn trầm cảm nhẹ
F32.8,giai đoạn trầm cảm khác
F33.1,rối loạn trầm cảm tái diễn hiện tại giai đoạn vừa
O67,chuyển dạ và đẻ có biến chứng chảy máu trong đẻ chưa được xếp loại ở phần khác
O68.8,chuyển dạ và đẻ có các dấu hiệu khác của suy thai
O69.3,chuyển dạ và đẻ có dây rốn ngắn
O70,rách tầng sinh môn trong đẻ
O71.1,vỡ tử cung trong chuyển dạ
O71.5,thương tổn các tạng tiểu khung khác do sản khoa
P78.3,ỉa chảy sơ sinh không do nhiễm khuẩn
P80.8,hạ thân nhiệt khác của trẻ sơ sinh
P81.9,rối loạn điều nhiệt không được định rõ của trẻ sơ sinh
P83.5,ứ nước màng tinh hoàn bẩm sinh
P91,rối loạn khác của tình trạng não trẻ sơ sinh
P91.5,hôn mê sơ sinh
P92,vấn đề nuôi dưỡng sơ sinh
P92.3,nuôi dưỡng dưới mức của trẻ sơ sinh
P93,pha n ư ng va nhiê m đô c thuô c du ng cho thai va tre sơ sinh
P96,các bệnh lý khác xuất phát trong giai đoạn chu sinh
Q78.9,loạn sản xương sụn không đặc hiệu
Q79.4,hội chứng bụng không rõ
Q80,bệnh vảy cá bẩm sinh
Q80.2,bệnh vảy cá dạng lá
Q80.9,bệnh vảy cá bẩm sinh không đặc hiệu
Q81.8,bong biểu bì bọng nước khác
Q82.2,bệnh dưỡng bào
Q82.5,nê vi bẩm sinh không tạo u
Q83.0,thiếu vú và núm vú bẩm sinh
Q83.9,dị tật bẩm sinh của vú không đặc hiệu
Q84.3,tật không móng
Q84.6,dị tật bẩm sinh khác của móng
Q85.1,bệnh xơ não củ
Q86,các hội chứng dị tật bẩm sinh do những nguyên nhân bên ngoài đã biết chưa được phân loại
O72.2,chảy máu muộn và thứ phát sau đẻ
O74,biến chứng của gây mê trong chuyển dạ và trong đẻ
O74.6,biến chứng khác của gây tê tủy sống và gây tê ngoài màng cứng trong chuyển dạ trong đẻ
O75.6,đẻ muộn sau khi vỡ ối tự nhiên hay chưa xác định rõ
O80.1,đẻ thường ngôi mông
O81.0,đặt forcep thấp
O81.3,đặt forcep khác chưa xác định rõ
O82.1,mổ lấy thai cấp cứu
O83,đẻ một thai với thủ thuật khác
O83.3,đẻ thai sống trong chửa trong ổ bụng
Q03,não úng thủy bẩm sinh
Q03.9,não úng thủy bẩm sinh không đặc hiệu
Q04.3,khuyết tật khác của não
Q04.8,dị tật bẩm sinh đặc hiệu khác của não
O06.1,pha thai chưa xa c đi nh ro kho ng hoa n toa n ga y biê n chư ng ra ma u nhiê u hay ke o da i
O06.2,pha thai chưa xa c đi nh ro kho ng hoa n toa n ga y biê n chư ng tă c ma ch
O06.3,pha thai chưa xa c đi nh ro kho ng hoa n toa n ga y biê n chư ng kha c kho ng điê n hi nh
O06.4,pha thai chưa xa c đi nh ro kho ng hoa n toa n kho ng co biê n chư ng
O06.5,pha thai chưa xa c đi nh ro hoa n toa n hoạ c chu a xa c đi nh ro ga y biê n chư ng nhiê m khuâ n đu ơ ng sinh du c va tiê u khung
O06.6,pha thai chưa xa c đi nh ro hoa n toa n hoạ c chu a xa c đi nh ro ga y biê n chư ng ra ma u chạ m va nhiê u qua mư c
O06.7,pha thai chưa xa c đi nh ro hoa n toa n hoạ c chu a xa c đi nh ro ga y biê n chư ng tă c ma ch
O06.8,pha thai chưa xa c đi nh ro hoa n toa n hoạ c chu a xa c đi nh ro ga y biê n chư ng kha c chu a xa c đi nh ro
O06.9,pha thai chưa xa c đi nh ro hoa n toa n hoạ c chu a xa c đi nh ro kho ng co biê n chư ng
O14.0,tiền sản giật thể nhẹ đến trung bình
O43.2,rau cài răng lược
O60.0,chuyển dạ sớm không đẻ
O60.1,chuyển dạ sớm và đẻ sớm
O60.2,chuyển dạ sớm và đẻ đúng kỳ
O60.3,đẻ sớm không có chuyển dạ tự nhiên
J98.8,bệnh hô hấp xác định khác
J99.8,bệnh hô hấp trong các bệnh được phân loại nơi khác
K00.5,rối loạn di truyền cấu trúc răng không phân loại nơi khác
K01.1,răng mọc kẹt
K02.1,sâu ngà
K02.4,hủy răng
K03,bệnh mô cứng khác của răng
K03.4,tăng sinh chất răng
K03.8,bệnh xác định khác của mô cứng của răng
K04.7,áp xe quanh chân răng không có ổ
K05.1,viêm nướu mãn
K05.5,bệnh nha chu
K06.0,tụt lơ i răng
K06.9,rối loạn ở nướu và sóng hàm không đặc hiệu
J98.4,các bệnh khác của phổi
K07.6,rô i loa n ơ khơ p tha i dương
K08.1,mất răng do tai nạn do nhổ răng hay bệnh nha chu khu trú
M00.07,viêm khớp do tụ cầu khuẩn ở cổ chân chân và bàn chân viêm khớp do tụ cầu khuẩn ở xương cổ chân xương bàn chân và xương ngón chân
M02.3,hội chứng reiter
M03.0,viêm khớp sau nhiễm não mô cầu a39 8
M05.9,viêm khớp dạng thấp huyết thanh dương tính không đặc hiệu
S24.3,tổn thương dây thần kinh ngoại vi của ngực
S27.5,tổn thương khí quản ngực
S27.9,tổn thương vùi lấp của ngực và cắt cụt sang chấn
S29.8,tổn thương đặc hiệu khác của ngực
S30.8,tổn thương nông khác của bụng lưng dưới và chậu hông
S31.4,vết thương hở của âm đạo và âm hộ
S32.0,gẫy sống thắt lưng
S32.3,gẫy xương chậu
S32.8,gẫy các phần không xác định và khác của gai thắt lưng và chậu
E70.29,rối loạn khác do biến dưỡng tyrosine tiểu ra alkaptone thiếu enzyme bệnh ochronosis xương xanh đen
E70.30,hội chứng chediak steinbrinck higashi
E71.13,acid methylmalonic máu
E71.21,rối loạn chuyển hoá acid amin chứa sulfur
E71.28,các rối loạn xác định khác của chuyển hoá acid amin
E72.03,hội chứng fanconi de toni ebré
E83.31,phospho máu thấp có tính gia đình
E83.59,các rối loạn khác về biến dưỡng calci tiểu nhiều calci vô căn
M48.3,chấn thương cột sống
M49.1,viêm đốt sống do brucella a23
M66,rách đứt tự nhiên của màng hoạt dịch và gân
M66.5,rách đứt tự nhiên các gân không đặc hiệu
M67.4,kén
M68.0,viêm màng hoạt dịch và viêm bao gân trong những bệnh nhiễm khuẩn được xếp loại ở mục khác
M71.2,kén nang màng hoạt dịch vùng khoeo baker
M72,các bệnh nguyên bào sợi
M72.3,viêm cân dạng hạt
M72.8,các bệnh nguyên bào sợi khác
M75.1,hội chứng bao gân xoay
M75.8,các tổn thương khác ở vai
M76.1,viêm gân cơ thắt lưng
M76.8,các bệnh điểm bám gân dây chằng khác ở chi dưới không kể bàn chân
M77.9,bệnh điểm bám gân dây chằng không đặc hiệu
M79.4,phì đại mỡ vùng bánh chè
M79.9,các bệnh lý của mô mềm không đặc hiệu
M80.5,loãng xương tự phát có kèm gẫy xương bệnh lý
M81.2,loãng xương do không vận động
M81.8,các bệnh loãng xương khác
M83.0,nhuyễn xương sau đẻ
M83.3,nhuyễn xương người lớn do rối loạn dinh dưỡng
M84.0,can lệch
M84.8,các rối loạn khác về sự liên tục của xương
M85.3,viêm xương dạng đặc
M85.8,những rối loạn đặc hiệu khác về mật độ và cấu trúc của xương
M86.8,các viêm xương tủy khác
M87.1,hoại tử xương do thuốc
B30.3,viêm kết mạc gây dịch xuất huyết cấp do virus đường ruột h13 1
M84.4,gẫy xương bệnh lý chưa xếp loại mục khác
N33.0,lao bàng quang a18 1
A30,bệnh phong bệnh hansen
B08.3,ban đỏ truyền nhiễm bệnh thứ năm
B57.3,bệnh chagas mãn tính ảnh hưởng đến hệ tiêu hóa
C25.3,u ác của ống tụy
C92.5,bệnh bạch cầu dạng tủy đơn nhân cấp
D13.9,u lành của vị trí không rõ ràng trong hệ tiêu hóa
D57.8,các rối loạn hồng cầu liềm khác
D81.5,thiếu hụt emzim purine nucleoside phosphorylase pnp
M49,tổn thương cột sống trong các bệnh đã xếp loại mục khác
M51.2,thóat vị đĩa đệm đốt sống đặc hiệu khác
M54.3,đau dây thần kinh tọa
M61.0,viêm cơ cốt hóa do chấn thương
M61.9,các chứng vôi hóa và cốt hóa cơ không đặc hiệu
M70.3,viêm túi thanh mạc khác ở khủyu
M80.4,loãng xương do dùng thuốc có kèm gẫy xương bệnh lý
N16.3,biến đổi kẽ ống thận trong các bệnh chuyển hóa
O62.0,cơn co tử cung yếu nguyên phát
O94,di chứng của biến chứng do thai nghén sinh đẻ và sau đẻ
O96.0,tử vong do nguyên nhân sản khoa trực tiếp
O96.1,tử vong do nguyên nhân sản khoa gián tiếp
O96.9,tử vong do nguyên nhân sản khoa không đặc hiệu
O97.0,tử vong do di chứng của nguyên nhân sản khoa trực tiếp
O97.1,tử vong do di chứng của nguyên nhân sản khoa gián tiếp
O97.9,tử vong do di chứng của nguyên nhân sản khoa không đặc hiệu
O98.7,bệnh do virus gây suy giảm miễn dịch ở người hiv gây biến chứng cho thai nghén khi đẻ và sau đẻ
P50.3,chảy máu giữa hai thai sinh đôi truyền máu thai sang thai
P91.6,bệnh não thiếu máu cục bộ do giảm oxy ở trẻ sơ sinh
Q31.5,nhuyễn cơ thanh quản bẩm sinh
R16.0,gan to không phân loại ở phần khác
R16.1,lách to chưa được phân loại ở phần khác
R16.2,gan to kèm lách to chưa được phân loại ở phần khác
R29.6,dễ ngã chưa được phân loại ở phần khác
R50.8,sốt xác định khác
R63.6,thực phẩm và nước đưa vào cơ thể không đủ do tự bỏ mặc r63 6
R65,hội chứng đáp ứng viêm hệ thống
R65.1,hội chứng đáp ứng viêm hệ thống do nhiễm trùng có suy cơ quan
R65.2,hội chứng đáp ứng viêm hệ thống không do nhiễm trùng không có suy cơ quan
R65.3,hội chứng đáp ứng viêm hệ thống không do nhiễm trùng có suy cơ quan
R65.9,hội chứng đáp ứng viêm hệ thống không đặc hiệu
R95.9,hội chứng đột tử trẻ em không đề cập đến khám nghiệm tử thi
H50.4,lác khác và lác không đặc hiệu
H61.9,bệnh tai ngoài không đặc hiệu
M73.0,viêm túi thanh mạc do lậu cầu a54 4
N34.3,hội chứng niệu đạo không đặc hiệu
N86,xướcvà lộn niêm mạc cổ tử cung
N95.8,các rối loạn mãn kinh và chu mãn kinh không đặc hiệu
M87.9,hoại tử xương không đặc hiệu
M88.9,bệnh paget của xương không đặc hiệu
M89.4,các bệnh phì đại xương khớp khác
M90.0,lao xương a18 0
M90.6,viêm xương biến dạng trong các bệnh khối u c00 d48
M91.9,hư điểm cốt hóa tại khớp háng và khung chậu ở trẻ em không đặc hiệu
M92.6,hư điểm cốt hóa ở trẻ em ở xương cổ chân
M92.8,hư điểm cốt hóa ở trẻ em đặc hiệu khác
M93.2,viêm xương sụn tách
M94.0,hội chứng khớp sụn sườn tietze
M94.8,các bệnh lý sụn đặc hiệu khác
M95.3,biến dạng mắc phải của cổ
M96.0,khớp giả sau thủ thuật làm cứng khớp
M96.5,vẹo sau chiếu tia xạ
M99.0,rô i loa n chư c năng tư ng đoa n va phâ n thân
M99.7,hẹp khoang liên đốt do mô liên kết và đĩa đệm
F10.0,rối loạn tâm thần và hành vi do sử dụng rượu nhiê m đọ c câ p
F10.1,rối loạn tâm thần và hành vi do sử dụng rượu sư du ng ga y ha i
F10.2,rối loạn tâm thần và hành vi do sử dụng rượu họ i chư ng nghiẹ n
F10.3,rối loạn tâm thần và hành vi do sử dụng rượu tra ng tha i cai
F10.4,rối loạn tâm thần và hành vi do sử dụng rượu tra ng tha i cai vơ i me sa ng
F10.5,rối loạn tâm thần và hành vi do sử dụng rượu rô i loa n ta m thâ n
F10.6,rối loạn tâm thần và hành vi do sử dụng rượu họ i chư ng que n
F10.7,rối loạn tâm thần và hành vi do sử dụng rượu rô i loa n loa n thâ n di chư ng va khơ i pha t muọ n
F10.9,rối loạn tâm thần và hành vi do sử dụng rượu rô i loa n ta m thâ n va ha nh vi kho ng biẹ t đi nh
F11.0,rối loạn tâm thần và hành vi do sử dụng các dạng thuốc phiện nhiê m đọ c câ p
F11.1,rối loạn tâm thần và hành vi do sử dụng các dạng thuốc phiện sư du ng ga y ha i
A81,bệnh do virus không điển hình ở hệ thần kinh trung ương
A82.0,bệnh dại vùng rừng núi
A83.0,viêm não nhật bản
A83.3,viêm não st louis
A83.8,viêm não virus khác do muỗi truyền
A84.9,viêm não virus do ve truyền không xác định
A86,viêm não virus không xác định
A87.8,viêm màng não do virus khác
A88.1,chóng mặt gây dịch
A91,sốt xuất huyết dengue
A92.2,sốt ngựa venezuelan
A92.31,sốt vùng west nile với viêm não
A93.0,bệnh virus oropouche
A94,sốt virus do tiết túc truyền không xác định
A96.0,sốt xuất huyết junin
B76.9,bệnh giun móc không xác định
B81.0,bệnh giun anisakis
B81.4,bệnh angiostrongylus do parastrongylus costaricensis
B83.0,ấu trùng di chuyển nội tạng
B83.4,bệnh đỉa nội tạng
B85.0,bệnh chấy rận do pediculus humanus capitis
B87,bệnh giòi
B87.2,bệnh giòi ở mắt
B87.8,bệnh giòi ở vị trí khác
B88.1,nhiễm do bọ tunga nhiễm do bọ chét cái
B90,di chứng do lao
B90.2,di chứng do lao xương và khớp
B95.1,liên cầu nhóm b là nguyên nhân gây các bệnh phân loại ở chương khác
C55,u ác tử cung phần không xác định
C57.9,u ác của cơ quan sinh dục nữ không xác định
C62,u ác của tinh hoàn
C63.1,u ác của thừng tinh
C63.12,u ác thừng tinh bên trái
C64,u ác của thận ngoại trừ bể thận
C67.9,u ác của bàng quang không xác định
C69.0,u ác của kết mạc
C69.5,u ác của tuyến lệ và ống
C70.1,u ác của màng tuỷ
C71.0,u ác của đại não ngoại trừ thùy não và não thất
C71.7,u ác của cuống não
A20.0,dịch hạch thể hạch
A21,bệnh tularensis
A21.3,bệnh tularaemia thể dạ dày ruột
A22,bệnh than
A22.2,bệnh than thể dạ dày ruột
A23.0,bệnh do brucella melitensis
R78,phát hiện các loại thuốc và các chất khác không thường có trong máu
R78.7,phát hiện nồng độ kim loại nặng bất thường trong máu
R81,glucose niê u
R82.1,myoglobin niệu
R82.4,aceton niệu
P04.0,thai nhi và trẻ sơ sinh bị ảnh hưởng do thuốc gây mê gây tê trong khi có thai trong lúc chuyển dạ và trong khi đẻ
O08.7,biến chứng tĩnh mạch khác sau sẩy thai chửa ngoài tử cung hay chửa trứng
O10.9,tăng huyết áp có sẵn chưa xác định rõ gây biến chứng cho thai nghén khi đẻ và sau khi đẻ
O15.0,sản giật khi có thai
O20.0,doạ sẩy thai
O36,chăm sóc bà mẹ vì có hay nghi ngờ có vấn đề của thai
O36.6,chăm sóc bà mẹ vì thai phát triển quá mức
O41,các rối loạn khác của nước ối và màng ối
O42.0,vỡ ối sớm xuất hiện chuyển dạ trong vòng 24 giờ
O43.1,dị dạng bánh rau
O44,rau tiền đạo
O45.0,rau bong non có thiếu hụt yếu tố đông máu
A36.83,viêm đa thần kinh do bạch hầu
A37.8,bệnh ho gà do bordetella khác
A39.1,hội chứng waterhouse friderichsen e35 1
A39.53,viêm màng bao tim do não mô cầu
A39.84,viêm khớp sau nhiễm não mô cầu
A40.1,nhiễm trùng huyết do liên cầu nhóm b
A41,nhiễm trùng khác
A41.2,nhiễm trùng do tụ cầu không xác định
A41.9,nhiễm trùng huyết không xác định
A42.7,nhiễm trùng huyết do actinomyces
A43.1,bệnh do nocardia ở da
A44.0,bệnh do bartonella toàn thân
A48,bệnh nhiễm khuẩn khác chưa được phân loại
A48.8,bệnh nhiễm khuẩn xác định khác
B09,nhiễm virus không xác định có biểu hiện tổn thương tại da và niêm mạc
B16.9,viêm gan b cấp không có đồng nhiễm virus viêm gan d và không có hôn mê gan
B18.2,viêm gan virus c mạn
B20.2,bệnh hiv dẫn đến bệnh virus đại bào
F11.2,rối loạn tâm thần và hành vi do sử dụng các dạng thuốc phiện họ i chư ng nghiẹ n
F11.3,rối loạn tâm thần và hành vi do sử dụng các dạng thuốc phiện tra ng tha i cai
F11.4,rối loạn tâm thần và hành vi do sử dụng các dạng thuốc phiện tra ng tha i cai vơ i me sa ng
F33.42,rối loạn trầm cảm nặng tái phát đang thuyên giảm hoàn toàn
F34.9,rối loạn khí sắc cảm xúc dai dẳng không đặc hiệu
A00.1,bệnh tả do vibrio cholerae 01 typ sinh học eltor
A02.0,viêm ruột do salmonella
A02.9,nhiê m trùng salmonella không xác định khác
A04,nhiễm trùng đường ruột do vi khuẩn khác
A04.5,viêm ruột do campylobacter
A04.9,nhiễm trùng đường ruột do vi khuẩn không xác định loài
A05.8,nhiễm độc thức ăn do độc tố của vi khuẩn xác định khác
A06.4,áp xe gan do amíp
A06.8,nhiễm amíp ở vị trí khác
A07,bệnh đường ruột do đơn bào khác
A07.3,bệnh do lsospora
A08.0,viêm ruột do rotavirus
A08.4,nhiễm trùng đường ruột do virus không xác định
A56.2,bệnh do chlamydia ở đường niệu sinh dục không xác định
A59.0,bệnh do trichomonas đường niệu sinh dục
A60.03,viêm cổ tử cung do virus herpes
A63,bệnh lây khác chủ yếu qua đường tình dục chưa được phân loại
A66.1,đau nhú mềm và ghẻ cóc dạng u
A66.6,tổn thương xương và khớp của ghẻ cóc
A67.0,tổn thương tiên phát của pinta
A68,bệnh sốt hồi qui
A68.9,sốt hồi qui không xếp loại
A69.8,nhiễm xoắn khuẩn xác định khác
Q05.2,nứt đốt sống thắt lưng với não úng thủy
Q18.8,các dị tật bẩm sinh đặc hiệu khác ở mặt và cổ
Q05.8,nứt đốt cùng cụt không có não úng thủy
Q06.2,dị tật bẩm sinh dọc tủy sống
Q06.9,dị tật bẩm sinh của thừng tủy sống không đặc hiệu
Q10.1,lộn mí bẩm sinh
Q10.4,không có hoặc vô sản bộ phận liên quan đến nước mắt
Q11.1,các tật không có mắt khác
Q12.1,lệch thủy tinh thể bẩm sinh
Q12.8,các dị tật bẩm sinh khác của thủy tinh thể
Q13.3,đục giác mạc bẩm sinh
R44,triệu chứng và dấu hiệu khác về cảm giác và tri giác tổng quát
R45.0,căng thẳng
R45.3,vô đạo đức và vô cảm
R45.7,trạng thái choáng cảm xúc và stress không đặc hiệu
R46.3,tăng động
R46.6,lo lắng và bận tâm quá mức vì stress
R47.1,rối loạn vận ngôn và mất vận ngôn
R48.2,mất khả năng điều khiển động tác
R49.2,giọng mũi cao và giọng âm mũi thấp
R50.9,sốt không đặc hiệu
R52.2,đau mãn tính khác
R55,ngă t va nga quy
R57,choáng chưa được phân loại ở phần khác
R59,hạch bạch huyết to
R60,phù chưa phân loại nơi khác
B20.7,bệnh do hiv dẫn đến nhiễm trùng do nhiều căn nguyên
B21.7,bệnh hiv dẫn đến nhiều u ác tính
B22.2,bệnh hiv dẫn đến hội chứng suy kiệt
B23.8,bệnh hiv dẫn đến các tình trạng xác định khác
B25.9,bệnh do cytomegalovirus không xác định
B26.82,viêm cơ tim do quai bị
C06.2,u ác của vùng sau răng hàm
C08.1,u ác của tuyến nước bọt dưới lưỡi
C09.1,u ác của trụ amiđan trước sau
C10.1,u ác của mặt trước của nắp thanh môn
C10.9,u ác của hầu miệng không xác định
C11.8,u ác với tổn thương chồng lấn của hầu mũi
C13.8,u ác với tổn thương chồng lấn của hạ hầu
C15.1,u ác của thực quản phần ngực
C15.8,u ác với tổn thương chồng lấn của thực quản
C16.6,u ác của bờ cong lớn dạ dày không xác định
C17.1,u ác của hỗng tràng
C18.0,u ác của manh tràng
C18.5,u ác của đại tràng góc lách
C18.9,u ác của đại tràng không xác định
C21.0,u ác của hậu môn không xác định
C22,u ác của gan và đường mật trong gan
C83.9,u lympho tỏa rộng không hodgkin không dạng nang tỏa rộng không xác định
C84.9,u lympho tế bào t nk trưởng thành không xác định
M06.8,viêm khớp dạng thấp đặc hiệu khác
M07.3,bệnh viêm khớp vẩy nến khác l40 5
I83.92,dãn tĩnh mạch không triệu chứng của chi dưới bên trái
K09.1,nang không do răng của vùng miệng
K10.0,rối loạn phát triển của xương hàm
K10.8,bệnh xác định khác của xương hàm
K11.1,phì đại tuyến nước bọt
K11.5,bệnh so i tuyến nước bọt
K12,viêm miệng và tô n thương liên quan
K13.0,bệnh của môi
K13.3,ba ch sa n dạng tóc
K13.7,tô n thương khác và không xác định của niêm mạc miệng
K14.5,lưỡi bị gấp nếp
K14.9,bệnh lưỡi không đặc hiệu
K21.9,bệnh trào ngược dạ dày thực quản không có viêm thực quản
Z86.13,bệnh sử cá nhân có bệnh sốt rét
E88.01,suy giảm alpha 1 antitrypsin
E11.7,bệnh đái tháo đường không phụ thuộc insuline có đa biến chứng
E51.12,bệnh tê phù ẩm
E72.11,homocystine niệu
E72.20,arginine máu
E72.23,tăng amoniac máu
E72.52,tăng glycine máu không nhiễm cetone
E74.00,bệnh tích lũy glycogen ở tim
E76.02,hội chứng hurler scheie
E76.21,bệnh nhiễm mucopolysaccharid morquio
D21.9,u lành mô liên kết và mô mềm khác không đặc hiệu
D22.4,nốt ruồi của da đầu và cổ
D22.9,nốt ruồi không có gì đặc hiệu
D23.3,u lành da các phần khác và những phần không đặc trưng
D26,u lành khác của tử cung
D26.9,u lành tử cung không đặc hiệu
D28.1,u lành âm đạo
D28.9,u lành cơ quan sinh dục nữ không đặc hiệu
D29.4,bìu
D30,u lành của cơ quan tiết niệu
D30.3,u lành của bàng quang
R61,tăng tiết mồ hôi
O86.8,nhiễm khuẩn sau đẻ xác định khác
O87.2,trĩ sau đẻ
O87.9,biến chứng tĩnh mạch sau đẻ chưa xác định rõ
O88.8,tắc mạch sản khoa khác
O89.2,biến chứng của hệ thống thần kinh trung ương do gây mê sau đẻ
O90.1,toác vết khâu tầng sinh môn
O90.5,viêm tuyến giáp sau đẻ
O91.0,nhiễm khuẩn núm vú phối hợp với đẻ
O92.1,nứt đầu vú phối hợp với đẻ
O92.6,tiết sữa
O95,tử vong sản khoa vi nguyên nhân chưa xác định rõ
O98.3,nhiễm khuẩn khác chủ yếu lây truyền qua đường tình dục gây biến chứng cho thai nghén khi đẻ và sau đẻ
O98.8,bệnh nhiễm khuẩn và nhiễm kst khác của bà mẹ gây biến chứng cho thai nghén khi đẻ và sau khi đẻ
Q16.0,dị tật thiếu tai ngoài bẩm sinh
Q16.5,dị tật bẩm sinh tai trong
Q17.1,dị tật tai to
Q17.4,tật tai ở vị trí bất thường
Q18.0,tạo xoang lỗ rò và nang nứt kẽ mang
Q18.5,tật mồm nhỏ
B35,nhiễm nấm da
K22.5,túi thừa thực quản mắc phải
K23.0,viêm thực quản do laoa18 8
L05.02,áp xe xoang nang lông
N03,hô i chư ng viêm thâ n ma n
N08.8,biến đổi cầu thận trong các bệnh khác đã phân loại nơi khác
N13.1,thận ứ nước do chít hẹp khúc nối bể thận niệu quản chưa được phân loại ở phần khác
N14,bệnh ống thận và kẽ ống thận do thuốc và kim loại nặng
N15.0,bệnh thận vùng balkan
N16,biến đổi kẽ ống thận trong các bệnh đã được phân loại ở phần khác
N17.1,suy thận cấp có hoại tử cấp vỏ thận
N18.8,suy thận mạn khác
N20,sỏi thận và niệu quản
N20.9,sỏi tiết niệu không đặc hiệu
N21.9,sỏi đường tiết niệu dưới không đặc hiệu
N25.0,loạn dưỡng xương do thận
N26,thận nhỏ không đặc hiệu
N27.9,thận teo nhỏ không đặc hiệu
N28.8,các biến đổi xác định khác của thận và niệu quản
N30.0,viêm bàng quang cấp
N30.8,viêm bàng quang khác
N31.1,bàng quang thần kinh phản xạ không phân loại nơi khác
N32.2,rò bàng quang không phân loại nơi khác
N33,rối loạn bàng quang trong bệnh đã được phân loại ở phần khác
N35,hẹp niệu đạo
N35.8,hẹp niệu đạo khác
N36.1,túi thừa niệu đạo
N36.8,các biến đổi niệu đạo xác định khác
N39.1,protein niệu tiểu đạm dai dẳng không đặc hiệu
N39.9,biến đổi của hệ tiết niệu không đặc hiệu
N41.3,viêm tuyến tiền liệt bàng quang
N42.1,sung huyết và chảy máu tuyến tiền liệt
N43.3,tràn dịch màng tinh hoàn không đặc hiệu
N46,vô sinh nam
N46.11,thiếu tinh trùng cơ quan
N48.0,bạch sản dương vật
N48.4,bất lực do nguyên nhân thực thể
N49,viêm của cơ quan sinh dục nam không phân loại nơi khác
N50,biến đổi khác của cơ quan sinh dục nam
N51.0,biến đổi của tuyến tiền liệt trong bệnh đã được phân loại ở phần khác
N60.03,nang đơn vú của vú nam bên phải
N60.11,nang lan toả vú nữ bên phải
N60.15,nang lan toả vú nam không xác định bên
N60.24,u xơ tuyến vú nam bên trái
N60.31,xơ teo tuyến vú nữ bên phải
N60.44,giảm ống tuyến vú nam bên trái
N60.82,loạn sản lành tính vú khác vú nữ bên trái
N62,vu phi đa i
P05.2,thai suy dinh dưỡng mà không đề cập đến nhỏ hay nhẹ cân so với tuổi thai
P08.0,trẻ nặng cân
P10,rách vỡ và chảy máu nội sọ do chấn thương khi sinh
P10.8,rách vỡ và chảy máu nội sọ khác do chấn thương trong khi sinh
Q35.6,khe hở phần giữa vòm miệng
Q36,khe hở môi
Q36.9,khe hở môi một bên
Q37.2,khe hở vòm miệng mềm và môi hai bên
Q37.9,khe hở vòm miệng không xác định và khe hở môi một bên
Q38.5,các dị tật bẩm sinh của vòm miệng không phân loại ở mục khác
Q39.2,đường rò thực quản khí quản bẩm sinh không có teo thực quản
Q40.0,hẹp phù đại môn vị bẩm sinh
Q41.0,không có teo và hẹp hành tá tràng bẩm sinh
Q42,không có teo và hẹp bẩm sinh đại tràng
Q42.9,không có teo và hẹp bẩm sinh đại tràng phần không đặc hiệu
Q97.1,nữ có hơn 3 nhiễm sắc thể x
Q98,bất thường nhiễm sắc thể giới tính khác kiểu hình nam không xếp loại được ở chỗ khác
Q99.0,thể khảm 46 xx 46 xy
Q99.9,bất thường nhiễm sắc thể không đặc hiệu
R01,tiếng rì rào tim và các tiếng tim khác
R03,bất thường số đo huyết áp không có chẩn đoán
R04.2,ho ra máu
R05,ho
R06.0,khó thở
R06.3,thở có tính chu kỳ
R06.6,thở nấc
R07,đau họng và ngực
R07.2,đau trước tim
R09.0,ngạt
R09.2,ngừng thở
R10,đau bụng và vùng chậu
R10.3,đau khu trú tại các vùng khác của bụng dưới
R15,đa i tiê n mâ t tư chu
D12.0,u lành của manh tràng
D12.4,u lành của đại tràng xuống
D12.9,u lành của hậu môn và ống hậu môn
B43,nhiễm nấm chromoblastomycosa nấm màu và áp xe do phaeomyces
B69.9,bệnh ấu trùng sán lợn không xác định
C08.9,u ác của tuyến nước bọt chính không xác định
C11.1,u ác của vách sau của hầu mũi
C14.2,u ác của hầu thanh quản
C17.9,u ác của ruột non không xác định
C24.1,u ác của bóng vater
C26.0,u ác của đường ruột phần không xác định
C32.0,u ác của thanh môn
C34.3,u ác của thuỳ dưới phế quản hoặc phổi
C46.2,ung thư mô liên kết kaposi của vòm khẩu cái
C46.9,ung thư mô liên kết kaposi không xác định
C49.0,u ác của mô liên kết và mềm của đầu mặt và cổ
C50.5,u ác của 1 4 dưới ngoài vú
C69.4,u ác của thể mi
C71.2,u ác của thuỳ thái dương
C75,u ác của các tuyến nội tiết khác và các cơ quan liên quan
C77.9,u ác của hạch lympho không xác định
C83.3,u lympho không hodgkin tế bào b lớn tỏa rộng
C85.2,u lympho tê ba o b lơ n trung thâ t tuyê n ư c
C91.1,bệnh bạch cầu dạng lympho mãn tính của loại tế bào b
O21,nôn quá mức trong lúc có thai
O21.9,nôn trong khi có thai chưa xác định rõ
O22.4,trĩ trong khi có thai
O23,nhiễm khuẩn đường tiết niệu sinh dục trong khi có thai
O23.5,nhiễm khuẩn đường sinh dục trong khi có thai
A52.71,bệnh mắt do giang mai muộn viêm màng mạch võng mạc do giang mai muộn viêm thượng củng mạc do giang mai muộn
A53,giang mai khác và không xác định
A54.01,viêm bàng quang và niệu đạo do lậu không xác định
A54.23,viêm tinh hoàn do lậu cầu
A54.32,viêm mống mắt thể mi do lậu cầu
A54.42,viêm khớp do lậu
A54.5,viêm họng do lậu
A54.84,viêm phổi do lậu cầu
A54.88,tổn thương da do lậu cầu
A56.0,bệnh do chlamydia ở đường niệu sinh dục dưới
A56.11,bệnh viêm vùng chậu nữ do chlamydia
B27.1,bệnh tăng bạch cầu đơn nhân do virus đại bào
B30.9,viêm kết mạc do virus không xác định
B33.8,bệnh do virus xác định khác
B34.2,nhiễm coronavirus vị trí không xác định
B35.1,nấm móng
B35.3,bệnh nấm da chân
B35.8,bệnh nấm da khác
B36.0,bệnh lang ben
B36.8,bệnh nấm nông xác định khác
B37.1,nhiễm candida phổi
B37.7,nhiễm trùng huyết do candida
B38.0,nhiễm nấm coccidioides ở phổi cấp tính
B38.2,nhiễm nấm coccidioides ở phổi không xác định
B39,nhiễm histoplasma
B39.3,nhiễm histoplasma capsulatum lan tỏa
B40.0,nhiễm nấm blastomyces ở phổi cấp tính
C22.3,ung thư mô liên kết mạch máu của gan
C24,u ác của phần khác và không xác định của đường mật
C30.0,u ác của hốc mũi
C31.1,u ác của xoang sàng
C31.8,u ác với tổn thương lan rộng của xoang phụ
C34.0,u ác của phế quản chính
C34.9,u ác của khí quản hoặc phổi không xác định
C38.4,u ác của màng phổi
C39.9,u ác ở vị trí khó xác định trong hệ hô hấp
C40.3,u ác của xương ngắn của chi dưới
C41.0,u ác của xương sọ và mặt
C41.8,u ác với tổn thương chồng lấn của xương và sụn khớp
C95.0,bệnh bạch cầu cấp loại tế bào không xác định
F13.5,rối loạn tâm thần và hành vi do sử dụng các chất an thần hoặc các thuốc ngủ rối loạn ta m thần
F13.6,rối loạn tâm thần và hành vi do sử dụng các chất an thần hoặc các thuốc ngủ họ i chứng que n
F13.7,rối loạn tâm thần và hành vi do sử dụng các chất an thần hoặc các thuốc ngủ rối loạn loạn thần di chứng và khởi phát muọ n
F13.8,rối loạn tâm thần và hành vi do sử dụng các chất an thần hoặc các thuốc ngủ rối loạn ta m thần và hành vi khác
F14.0,rối loạn tâm thần và hành vi do sử dụng cocain nhiê m đọ c câ p
F14.1,rối loạn tâm thần và hành vi do sử dụng cocain sư du ng ga y ha i
F14.2,rối loạn tâm thần và hành vi do sử dụng cocain họ i chư ng nghiẹ n
F14.3,rối loạn tâm thần và hành vi do sử dụng cocain tra ng tha i cai
F14.4,rối loạn tâm thần và hành vi do sử dụng cocain tra ng tha i cai vơ i me sa ng
F14.5,rối loạn tâm thần và hành vi do sử dụng cocain rô i loa n ta m thâ n
F14.6,rối loạn tâm thần và hành vi do sử dụng cocain họ i chư ng que n
F14.7,rối loạn tâm thần và hành vi do sử dụng cocain rô i loa n loa n thâ n di chư ng va khơ i pha t muọ n
F14.8,rối loạn tâm thần và hành vi do sử dụng cocain rô i loa n ta m thâ n va ha nh vi kha c
F14.9,rối loạn tâm thần và hành vi do sử dụng cocain rô i loa n ta m thâ n va ha nh vi kho ng biẹ t đi nh
F15.0,rối loạn tâm thần và hành vi do sử dụng chất kích thích khác bao gồm cả caffein nhiê m đọ c câ p
F15.1,rối loạn tâm thần và hành vi do sử dụng chất kích thích khác bao gồm cả caffein sư du ng ga y ha i
F15.2,rối loạn tâm thần và hành vi do sử dụng chất kích thích khác bao gồm cả caffein họ i chư ng nghiẹ n
F15.3,rối loạn tâm thần và hành vi do sử dụng chất kích thích khác bao gồm cả caffein tra ng tha i cai
F15.4,rối loạn tâm thần và hành vi do sử dụng chất kích thích khác bao gồm cả caffein tra ng tha i cai vơ i me sa ng
F15.5,rối loạn tâm thần và hành vi do sử dụng chất kích thích khác bao gồm cả caffein rô i loa n ta m thâ n
F15.6,rối loạn tâm thần và hành vi do sử dụng chất kích thích khác bao gồm cả caffein họ i chư ng que n
F15.7,rối loạn tâm thần và hành vi do sử dụng chất kích thích khác bao gồm cả caffein rô i loa n loa n thâ n di chư ng va khơ i pha t muọ n
A71.0,giai đoạn đầu của bệnh mắt hột
A74.8,bệnh do chlamydia khác
A75.2,sốt phát ban do rickettsia typhi
A77.2,sốt phát ban dạng đốm do rickettsia siberica
A79,các bệnh do rickettsia khác
B57.4,bệnh chagas mãn tính ảnh hưởng đến hệ thần kinh
B58.9,bệnh do toxoplasma không xác định
B60.8,bệnh do ký sinh trùng đơn bào xác định khác
B65.2,bệnh sán máng do schistosoma japonicum
B66.1,bệnh sán lá gan nhỏ
B66.4,bệnh sán paragonimus
B67,bệnh do echinococcus
B67.3,nhiễm echinococcus granulosus vị trí khác và nhiều vị trí
B68,bệnh sán dây
B68.9,bệnh sán taenia không xác định
B70,bệnh sán diphyllobothrium và sparganum
B71.1,bệnh sán dipylium
B73,bệnh giun chỉ
B74.1,bệnh giun chỉ do brugia malayi
B74.8,bệnh giun chỉ khác
B76.0,bệnh giun ancylostoma
C43.8,u hắc tố ác lan rông của da
C44.2,u da ác tính của tai và ống tai ngoài
C44.9,u da ác tính không xác định
C45.2,u trung biểu mô màng ngoài tim
C46.3,ung thư mô liên kết kaposi của hạch lympho
C47.3,u ác của dây thần kinh ngoại biên của lồng ngực
C48,u ác của vùng sau phúc mạc và phúc mạc
C49.5,u ác của mô liên kết và mô mềm của vùng chậu
C50.2,u ác của 1 4 trên trong vú
C96.1,bệnh mô bào ác tính
C96.9,u ác tính không xác định của mô dạng lympho hệ tạo máu và mô liên quan
C86.1,u lympho tế bào t gan lách
C86.5,u lympho tê ba o t nguye n ba o ma ch nguye n ba o miê n di ch
C88.9,bệnh tăng sinh miễn dịch không xác định
C91.3,bệnh bạch cầu dạng tiền lympho của tế bào b
C92.9,bệnh bạch cầu dạng tủy không đặc hiệu
A49.3,nhiễm mycoplasma không xác định được vị trí
A50.02,giang mai bẩm sinh sớm ở niêm mạc và da
A50.07,bệnh lý nhãn cầu do giang mai bẩm sinh sớm
A50.30,bệnh lý nhãn cầu do giang mai bẩm sinh muộn không xác định
A50.44,giang mai thần kinh do liệt tabes
A50.52,răng hutchinson
A50.56,bệnh lý sụn xương do giang mai bẩm sinh muộn
A51.0,giang mai sinh dục tiên phát
A51.31,giang mai thứ phát ở da và niêm mạc codylom phẳng
A51.42,bệnh vùng chậu nữ do giang mai
A51.49,viêm quanh xương do giang mai
A52.02,viêm động mạch chủ do giang mai
A52.09,giang mai tim mạch khác
J38.01,liệt dây thanh âm và thanh quản một bên
M08.9,các viêm khớp trẻ em không đặc hiệu
F15.8,rối loạn tâm thần và hành vi do sử dụng chất kích thích khác bao gồm cả caffein rô i loa n ta m thâ n va ha nh vi kha c
F15.9,rối loạn tâm thần và hành vi do sử dụng chất kích thích khác bao gồm cả caffein rô i loa n ta m thâ n va ha nh vi kho ng biẹ t đi nh
F16.1,rối loạn tâm thần và hành vi do sử dụng các chất gây ảo giác sư du ng ga y ha i
F16.2,rối loạn tâm thần và hành vi do sử dụng các chất gây ảo giác họ i chư ng nghiẹ n
R90,các phát hiện bất thường về chẩn đoán hình ảnh của hệ thần kinh trung ương
R93.4,các phát hiện bất thường về chẩn đoán hình ảnh của cơ quan tiết niệu
R94.2,kết quả bất thường về thăm dò chức năng phổi
R94.8,kết quả bất thường về thăm dò chức năng các cơ quan và hệ thống khác
S00,tổn thương nông ở đâ u
S33.0,vỡ đĩa liên đốt thắt lưng do chấn thương
S33.6,bong gân và giãn khớp cùng chậu
S34.1,vết thương khác của dây sống thắt lưng
S34.8,tổn thương các dây thần kinh không xác định và khác của bụng lưng và chậu
S35.5,tổn thương các mạch máu của chậu hông
S36.0,vết thương lách
S36.4,vết thương ruột non
S36.8,vết thương các cơ quan khác trong ổ bụng
S37.2,vết thương bàng quang
S37.6,vết thương tử cung
S03.1,sai khớp của sụn vách mũi
S04,tổn thương dây thần kinh sọ
S04.3,tổn thương dây thần kinh thứ 3
S04.8,tổn thương dác dây thần kinh sọ khác
S05.2,rách xé nhãn cầu và thủng với sa hay mất tổ chức trong nhãn cầu
S05.9,tổn thương của mắt và ổ mắt phần không đặc hiệu
S06.4,chảy máu trên màng cứng
S06.8,tổn thương nội sọ khác
C50.8,u ác với tổn thương chồng lấn của vú
C51.8,u ác với tổn thương lan rộng của âm hộ
A15.1,lao phổi chỉ xác nhận bằng nuôi cấy
A15.8,lao hô hấp khác xác nhận về vi trùng học và mô học
A16.4,lao thanh quản khí quản và phế quản không đề cập đến việc xác định về vi khuẩn học và mô học
A17.84,lao do bệnh lý đa dây thần kinh g63 0
A18.1,lao hệ tiết niệu sinh dục
A18.14,lao niệu quản
A18.2,bệnh lý hạch lympho ngoại vi do lao
A18.5,lao ở mắt
A18.52,viêm giác mạc do lao viêm giác mạc kẽ do lao viêm kết giác mạc do lao
A18.83,lao ở thực quản k23 0
A19,lao kê
A80,bệnh bại liệt cấp
Q20.3,phần nối thất động mạch không phù hợp
Q20.9,dị tật bẩm sinh của các buồng tim và các phần nối không đặc hiệu
Q21.9,những dị tật bẩm sinh khác của vách tim không đặc hiệu
Q22.5,dị tật ebstein
Q22.9,dị tật bẩm sinh van ba lá không đặc hiệu
Q23.3,hở van hai lá bẩm sinh
Q24.1,tim bên trái
Q24.5,dị tật của mạch vành
Q89.3,đảo ngược phủ tạng
Q89.9,dị tật bẩm sinh không đặc hiệu
Q90.2,ba nhiễm sắc thể chuyển đoạn
Q91.3,hội chứng edward không đặc hiệu
Q92,ba nhiễm sắc thể và một phần ba nhiễm sắc thể khác của nhiễm sắc thể thường không được xếp loại chỗ khác
Q93.0,đơn nhiễm sắc thể hoàn toàn không phân ly khi giảm phân
Q93.7,thiếu đoạn với sắp xếp lại các phức hợp khác
Q95.2,sắp xếp lại cân bằng nhiễm sắc thể thường ở cá thể không bình thường
Q96.1,kiểu nhiễm sắc thể 46 x iso xq
O99.7,bệnh của da và tổ chức dưới da gây biến chứng cho thai nghén khi đẻ và sau đẻ
P00.6,thai nhi và trẻ sơ sinh bị ảnh hưởng do các phẫu thuật của mẹ
P01.2,thai nhi và trẻ sơ sinh bị ảnh hưởng do thiểu ối
P01.9,thai nhi và trẻ sơ sinh bị ảnh hưởng do các biến chứng thai nghén của mẹ chưa xác định
Q24.9,các dị tật bẩm sinh của tim không đặc hiệu
Q25.4,các dị tật bẩm sinh khác của động mạch chủ
Q25.9,dị tật bẩm sinh của các động mạch lớn không đặc hiệu
Q26.5,hồi lưu tĩnh mạch phổi bất thường
Q27.0,không có hoặc thiểu sản động mạch rốn bẩm sinh
Q27.9,dị tật bẩm sinh của hệ thống mạch ngoại biên không đặc hiệu
Q28.9,dị tật bẩm sinh hệ tuần hoàn không đặc hiệu
Q30.8,các dị tật bẩm sinh khác ở mũi
Q31.1,hẹp vùng hạ thanh môn bẩm sinh
Q32,các bất thường bẩm sinh ở khí quản và phế quản
Q33,các dị tật bẩm sinh của phổi
Q33.3,bất sản phổi
J01.10,viêm xoang trán cấp không xác định
J01.80,viêm xoang cấp khác viêm xoang cấp trên nhiều hơn một xoang nhưng không phải là viêm toàn bộ các xoang
K32.1,xuất huyết tiêu hóa thấp
K40.6,thoát vị bẹn tái phát bên trái
L40.53,viêm cột sống vảy nến
E88.09,các rối loạn khác của biến dưỡng plasma protein không phân loại nơi khác máu có bisalbumine
F12.28,nghiện bồ đà với rối loạn khác do bồ đà
F12.98,sử dụng bồ đà không xác định có rối loạn khác do bồ đà
F13.18,lạm dụng thuốc an thần hoặc thuốc ngủ với rối loạn khác do thuốc an thần hoặc thuốc ngủ
F10.11,rối loạn tâm thần trên bệnh nhân nghiện rượu
F10.24,nghiện rượu với rối loạn tánh tình do rượu
F10.94,dùng rượu không xác định với rối loạn tánh tình do rượu
F11,rối loạn tâm thần và hành vi do sử dụng các dạng thuốc phiện
F12.19,lạm dụng bồ đà rối loạn không xác định do bồ đà
N64.0,nứt và rò ở núm vú
N64.4,đau vú
N64.8,biến đổi xác định khác của vú
N70.9,viêm vòi và buồng trứng không đặc hiệu
N72,viêm cô tư cung
N73.2,viêm mô cận tử cung và viêm mô tế bào vùng chậu không đặc hiệu
N74,viêm vùng chậu nữ trong các bệnh đã được phân loại ở phần khác
N75.1,áp xe tuyến bartholin
N76.0,viêm âm đạo cấp
D14.0,u lành của tai giữa hốc mũi và các xoang phụ
D16.1,u lành của xương ngắn của chi trên
D16.6,cột sống
D16.9,u lành của xương và sụn khớp không đặc hiệu
D17.3,u mỡ lành tính của da và mô dưới da ở vị trí khác và không đặc hiệu
D17.7,u mỡ lành tính của vị trí khác
D19,u lành của trung mô
Q33.6,thiểu sản và loạn sản phổi
R63.5,tăng cân bất thường
R68.0,hạ thân nhiệt không liên quan đến nhiệt độ môi trường thấp
R70.1,bất thường độ nhớt huyết tương
R73.0,test dung nạp glucoza bất thường
R74.9,bất thường nồng độ enzym huyết thanh không đặc hiệu
R76.9,phát hiện miễn dịch bất thường trong huyết thanh không đặc hiệu
C92.2,bệnh bạch cầu dạng tủy mãn tính không điển hình bcr abl âm tính
C96.0,bệnh tổ chức bào tế bào langerhans đa ổ và đa hệ thống rải rác bệnh letterer siwe
D01.0,ung thư biểu mô tại chỗ của đại tràng
D01.7,ung thư biểu mô tại chỗ của cơ quan tiêu hóa xác định khác
D04.0,ung thư biểu mô tại chỗ của da môi
D04.3,ung thư biểu mô tại chỗ của da của phần khác và không xác định của mặt
D05.0,ung thư biểu mô tiểu thuỳ tại chỗ
D06.7,ung thư biểu mô tại chỗ của phần khác của cổ tử cung
D07.3,ung thư biểu mô tại chỗ của cơ quan sinh dục nữ khác và không xác định
D09.3,ung thư biểu mô tại chỗ của tuyến giáp và tuyến nội tiết khác
D42.0,u tân sinh không chắc chắn hoặc không biết tính chất của màng não thuộc não
D43.9,u tân sinh không chắc chắn hoặc không biết tính chất của hệ thần kinh trung ương không xác định
D44.3,u tân sinh không chắc chắn hoặc không biết tính chất của tuyến yên
D44.5,u tân sinh không chắc chắn hoặc không biết tính chất của tuyến tùng
D44.8,u tân sinh không chắc chắn hoặc không biết tính chất liên quan nhiều tuyến nội tiết
D47,u tân sinh khác không chắc chắn hoặc không biết sinh chất của mô ulympho mô tạo huyết và mô liên quan
D48.1,u tân sinh không xác định không chắc chắn hoặc không biết rõ tính chất của mô liên kết và mô mềm khác
D48.6,u tân sinh không xác định không chắc chắn hoặc không biết rõ tính chất của vú
E10.5,bệnh đái tháo đường phụ thuộc insuline có biến chứng mạch máu ngoại vi
E11.8,bệnh đái tháo đường không phụ thuộc insuline có biến chứng không xác định khác
F07.8,rô i loa n nhân ca ch va ha nh vi thư c tổn kha c do bê nh na o tô n thương va rô i loa n chư c năng na o
Z94.8,tình trạng cơ quan và tổ chức khác được cấy ghép
Z95.3,sự có mặt của van tim ngoại lai
D01.5,ung thư biểu mô tại chỗ của gan túi mật và đường dẫn mật
D02.4,ung thư biểu mô tại chỗ của hệ hô hấp không xác định
D03.5,u hắc tố tại chỗ của thân mình
D04.1,ung thư biểu mô tại chỗ của da mí mắt bao gồm góc mắt
D04.9,ung thư biểu mô tại chỗ của da không xác định
D06.0,ung thư biểu mô tại chỗ của nội mạc
D07.1,ung thư biểu mô tại chỗ của âm hộ
D09,ung thư biểu mô tại chỗ ở vị trí khác và không xác định
D10.5,u lành của phần khác của hầu khẩu
D11.0,u lành của tuyến mang tai
D13.30,bướu lành phần không xác định của ruột non
B42,nhiễm sporotrichum
N76.3,viêm âm hộ bán cấp và mạn
N77,viêm và loét âm đạo âm hộ trong bệnh đã được phân loại ở phần khác
N80.3,bệnh lạc nội mạc tử cung ở phúc mạc chậu
N81,sa sinh dục nữ
N81.2,sa tử cung âm đạo không hoàn toàn
N81.8,sa sinh dục nữ khác
N82.1,các rò khác đường tiết niệu sinh dục nữ
N82.9,rò đường sinh dục nữ không đặc hiệu
N83.3,teo buồng trứng và vòi trứng mắc phải
N83.9,biến đổi không do viêm của buồng trứng vòi trứng và dây chằng rộng không đặc hiệu
N85.0,tăng sản tuyến nội mạc
N85.4,tư thế lệch của tử cung
N85.8,biến đổi khác xác định của tử cung không do viêm
N87.9,loạn sản cổ tử cung không đặc hiệu
N88.3,kém hiệu lực cổ tử cung
N89,biến đổi không do viêm khác của âm đạo
N89.4,bạch sản âm đạo
N90.9,biến đổi không do viêm của âm hộ và tầng sinh môn không đặc hiệu
N92.3,chảy máu lúc rụng trứng
N93,chảy máu bất thường khác của tử cung và âm đạo
N94.1,đau lúc giao hợp
N94.5,đau kinh thứ phát
N94.9,tình trạng không xác định liên quan đến cơ quan sinh dục nữ và chu kỳ kinh nguyệt
N97,vô sinh nữ
N97.2,vô sinh nữ do nguyên nhân tử cung
N98.0,nhiễm khuẩn liên quan đến thụ tinh nhân tạo
N99,các rối loạn sau can thiệp của hệ sinh dục tiết niệu không phân loại nơi khác
O00.8,chửa ngoài tử cung khác
O01.1,chửa trứng không hoàn toàn và bán phần
Q43.5,hậu môn lạc chỗ
Q43.9,dị tật bẩm sinh ruột không đặc hiệu
Q44.3,hẹp và hẹp khít bẩm sinh khác của đường mật
Q45.0,không phát triển bất sản và giảm sản tụy
Q50.0,không có buồng trứng bẩm sinh
Q50.32,ovarian streak 46 xx with streak gonads
F16.3,rối loạn tâm thần và hành vi do sử dụng các chất gây ảo giác tra ng tha i cai
F16.4,rối loạn tâm thần và hành vi do sử dụng các chất gây ảo giác tra ng tha i cai vơ i me sa ng
F16.5,rối loạn tâm thần và hành vi do sử dụng các chất gây ảo giác rô i loa n ta m thâ n
F16.6,rối loạn tâm thần và hành vi do sử dụng các chất gây ảo giác họ i chư ng que n
F16.7,rối loạn tâm thần và hành vi do sử dụng các chất gây ảo giác rô i loa n loa n thâ n di chư ng va khơ i pha t muọ n
F16.8,rối loạn tâm thần và hành vi do sử dụng các chất gây ảo giác rô i loa n ta m thâ n va ha nh vi kha c
F16.9,rối loạn tâm thần và hành vi do sử dụng các chất gây ảo giác rô i loa n ta m thâ n va ha nh vi kho ng biẹ t đi nh
F17.0,rối loạn tâm thần và hành vi do sử dụng thuốc lá nhiê m đọ c câ p
F17.1,rối loạn tâm thần và hành vi do sử dụng thuốc lá sư du ng ga y ha i
B42.8,dạng khác của nhiễm sporotrichum
B43.8,dạng khác của nhiễm nấm chromoblastomycosa
B44.7,nhiễm aspergillus lan tỏa
B45.0,nhiễm cryptococcus ở phổi
B45.7,nhiễm cryptococcus lan tỏa
B46.0,nhiễm mucor ở phổi
B46.4,nhiễm mucor lan toả
B47,u nấm
B47.1,u do actinomyces
B48.1,nhiễm rhinosporidium
B48.4,nhiễm penicillium
B50,sốt rét do plasmodium falciparum
D15.098,test
D19.9,u lành trung mô không xác định
D21.0,u lành mô liên kết và mô mềm khác của đầu mặt và cổ
B53.1,sốt rét do plasmodia ở khỉ
B55.1,bệnh do leishmania da
B56.0,bệnh do trypanosoma gambiense
D31.0,u lành kết mạc
D31.4,u lành thể mi
D31.9,u lành của mắt không xác định
D33,u lành của não và các phần khác của hệ thần kinh trung ương
D34,u la nh cu a tuyê n gia p
D35.2,u lành tuyến yên
D35.6,u lành thể động mạch chủ và thể cận hạch khác
D36.0,u lành hạch lympho
D37.0,u tân sinh chưa rõ tính chất của môi xoang miệng và hầu
D37.9,u tân sinh chưa rõ tính chất của cơ quan tiêu hoá không xác định
M22.01,trật xương bánh chè tái diễn ở gối phải
M22.12,bán trật xương bánh chè tái diễn ở gối trái
M22.42,bệnh nhuyễn sụn xương bánh chè ở gối trái
F17.2,rối loạn tâm thần và hành vi do sử dụng thuốc lá họ i chư ng nghiẹ n
F17.3,rối loạn tâm thần và hành vi do sử dụng thuốc lá tra ng tha i cai
F17.4,rối loạn tâm thần và hành vi do sử dụng thuốc lá tra ng tha i cai vơ i me sa ng
F17.5,rối loạn tâm thần và hành vi do sử dụng thuốc lá rô i loa n ta m thâ n
F17.6,rối loạn tâm thần và hành vi do sử dụng thuốc lá họ i chư ng que n
F17.7,rối loạn tâm thần và hành vi do sử dụng thuốc lá rô i loa n loa n thâ n di chư ng va khơ i pha t muọ n
F17.8,rối loạn tâm thần và hành vi do sử dụng thuốc lá rô i loa n ta m thâ n va ha nh vi kha c
F17.9,rối loạn tâm thần và hành vi do sử dụng thuốc lá rô i loa n ta m thâ n va ha nh vi kho ng biẹ t đi nh
F18.0,rối loạn tâm thần và hành vi do sử dụng dung môi dễ bay hơi nhiê m đọ c câ p
F18.1,rối loạn tâm thần và hành vi do sử dụng dung môi dễ bay hơi sư du ng ga y ha i
F18.2,rối loạn tâm thần và hành vi do sử dụng dung môi dễ bay hơi họ i chư ng nghiẹ n
F18.3,rối loạn tâm thần và hành vi do sử dụng dung môi dễ bay hơi tra ng tha i cai
F18.4,rối loạn tâm thần và hành vi do sử dụng dung môi dễ bay hơi tra ng tha i cai vơ i me sa ng
F18.5,rối loạn tâm thần và hành vi do sử dụng dung môi dễ bay hơi rô i loa n ta m thâ n
F18.6,rối loạn tâm thần và hành vi do sử dụng dung môi dễ bay hơi họ i chư ng que n
F18.7,rối loạn tâm thần và hành vi do sử dụng dung môi dễ bay hơi rô i loa n loa n thâ n di chư ng va khơ i pha t muọ n
F18.8,rối loạn tâm thần và hành vi do sử dụng dung môi dễ bay hơi rô i loa n ta m thâ n va ha nh vi kha c
F18.9,rối loạn tâm thần và hành vi do sử dụng dung môi dễ bay hơi rô i loa n ta m thâ n va ha nh vi kho ng biẹ t đi nh
F19.0,rối loạn tâm thần và hành vi do sử dụng nhiều loại ma túy và chất tác động tâm thần khác nhiê m đọ c câ p
F19.1,rối loạn tâm thần và hành vi do sử dụng nhiều loại ma túy và chất tác động tâm thần khác sư du ng ga y ha i
F19.2,rối loạn tâm thần và hành vi do sử dụng nhiều loại ma túy và chất tác động tâm thần khác họ i chư ng nghiẹ n
F19.4,rối loạn tâm thần và hành vi do sử dụng nhiều loại ma túy và chất tác động tâm thần khác tra ng tha i cai vơ i me sa ng
F19.5,rối loạn tâm thần và hành vi do sử dụng nhiều loại ma túy và chất tác động tâm thần khác rô i loa n ta m thâ n
F19.6,rối loạn tâm thần và hành vi do sử dụng nhiều loại ma túy và chất tác động tâm thần khác họ i chư ng que n
S07.1,tổn thương vùi lấp của hộp sọ
S08.1,cắt cụt do chấn thương tai
S10.14,co thắt bên ngoài của một phần họng
S10.8,tổn thương nông của các phần khác của cổ
P54.8,chảy máu sơ sinh được định rõ khác
P55.8,bệnh huyết tán khác của thai và trẻ sơ sinh
P57,vàng da nhân xám
P58.4,vàng da sơ sinh do thuốc độc tố truyền từ mẹ sang hay dùng cho trẻ sơ sinh
Q71.9,khuyết tật thiếu hụt của chi trên không đặc hiệu
Q72.5,khuyết tật thiếu hụt theo chiều dài xương chầy
K26.9,loe t ta tra ng kho ng xa c đi nh la cấp hay ma n kho ng xuất huyê t hay thu ng
K27.0,loét dạ dày tá tràng vị trí không đặc hiệu cấp có xuất huyết
K27.1,loét dạ dày tá tràng vị trí không đặc hiệu cấp có thủng
K27.2,loét dạ dày tá tràng vị trí không đặc hiệu cấp cả xuất huyết và thủng
K27.3,loét dạ dày tá tràng vị trí không đặc hiệu cấp kho ng có xuất huyết hay thủng
K27.4,loét dạ dày tá tràng vị trí không đặc hiệu mạn hay kho ng đạ c hiẹ u có xuất huyết
K27.5,loét dạ dày tá tràng vị trí không đặc hiệu mạn hay kho ng đạ c hiẹ u có thủng
K27.6,loét dạ dày tá tràng vị trí không đặc hiệu mạn hay kho ng đạ c hiẹ u có xuất huyết hay thủng
K27.7,loét dạ dày tá tràng vị trí không đặc hiệu mạn kho ng có xuất huyết hay thủng
K27.9,loét dạ dày tá tràng vị trí không đặc hiệu kho ng xác định là cấp hay mạn kho ng xuất huyết hay thủng
K28.0,loét dạ dày hỗng tràng cấp có xuất huyết
K28.1,loét dạ dày hỗng tràng cấp có thủng
K28.2,loét dạ dày hỗng tràng cấp cả xuất huyết và thủng
K28.3,loét dạ dày hỗng tràng cấp kho ng có xuất huyết hay thủng
K28.4,loét dạ dày hỗng tràng mạn hay kho ng đạ c hiẹ u có xuất huyết
M31.5,bệnh viêm động mạch tế bào khổng lồ với đau cơ dạng thấp
J95.00,biến chứng mở khí quản không xác định
J95.9,rối loạn hô hấp sau phẫu thuật không đặc hiệu
J98.0,bệnh phế quản không phân loại nơi khác
M16.10,viêm khớp xương nguyên phát một bên ở háng không xác định
M16.50,viêm khớp xương một bên sau chấn thương ở háng không xác định
M17.12,viêm khớp xương nguyên phát một bên ở gối trái
S10.86,bị côn trùng cắn đốt ở phần khác của họng
S11.02,vết thương hở ở khí quản
S11.11,rách bờ nham nhở không có dị vật ở tuyến giáp
S11.20,vết thương hở không xác định ở họng và thực quản cổ
S11.8,vết thương hở của các phần khác của cổ
S11.84,vết thương chột có dị vật ở phần khác của cổ
S11.92,rách bờ nham nhở có dị vật ở phần không xác định ở cổ
S12.23,trượt đốt sống do chấn thương không xác định ở đốt sống cổ 3
S54.02,chấn thương dây thần kinh xương trụ ở tầm cẳng tay bên trái
S54.21,chấn thương dây thần kinh xương quay ở tầm cẳng tay bên trái
F45.20,sợ bị bệnh lo lắng về sức khỏe không xác định
F51.23,rối loạn nhịp ngủ sinh học không do một chất hoặc tình trạng sinh lý nào đó do ngủ trể
M03.1,bệnh khớp sau nhiễm giang mai
M05.1,tổn thương phổi trong các bệnh lý thấp khớp j99 0
M07.0,bệnh khớp vẩy nến có tổn thương khớp ngón xa l40 5
M09.0,viêm khớp thiếu niên sau vẩy nến k50
M31.7,viêm đa động mạch vi thể
M33.9,viêm da cơ không đặc hiệu
M72.6,viêm cân hoại tử
M79.7,đau mô sợi cơ
N18.2,bệnh thận mạn giai đoạn 2
N18.3,bệnh thận mạn giai đoạn 3
S15.30,chấn thương không xác định tĩnh mạch cổ trong
S15.9,tổn thương mạch máu không đặc hiệu vùng cổ
S17.9,tổn thương vùi lấp của cổ phần không đặc hiệu
S19.81,chấn thương đặc hiệu khác của thanh quản
S19.9,tổn thương không đặc hiệu của cổ
S20.02,đụng dập vú bên trái
S20.12,vết bỏng rộp ở vú không do nhiết độ
C83.2,u lympho không hodgkin hỗn hợp tế bào nhỏ tế bào lớn toả rộng
C88.4,u lympho tê ba o b ngoa i ha ch cu a ca c mo lympho chê nhâ y
C93.3,bẹ nh ba ch câ u do ng tu y đo n nha n tuô i vi tha nh nie n
C96.8,sarcom tổ chức bào
E10.0,bệnh đái tháo đường phụ thuộc insuline có hôn mê
E11.9,bệnh đái tháo đường không phụ thuộc insuline chưa có biến chứng
F10.8,rối loạn tâm thần và hành vi do sử dụng rượu rô i loa n ta m thâ n va ha nh vi kha c
F16.0,rối loạn tâm thần và hành vi do sử dụng các chất gây ảo giác nhiê m đọ c câ p
F19.3,rối loạn tâm thần và hành vi do sử dụng nhiều loại ma túy và chất tác động tâm thần khác tra ng tha i cai
I84.0,trĩ nội gây huyết khối
I84.3,trĩ ngoại huyết khối
I84.6,dãn da do trĩ sót lại
I84.9,trĩ không xác định không biến chứng
K12.3,viêm miệng loét
K25.1,loe t dạ dày cấp co thu ng
K25.4,loe t dạ dày ma n hay kho ng đạ c hiẹ u co xuất huyê t
K26.0,loe t ta tra ng cấp có xuất huyê t
K26.4,loe t ta tra ng ma n hay kho ng đạ c hiẹ u co xuất huyê t
S15.09,chấn thương khác của động mạch cảnh
S15.1,tổn thương động mạch sống
S15.10,chấn thương không xác định động mạch sống
S15.11,rách nhẹ động mạch sống
S15.12,rách bờ nham nhở lớn động mạch sống
S15.19,chấn thương khác của động mạch sống
S15.2,tổn thương tĩnh mạch cổ ngoài
S15.20,chấn thương không xác định tĩnh mạch cổ ngoài
S15.21,rách nhỏ bờ nham nhở tĩnh mạch cổ ngoài cắt ngang không hoàn toàn tĩnh mạch cổ trong rách nhỏ tĩnh mạch cổ ngoài nos
S15.22,rách lớn bờ nham nhở tĩnh mạch cổ ngoài cắt ngang hoàn toàn tĩnh mạch cổ trong chấn thương bể tĩnh mạch cổ ngoài
S15.29,chấn thương khác tĩnh mạch cổ ngoài
S15.3,tổn thương tĩnh mạch cổ trong
S15.31,rách nhỏ bờ nham nhở tĩnh mạch cổ trong cắt ngang không hoàn toàn tĩnh mạch cổ trong rách nhỏ tĩnh mạch cổ trong nos
S15.32,rách lớn bờ nham nhở tĩnh mạch cổ trong cắt ngang hoàn toàn tĩnh mạch cổ trong chấn thương bể tĩnh mạch cổ trong
S15.39,chấn thương khác tĩnh mạch cổ trong
S15.7,tổn thương nhiều mạch máu vùng cổ
S15.8,tổn thương nhiều mạch máu khác vùng cổ
S16,tổn thương cơ va gân vu ng cô
S17,tổn thương vùi lấp của cổ
S17.0,tổn thương vùi lấp của thanh quản và phế quản
S17.8,tổn thương vùi lấp của các phần khác của cổ
S18,că t cu t vu ng cô do châ n thương
S19,tổn thương không đặc hiệu khác của cổ
S19.7,tổn thương phức tạp của cổ
S19.8,tổn thương đặc hiệu khác của cổ
S19.80,chấn thương không đặc hiệu ở vùng không xác định của cổ
S19.82,chấn thương đặc hiệu khác của khí quản vùng cổ
S19.83,chấn thương đặc hiệu khác của khí quản
S19.84,chấn thương đặc hiệu khác của tuyến giáp
S19.85,chấn thương đặc hiệu khác của tuyến giáp
Y51.2,thuốc chặn hạch không xếp loại ở nơi khác
D38.5,u tân sinh chưa rõ tính chất của cơ quan hô hấp khác
D39.7,u tân sinh không chắc chắn hoặc không biết tính chất của cơ quan sinh dục nữ khác
F14.18,lạm dụng cocain với rối loạn khác do cocain
F14.21,nghiện cocain đang giảm bớt
F14.28,nghiện cocain với rối loạn khác do cocain
F60.89,rối loạn nhân cách đặc hiệu khác
F63.81,hung hăng cách hồi
F65.52,ác dâm
F65.81,bệnh lý sờ mó tình dục
H47.1,phù gai không đặc hiệu
H47.5,bệnh đường thị giác
B21,bệnh hiv gây u ác tính
D53.8,các thiếu máu dinh dưỡng đặc hiệu khác
D44,u tân sinh không chắc chắn hoặc không biết tính chất của tuyến nội tiết
Q51.0,bất sản và ngừng phát triển của tử cung
Q51.3,tử cung hai sừng
Q51.6,nang nguồn gốc bào thai của cổ tử cung
Q52.2,rò trực tràng âm đạo bẩm sinh
Q52.6,dị tật bẩm sinh của âm vật
Q52.79,các dị tật bẩm sinh khác của âm hộ nang bẩm sinh của âm hộ
O05,pha thai kha c
O07.0,phá thai nội khoa thất bại gây biến chứng nhiễm khuẩn đường sinh dục và tiểu khung
O08,biến chứng sau sẩy thai chửa ngoài tử cung và chửa trứng
P11.3,tổn thương thần kinh mặt do chấn thương khi sinh
P12.2,chảy máu dưới cân ngoài sọ do chấn thương khi sinh
P13.0,vỡ sọ do chấn thương khi sinh
P13.8,các chấn thương xương khác khi sinh
P14.2,liệt dây thần kinh hoành do chấn thương khi sinh
P15.1,chấn thương lách khi sinh
P15.6,hoại tử tổ chức mỡ dưới da do chấn thương khi sinh
H80.1,xốp xơ tai xâm lấn cửa sổ bầu dục làm bít tắc xốp xơ tai xâm lấn cửa sổ bầu dục bít lấp
F17,rối loạn tâm thần và hành vi do sử dụng thuốc lá
F17.22,nghiện nicotin thuốc lá nhai
F18.92,sử dụng chất hít không xác định có ngộ độc
F19.98,sử dụng chất tác động thần kinh khác không đặc hiệu với rối loạn khác do chất tác động thần kinh khác
Q73.8,các khuyết tật thu nhỏ khác của chi không đặc hiệu
Q74.8,các dị tật bẩm sinh đặc hiệu khác của chi
S19.89,chấn thương đặc hiệu khác của pha72n khác ở cổ
S20,tổn thương của lồng ngực
S20.0,đụng giập vú
S20.00,đụng dập vú không xác định
S20.01,đụng dập vú bên phải
S20.1,tổn thương nông không đặc hiệu và khác của vú
S20.10,chấn thương nông không xác định của vú
S20.11,trầy xướt vú
S20.14,co thắt bên ngoài một phần của vú
S20.15,dị vật nông ở vú
S20.16,bị côn trùng cắn không có nọc độc đốt ở vú
S20.17,bị cắn đốt nông khác ở vú
S20.2,đụng giập lồng ngực
S20.20,đụng dập lồng ngực không xác định vùng
S20.21,đụng dập lồng ngực thành ngực
S20.22,đụng dập lồng ngực thành sau ngực
S20.3,tổn thương nông khác của thành trước ngực
S20.30,chấn thương nông không xác định của thành trước ngực
S20.31,trầy xướt thành trước ngực
S20.32,bỏng dộp không do nhiệt độ ở thành trước ngực
S20.34,co thắt bên ngoài của thành trước ngực
S20.35,dị vật nông của thành trước ngực
S20.36,bị côn trùng cắn đốt không có nọc độc ở thành trước ngực
S20.37,bị cắn đốt nông khác nông khác ở thành trước ngực
S20.4,tổn thương nông khác của thành sau ngực
O46.8,chảy máu khác trước đẻ
O47.1,chuyển dạ giả trong hay sau tuần thứ 37
O61.1,gây chuyển dạ bằng dụng cụ thất bại
O62.2,thưa yếu khác của cơn co tử cung
D48.4,u tân sinh không xác định không chắc chắn hoặc không biết rõ tính chất của phúc mạc
D51.0,thiếu máu thiếu vitamin b12 do thiếu yếu tố nội
D52,thiếu máu do chế độ dinh dưỡng
D53.0,thiếu máu do thiếu protein
D55,thiếu máu do rối loạn men
D55.9,thiếu máu do rối loạn men không đặc hiệu
D56.3,thalassaemia vết
D57,bệnh hồng cầu liềm
D57.3,hồng cầu liềm thể nhẹ
D58.2,các bệnh huyết sắc tố khác
D59.1,các thiếu máu tan máu tự miễn dịch khác
D61.0,suy tủy xương bẩm sinh
D61.8,suy tủy xương đặc hiệu khác
D64,các thiếu máu khác
D64.3,các thiếu máu nguyên hồng cầu sắt khác
D68,các bất thường đông máu khác
D68.4,thiếu hụt yếu tố đông máu mắc phải
D69.6,giảm tiểu cầu không đặc hiệu
D71,rối loạn chức năng bạch cầu hạt trung tính
D72.9,rối loạn bạch cầu không xác định
D73.3,áp xe lách
D73.8,các bệnh khác của lách
D40,u tân sinh không chắc chắn hoặc không biết tính chất của cơ quan sinh dục nam
D43.0,u tân sinh không chắc chắn hoặc không biết tính chất của não trên lều não
D47.4,bệnh xơ hóa tủy xương
D86.9,bệnh sarcoid không đặc hiệu
M50,bệnh đĩa đệm đốt sống cổ
M51.9,tổn thương đĩa đệm đốt sống không đặc hiệu
M53.9,bệnh cột sống không đặc hiệu
M54.5,đau cột sống thắt lưng
M60,viêm cơ
M60.8,các loại viêm cơ khác
M62,các bệnh cơ khác
M62.2,nhồi máu cơ do thiếu máu cục bộ
M62.8,các bệnh cơ đặc hiệu khác
M63.0,viêm cơ trong các bệnh nhiễm khuẩn được xếp loại ở mục khác
P20.9,giảm oxy máu của thai nhi trong tử cung chưa xác định
P22.1,thở nhanh thóang qua của trẻ sơ sinh
P23.2,viêm phổi bẩm sinh do tụ cầu
P23.6,viêm phổi bẩm sinh do các vi khuẩn khác
Q53.11,tinh hoàn nằm ở bụng một bên
Q53.21,tinh hoàn nằm ở bụng hai bên
Q54.1,lỗ đái lệch thấp thể dương vật
Q54.8,các thể lỗ đái lệch thấp khác
Q55.2,các dị tật bẩm sinh khác của tinh hoàn và bìu
Q55.3,teo ống dẫn tinh
Q55.6,dị tật bẩm sinh khác của dương vật
Q56.1,hội chứng lưỡng giới giả nam không phân loại ở chỗ khác
Q60.3,giảm sản thận một bên
Q61,các bệnh nang thận
Q61.2,bệnh thận đa nang di truyền trội trên nhiễm sắc thể thường
Q62.0,ứ nước thận bẩm sinh
Q62.4,không có niệu quản
Q62.7,trào ngược bàng quang niệu quản thận
F19.7,rối loạn tâm thần và hành vi do sử dụng nhiều loại ma túy và chất tác động tâm thần khác rô i loa n loa n thâ n di chư ng va khơ i pha t muọ n
F19.8,rối loạn tâm thần và hành vi do sử dụng nhiều loại ma túy và chất tác động tâm thần khác rô i loa n ta m thâ n va ha nh vi kha c
F19.9,rối loạn tâm thần và hành vi do sử dụng nhiều loại ma túy và chất tác động tâm thần khác rô i loa n ta m thâ n va ha nh vi kho ng biẹ t đi nh
H54.9,giảm thị lực không đặc hiệu hai mắt
Q75.3,tật đầu to
Q75.8,các dị tật bẩm sinh đặc hiệu khác của xương sọ và mặt
Q76.3,vẹo cột sống bẩm sinh do dị tật xương bẩm sinh
Q76.9,các dị tật bẩm sinh của xương ngực không đặc hiệu
Q77.5,loạn sản gây trật khớp
P59.1,hội chứng mật đặc
P59.9,vàng da sơ sinh không được định rõ
P61.2,thiếu máu của trẻ non tháng
P61.8,các rối loạn huyết học sơ sinh được định rõ khác
P70.4,hạ đường huyết sơ sinh khác
P71.1,hạ calci máu khác của sơ sinh
P71.9,các rối loạn tạm thời không chỉ rõ của chuyển hóa calci và magnesi ở trẻ sơ sinh
P74.1,mất nước của trẻ sơ sinh
P74.5,tăng tyrosin máu tạm thời của trẻ sơ sinh
P76.1,tắc ruột tạm thời của trẻ sơ sinh
P58.5,vàng da sơ sinh do nuốt phải máu mẹ
R19.2,nhu động ruột quan sát thấy
R19.8,triệu chứng và dấu hiệu đặc hiệu khác liên quan tới hệ tiêu hóa và bụng
R22.0,sưng khu trú khối và cục ở đầu
R22.4,sưng khu trú khối và cục ở chi dưới
R23.1,da xanh nhợt
R23.8,các thay đổi của không xác định khác của da
R25.3,co cứng cơ cục bộ
R26.1,dáng đi liệt
R27,thiếu phối hợp khác
R29.0,co cứng
R29.3,tư thế bất thường
R30,đau liên quan với tiểu tiện
R31,đa i ma u không xa c đi nh
R36,châ t tiê t niê u đa o
R39.2,urê máu cao ngoài thận
R40.1,ngẩn ngơ
O66.2,chuyển dạ đình trệ do thai to bất thường
N18.4,bệnh thận mạn giai đoạn 4
N18.5,bệnh thận mạn giai đoạn 5
N42.3,loạn sản tuyến tiền liệt
N91.0,vô kinh nguyên phát
N91.2,vô kinh không đặc hiệu
N91.3,thiểu kinh nguyên phát
N91.4,thiểu kinh thứ phát
N91.5,thiểu kinh không đặc hiệu
O03.0,sâ y thai tư nhiên sa y kho ng hoa n toa n ga y biê n chư ng nhiê m khuâ n đu ơ ng sinh du c va tiê u khung
O03.1,sâ y thai tư nhiên kho ng hoa n toa n ga y biê n chư ng ra ma u nhiê u hay ke o da i
M77.1,viêm điểm bám gân lồi cầu ngoài xương cánh tay
N37,biến đổi niệu đạo trong các bệnh đã được phân loại ở phần khác
S20.46,bị côn trùng cắn đốt không có nọc độc ở thành trước ngực
S21.02,rách bờ nham nhở có dị vật ở vú
S21.10,vết thương hở không đặc hiệu của thành trước ngực không xuyên thấu đến lồng ngực
S21.22,rách bờ nham nhở có dị vật của thành sau ngực không xuyên thấu đến lồng ngực
S22.3,gẫy xương sườn
S23,sai khớp bong gân và căng cơ quá mức của khớp và dây chằng của ngực
M00.00,viêm khớp do tụ cầu khuẩn ở khớp không xác định
M00.06,viêm khớp do tụ cầu khuẩn ở gối
M31.9,viêm mạch hoại tử không đặc hiệu
M34,xơ cứng toàn thể
M35.2,bệnh behcet
M35.5,xơ cứng nhiều ổ
M35.8,các tổn thương hệ thống đặc hiệu khác của mô liên kết
M40,gù và ưỡn cột sống
M40.3,hội chứng lưng phẳng
M41.0,vẹo cột sống tự phát ở trẻ nhỏ
M41.5,các vẹo cột sống thứ phát khác
M42.1,hư điểm cốt hóa cột sống người lớn
M43.2,dính đốt sống khác
M43.8,các dị tật điển hình khác của cột sống được xác định
M46.3,viêm đĩa đệm đốt sống do vi khuẩn sinh mủ
M47.0,hội chứng chèn ép động mạch sống và động mạch gai sống trước g99 2
M47.10,thoái hoá cột sống khác kèm tổn thương tủy sống vị trí không xác định
M47.18,thoái hoá cột sống khác kèm tổn thương tủy sống vùng cùng và cùng cụt
M47.26,thoái hoá cột sống khác có tổn thương rễ sống vùng thắt lưng
A00,bệnh tả
A00.0,bệnh tả do vibrio cholerae 01 typ sinh học cholerae
A00.9,bệnh tả không xác định
A01.3,bệnh phó thương hàn c
A16,lao đường hô hấp không xác nhận về vi khuẩn học hoặc mô học
B97.0,adenovirus gây các bệnh đã được phân loại ở chương khác
B98,tác nhân nhiễm trùng xác định khác gây các bệnh đã được phân loại ở chương khác
B98.0,helicobacter pylori h pylori gây các bệnh đã được phân loại ở chương khác
C80.0,u ác tính không biết vị trí nguyên phát
C80.9,u ác không xác định
C83.4,u lympho không hodgkin nguyên bào miễn dịch toả rộng
C83.6,u lympho không hodgkin không biệt hóa tỏa rộng
C84.2,u lympho vùng t
C84.3,u lympho loại u lympho biểu mô
C85.0,u lympho sarcom
C90.3,bướu tương bào đơn độc
C91.6,bệnh bạch cầu dạng tiền lympho của tế bào t
C91.8,bệnh bạch cầu tế bào b trưởng thành loại burkitt
I84,trĩ
I84.1,trĩ nội có biến chứng khác
I84.2,trĩ nội không biến chứng
I84.4,trĩ ngoại với biến chứng khác
I84.5,trĩ ngoại không biến chứng
I84.7,trĩ gây huyết khối không chẩn đoán
I84.8,trĩ không xác định có biến chứng khác
K02.5,sâu răng với hở tủy
K22.7,thực quản barrett
K25.0,loe t dạ dày cấp có xuất huyê t
K25.2,loe t dạ dày cấp ca xuất huyê t va thu ng
K25.3,loe t dạ dày cấp kho ng co xuất huyê t hay thu ng
K25.5,loe t dạ dày ma n hay kho ng đạ c hiẹ u co thu ng
K25.6,loe t dạ dày ma n hay kho ng đạ c hiẹ u co xuất huyê t hay thu ng
K25.7,loe t dạ dày ma n kho ng co xuất huyê t hay thu ng
K25.9,loe t dạ dày kho ng xa c đi nh la cấp hay ma n kho ng xuất huyê t hay thu ng
K26.1,loe t ta tra ng cấp co thu ng
K26.2,loe t ta tra ng cấp ca xuất huyê t va thu ng
K26.3,loe t ta tra ng cấp kho ng co xuất huyê t hay thu ng
K26.5,loe t ta tra ng ma n hay kho ng đạ c hiẹ u co thu ng
K26.6,loe t ta tra ng ma n hay kho ng đạ c hiẹ u co xuất huyê t hay thu ng
K26.7,loe t ta tra ng ma n kho ng co xuất huyê t hay thu ng
T46,ngộ độc thuốc tác động chủ yếu hệ thống tim mạch
T46.5,ngộ độc thuốc hạ huyết áp khác không xếp loại ở nơi khác
T47.2,ngộ độc thuốc kích thích nhuận tràng
T47.8,ngộ độc thuốc khác tác động chủ yếu trên hệ thống tiêu hóa
S12.25,trượt đốt sống do chấn thương khác ở đốt sống cổ 3
S12.40,gẫy không xác định của đốt sống cổ 5
S12.50,gẫy không xác định của đốt sống cổ 6
S12.60,gẫy không xác định của đốt sống cổ 7
S12.9,gẫy cổ phần không đặc hiệu
S13.12,bán trật và sai khớp của đốt sống cổ c1 c2
S13.17,bán trật và sai khớp của đốt sống cổ c6 c7
S13.6,bong gân và căng cơ cả khớp và dây chằng của các phân không đặc hiệu và khác của cổ
S15,tổn thương mạch máu vùng cổ
O03.2,sâ y thai tư nhiên kho ng hoa n toa n ga y biê n chư ng tă c ma ch
O03.3,sâ y thai tư nhiên kho ng hoa n toa n ga y biê n chư ng kha c kho ng điê n hi nh
O03.4,sâ y thai tư nhiên kho ng hoa n toa n kho ng co biê n chư ng
O03.5,sâ y thai tư nhiên hoa n toa n hoạ c chu a xa c đi nh ro ga y biê n chư ng nhiê m khuâ n đu ơ ng sinh du c va tiê u khung
O03.6,sâ y thai tư nhiên hoa n toa n hoạ c chu a xa c đi nh ro ga y biê n chư ng ra ma u chạ m va nhiê u qua mư c
O03.7,sâ y thai tư nhiên hoa n toa n hoạ c chu a xa c đi nh ro ga y biê n chư ng tă c ma ch
O03.8,sâ y thai tư nhiên hoa n toa n hoạ c chu a xa c đi nh ro ga y biê n chư ng kha c chu a xa c đi nh ro
O03.9,sâ y thai tư nhiên hoa n toa n hoạ c chu a xa c đi nh ro kho ng co biê n chư ng
O04.0,pha thai nô i khoa sa y kho ng hoa n toa n ga y biê n chư ng nhiê m khuâ n đu ơ ng sinh du c va tiê u khung
O04.1,pha thai nô i khoa kho ng hoa n toa n ga y biê n chư ng ra ma u nhiê u hay ke o da i
O04.2,pha thai nô i khoa kho ng hoa n toa n ga y biê n chư ng tă c ma ch
O04.3,pha thai nô i khoa kho ng hoa n toa n ga y biê n chư ng kha c kho ng điê n hi nh
O04.4,pha thai nô i khoa kho ng hoa n toa n kho ng co biê n chư ng
O04.5,pha thai nô i khoa hoa n toa n hoạ c chu a xa c đi nh ro ga y biê n chư ng nhiê m khuâ n đu ơ ng sinh du c va tiê u khung
O04.6,pha thai nô i khoa hoa n toa n hoạ c chu a xa c đi nh ro ga y biê n chư ng ra ma u chạ m va nhiê u qua mư c
O04.7,pha thai nô i khoa hoa n toa n hoạ c chu a xa c đi nh ro ga y biê n chư ng tă c ma ch
O04.8,pha thai nô i khoa hoa n toa n hoạ c chu a xa c đi nh ro ga y biê n chư ng kha c chu a xa c đi nh ro
O04.9,pha thai nô i khoa hoa n toa n hoạ c chu a xa c đi nh ro kho ng co biê n chư ng
O05.0,pha thai kha c sa y kho ng hoa n toa n ga y biê n chư ng nhiê m khuâ n đu ơ ng sinh du c va tiê u khung
O05.2,pha thai kha c kho ng hoa n toa n ga y biê n chư ng tă c ma ch
O05.3,pha thai kha c kho ng hoa n toa n ga y biê n chư ng kha c kho ng điê n hi nh
O05.4,pha thai kha c kho ng hoa n toa n kho ng co biê n chư ng
O05.5,pha thai kha c hoa n toa n hoạ c chu a xa c đi nh ro ga y biê n chư ng nhiê m khuâ n đu ơ ng sinh du c va tiê u khung
O05.6,pha thai kha c hoa n toa n hoạ c chu a xa c đi nh ro ga y biê n chư ng ra ma u chạ m va nhiê u qua mư c
O05.7,pha thai kha c hoa n toa n hoạ c chu a xa c đi nh ro ga y biê n chư ng tă c ma ch
O05.9,pha thai kha c hoa n toa n hoạ c chu a xa c đi nh ro kho ng co biê n chư ng
O06.0,pha thai chưa xa c đi nh ro sa y kho ng hoa n toa n ga y biê n chư ng nhiê m khuâ n đu ơ ng sinh du c va tiê u khung
N18.1,bệnh thận mạn giai đoạn 1
C92.6,bẹ nh ba ch câ u da ng tu y câ p ti nh co bâ t thu ơ ng 11q23
C92.8,bệnh bạch cầu dạng tủy cấp tính có loạn sản đa dòng
C94.6,bệnh loạn sản tủy và tăng sinh tủy chưa phân loại nơi khác
C96.4,sarcom tế bào đuôi gai tế bào phụ
C96.5,bệnh tổ chức bào tế bào langerhans đa ổ và đơn hệ thống
C96.6,bệnh tổ chức bào langerhans đơn ổ
D46.5,thiếu máu kháng điều trị có loạn sản đa dòng
D46.6,hội chứng loạn sản tủy có bất thường nhiễm sắc thể del 5q đơn độc
D68.0,bệnh von willebrand
E10.7,bệnh đái tháo đường phụ thuộc insuline có đa biến chứng
E10.8,bệnh đái tháo đường phụ thuộc insuline có biến chứng không xác định khác
E10.9,bệnh đái tháo đường phụ thuộc insuline chưa có biến chứng
E11.0,bệnh đái tháo đường không phụ thuộc insuline có hôn mê
E12.0,bệnh đái tháo đường liên quan đến suy dinh dưỡng có hôn mê
E12.1,bệnh đái tháo đường liên quan đến suy dinh dưỡng có nhiễm toan ceton
E12.2,bệnh đái tháo đường liên quan đến suy dinh dưỡng có biến chứng thận
E12.3,bệnh đái tháo đường liên quan đến suy dinh dưỡng có biến chứng mắt
Z56,những vấn đề liên quan đến việc làm và thất nghiệp
Z56.5,việc làm không thích hợp
Z57.1,nghề nghiệp tiếp xúc với tia xạ
Z57.5,nghề nghiệp tiếp xúc với các chất độc trong các ngành công nghiệp khác
Z58.2,phơi nhiễm với nước ô nhiễm
H49.1,liệt dây thần kinh ròng rọc iv
H50,lác khác
H50.2,lác đứng
H50.5,lác ẩn
H50.9,lác không đặc hiệu
H51.2,liệt vận nhãn gian
H52.1,cận thị
H52.4,lão thị
H52.7,tật khúc xạ không đặc hiệu
H53.2,song thị
H53.5,tổn hại sắc giác
H53.9,rối loạn thị giác không đặc hiệu
H54.3,giảm thị lực mức độ nhẹ hoặc không giảm hai mắt
H57.0,bất thường chức năng đồng tử
H58.0,bất thường chức năng đồng tử trong các bệnh phân loại nơi khác
H60.0,apxe tai ngoài
H60.4,cholesteoma của tai ngoài
H61,bệnh khác của tai ngoài
H61.3,hẹp ống tai ngoài mắc phải
F16.12,lạm dụng chất gây ảo giác có ngộ độc
F16.14,lạm dụng chất gây ảo giác có rối loạn tính tình do chất gây ảo giác
C47,u ác của dây thần kinh ngoại biên và của hệ thần kinh tự động
A17.9,lao hệ thần kinh không xác định g99 8
C53,u ác của cổ tử cung
C56,u ác buồng trứng
C79.9,u ác tính thứ phát không xác định vị trí
C80,u ác không xác định vị trí
C81,u lympho hodgkin
C83,u lympho dạng không phải nang
B30.0,viêm kết giác mạc do adenovirus h19 2
B33.4,hội chứng tim phổi do hanta virus hps hcps j17 1
D04,ung thư biểu mô tại chỗ của da
B02.0,viêm não do zoster g05 1
B05.0,sởi biến chứng viêm não g05 1
B05.3,sởi biến chứng viêm tai giữa h67 1
C86,loại xác định khác của u lympho tế bào t nk
C92,bệnh bạch cầu tủy
C93,bệnh bạch cầu đơn nhân
M36.02,viêm da cơ và viêm đa cơ tự miễn trong các bệnh lý khối u c00 d48 cánh tay
M36.03,viêm da cơ và viêm đa cơ tự miễn trong các bệnh lý khối u c00 d48 cẳng tay
M36.04,viêm da cơ và viêm đa cơ tự miễn trong các bệnh lý khối u c00 d48 bàn tay
M36.05,viêm da cơ và viêm đa cơ tự miễn trong các bệnh lý khối u c00 d48 vùng chậu và đùi
M36.06,viêm da cơ và viêm đa cơ tự miễn trong các bệnh lý khối u c00 d48 cẳng chân
M36.07,viêm da cơ và viêm đa cơ tự miễn trong các bệnh lý khối u c00 d48 cổ bàn chân
M36.08,viêm da cơ và viêm đa cơ tự miễn trong các bệnh lý khối u c00 d48 vị trí khác
M36.09,viêm da cơ và viêm đa cơ tự miễn trong các bệnh lý khối u c00 d48 vị trí không xác định
M36.1,bệnh khớp trong các bệnh ung thư đã được xếp ở mục khác c00 d48
M36.10,bệnh khớp trong các bệnh ung thư đã được xếp ở mục khác c00 d48 nhiều vị trí
M36.11,bệnh khớp trong các bệnh ung thư đã được xếp ở mục khác c00 d48 vùng bả vai
M36.12,bệnh khớp trong các bệnh ung thư đã được xếp ở mục khác c00 d48 cánh tay
M36.13,bệnh khớp trong các bệnh ung thư đã được xếp ở mục khác c00 d48 cẳng tay
M36.14,bệnh khớp trong các bệnh ung thư đã được xếp ở mục khác c00 d48 bàn tay
M36.15,bệnh khớp trong các bệnh ung thư đã được xếp ở mục khác c00 d48 vùng chậu và đùi
M36.16,bệnh khớp trong các bệnh ung thư đã được xếp ở mục khác c00 d48 cẳng chân
M36.17,bệnh khớp trong các bệnh ung thư đã được xếp ở mục khác c00 d48 cổ bàn chân
M36.18,bệnh khớp trong các bệnh ung thư đã được xếp ở mục khác c00 d48 vị trí khác
M36.19,bệnh khớp trong các bệnh ung thư đã được xếp ở mục khác c00 d48 vị trí không xác định
M36.20,tổn thương khớp trong bệnh ưa chảy máu d66 d68 nhiều vị trí
M36.21,tổn thương khớp trong bệnh ưa chảy máu d66 d68 vùng bả vai
M36.22,tổn thương khớp trong bệnh ưa chảy máu d66 d68 cánh tay
M36.23,tổn thương khớp trong bệnh ưa chảy máu d66 d68 cẳng tay
T112233,aaaa
C34,u ác của phế quản và phổi
C39,u ác ở những vị trí khác và không rõ ràng của hệ hô hấp và cơ quan trong lồng ngực
H62,bệnh tai ngoài trong bệnh phân loại nơi khác
M73.1,viêm túi thanh mạc do giang mai a52 7
M82.1,loãng xương trong các bệnh nội tiết e00 e34
N08.4,biến đổi cầu thận trong các bệnh nội tiết dinh dưỡng và chuyển hóa khác
M03.6,bệnh khớp phản ứng sau một số bệnh được xếp loại ở mục khác
A97,sốt xuất huyết dengue
A97.0,sốt xuất huyết không có dấu hiệu cảnh báo
A97.1,sốt xuất huyết có dấu hiệu cảnh báo
A97.2,sốt xuất huyết nặng
A97.9,sốt xuất huyết không đặc hiệu
D89.2,tăng gammaglobulin máu không đặc hiệu
B25.2,viêm tụy do cytomegalovirus k87 1
B26.3,viêm tụy do quai bị k87 1
M36.24,tổn thương khớp trong bệnh ưa chảy máu d66 d68 bàn tay
M36.25,tổn thương khớp trong bệnh ưa chảy máu d66 d68 vùng chậu và đùi
M36.26,tổn thương khớp trong bệnh ưa chảy máu d66 d68 cẳng chân
M36.27,tổn thương khớp trong bệnh ưa chảy máu d66 d68 cổ bàn chân
M36.28,tổn thương khớp trong bệnh ưa chảy máu d66 d68 vị trí khác
M36.29,tổn thương khớp trong bệnh ưa chảy máu d66 d68 vị trí không xác định
M36.30,bệnh khớp trong các bệnh về máu khác d50 d76 nhiều vị trí
M36.31,bệnh khớp trong các bệnh về máu khác d50 d76 vùng bả vai
M36.32,bệnh khớp trong các bệnh về máu khác d50 d76 cánh tay
M36.33,bệnh khớp trong các bệnh về máu khác d50 d76 cẳng tay
M36.34,bệnh khớp trong các bệnh về máu khác d50 d76 bàn tay
M36.35,bệnh khớp trong các bệnh về máu khác d50 d76 vùng chậu và đùi
C73,u ác của tuyến giáp
C66,u ác niệu quản
D00,ung thư biểu mô tại chỗ của khoang miệng thực quản và dạ dày
D59.5,đái huyết sắc tố kịch phát ban đêm hội chứng marchifava micheli
D47.1,bệnh bạch cầu dòng trung tính mãn tính
E05,nhiễm độc giáp cường giáp
E10.4,bệnh đái tháo đường phụ thuộc insuline có biến chứng thần kinh
E11.2,bệnh đái tháo đường không phụ thuộc insuline có biến chứng thận
B58.1,viêm gan do toxoplasma k77 0
B59,bệnh do pneumocystosis
C58,u ác của rau thai nhau thai
C60,u ác của dương vật
C67,u ác của bàng quang
C68,u ác của cơ quan tiết niệu khác và không xác định
M03.20,bệnh khớp sau nhiễm khuẩn khác được xếp loại ở mục khác nhiều vị trí
M03.21,bệnh khớp sau nhiễm khuẩn khác được xếp loại ở mục khác vùng bả vai
M03.22,bệnh khớp sau nhiễm khuẩn khác được xếp loại ở mục khác cánh tay
M03.23,bệnh khớp sau nhiễm khuẩn khác được xếp loại ở mục khác cẳng tay
M03.24,bệnh khớp sau nhiễm khuẩn khác được xếp loại ở mục khác bàn tay
M03.25,bệnh khớp sau nhiễm khuẩn khác được xếp loại ở mục khác vùng chậu và đùi
M03.26,bệnh khớp sau nhiễm khuẩn khác được xếp loại ở mục khác cẳng chân
M03.27,bệnh khớp sau nhiễm khuẩn khác được xếp loại ở mục khác cổ bàn chân
M03.28,bệnh khớp sau nhiễm khuẩn khác được xếp loại ở mục khác vị trí khác
M03.29,bệnh khớp sau nhiễm khuẩn khác được xếp loại ở mục khác vị trí không xác định
M03.60,bệnh khớp phản ứng sau một số bệnh được xếp loại ở mục khác nhiều vị trí
M03.61,bệnh khớp phản ứng sau một số bệnh được xếp loại ở mục khác vùng bả vai
M03.62,bệnh khớp phản ứng sau một số bệnh được xếp loại ở mục khác cánh tay
M03.63,bệnh khớp phản ứng sau một số bệnh được xếp loại ở mục khác cẳng tay
M03.64,bệnh khớp phản ứng sau một số bệnh được xếp loại ở mục khác bàn tay
M03.65,bệnh khớp phản ứng sau một số bệnh được xếp loại ở mục khác vùng chậu và đùi
M03.66,bệnh khớp phản ứng sau một số bệnh được xếp loại ở mục khác cẳng chân
M03.67,bệnh khớp phản ứng sau một số bệnh được xếp loại ở mục khác cổ bàn chân
M03.68,bệnh khớp phản ứng sau một số bệnh được xếp loại ở mục khác vị trí khác
M03.69,bệnh khớp phản ứng sau một số bệnh được xếp loại ở mục khác vị trí không xác định
M85,rối loạn khác về tỉ trọng mật độ và cấu trúc của xương
I787,đsadsấ
M36.00,viêm da cơ và viêm đa cơ tự miễn trong các bệnh lý khối u c00 d48 nhiều vị trí
M36.01,viêm da cơ và viêm đa cơ tự miễn trong các bệnh lý khối u c00 d48 vùng bả vai
M07.28,viêm cột sống vảy nến l40 5 vị trí khác
M07.29,viêm cột sống vảy nến l40 5 vị trí không xác định
M07.30,bệnh viêm khớp vảy nến khác l40 5 nhiều vị trí
M07.31,bệnh viêm khớp vảy nến khác l40 5 vùng bả vai
M07.32,bệnh viêm khớp vảy nến khác l40 5 cánh tay
M07.33,bệnh viêm khớp vảy nến khác l40 5 cẳng tay
M07.34,bệnh viêm khớp vảy nến khác l40 5 bàn tay
M07.35,bệnh viêm khớp vảy nến khác l40 5 vùng chậu và đùi
M07.36,bệnh viêm khớp vảy nến khác l40 5 cẳng chân
M07.37,bệnh viêm khớp vảy nến khác l40 5 cổ bàn chân
M07.00,bệnh khớp vảy nến có tổn thương khớp ngón xa l40 5 nhiều vị trí
M07.01,bệnh khớp vảy nến có tổn thương khớp ngón xa l40 5 vùng bả vai
M07.02,bệnh khớp vảy nến có tổn thương khớp ngón xa l40 5 cánh tay
M07.03,bệnh khớp vảy nến có tổn thương khớp ngón xa l40 5 cẳng tay
M07.04,bệnh khớp vảy nến có tổn thương khớp ngón xa l40 5 bàn tay
M07.05,bệnh khớp vảy nến có tổn thương khớp ngón xa l40 5 vùng chậu và đùi
M07.06,bệnh khớp vảy nến có tổn thương khớp ngón xa l40 5 cẳng chân
M07.07,bệnh khớp vảy nến có tổn thương khớp ngón xa l40 5 cổ bàn chân
M07.08,bệnh khớp vảy nến có tổn thương khớp ngón xa l40 5 vị trí khác
M07.09,bệnh khớp vảy nến có tổn thương khớp ngón xa l40 5 vị trí không xác định
M07.10,viêm khớp có hủy khớp l40 5 nhiều vị trí
M07.11,viêm khớp có hủy khớp l40 5 vùng bả vai
M07.12,viêm khớp có hủy khớp l40 5 cánh tay
M07.13,viêm khớp có hủy khớp l40 5 cẳng tay
M07.14,viêm khớp có hủy khớp l40 5 bàn tay
M07.15,viêm khớp có hủy khớp l40 5 vùng chậu và đùi
M07.16,viêm khớp có hủy khớp l40 5 cẳng chân
M07.17,viêm khớp có hủy khớp l40 5 cổ bàn chân
M07.18,viêm khớp có hủy khớp l40 5 vị trí khác
M07.19,viêm khớp có hủy khớp l40 5 vị trí không xác định
M07.20,viêm cột sống vảy nến l40 5 nhiều vị trí
M07.21,viêm cột sống vảy nến l40 5 vùng bả vai
M07.22,viêm cột sống vảy nến l40 5 cánh tay
M07.23,viêm cột sống vảy nến l40 5 cẳng tay
M07.24,viêm cột sống vảy nến l40 5 bàn tay
M07.25,viêm cột sống vảy nến l40 5 vùng chậu và đùi
M07.26,viêm cột sống vảy nến l40 5 cẳng chân
M07.27,viêm cột sống vảy nến l40 5 cổ bàn chân
M07.38,bệnh viêm khớp vảy nến khác l40 5 vị trí khác
M07.39,bệnh viêm khớp vảy nến khác l40 5 vị trí không xác định
M07.40,bệnh khớp trong bệnh crohn viêm đoạn ruột k50 nhiều vị trí
M07.41,bệnh khớp trong bệnh crohn viêm đoạn ruột k50 vùng bả vai
M07.42,bệnh khớp trong bệnh crohn viêm đoạn ruột k50 cánh tay
M07.43,bệnh khớp trong bệnh crohn viêm đoạn ruột k50 cẳng tay
M07.44,bệnh khớp trong bệnh crohn viêm đoạn ruột k50 bàn tay
M07.45,bệnh khớp trong bệnh crohn viêm đoạn ruột k50 vùng chậu và đùi
M07.46,bệnh khớp trong bệnh crohn viêm đoạn ruột k50 cẳng chân
M07.47,bệnh khớp trong bệnh crohn viêm đoạn ruột k50 cổ bàn chân
M07.48,bệnh khớp trong bệnh crohn viêm đoạn ruột k50 vị trí khác
M07.49,bệnh khớp trong bệnh crohn viêm đoạn ruột k50 vị trí không xác định
M07.50,bệnh khớp trong viêm loét đại tràng k51 nhiều vị trí
M07.51,bệnh khớp trong viêm loét đại tràng k51 vùng bả vai
M07.52,bệnh khớp trong viêm loét đại tràng k51 cánh tay
M07.53,bệnh khớp trong viêm loét đại tràng k51 cẳng tay
M07.54,bệnh khớp trong viêm loét đại tràng k51 bàn tay
M07.55,bệnh khớp trong viêm loét đại tràng k51 vùng chậu và đùi
M07.56,bệnh khớp trong viêm loét đại tràng k51 cẳng chân
M07.57,bệnh khớp trong viêm loét đại tràng k51 cổ bàn chân
M07.58,bệnh khớp trong viêm loét đại tràng k51 vị trí khác
I65565,gdfgdfg
M95,các biến dạng mắc phải của hệ cơ xương khớp và mô liên kết
M07.59,bệnh khớp trong viêm loét đại tràng k51 vị trí không xác định
M07.60,bệnh khớp trong bệnh đường ruột khác nhiều vị trí
M07.61,bệnh khớp trong bệnh đường ruột khác vùng bả vai
M07.62,bệnh khớp trong bệnh đường ruột khác cánh tay
M07.63,bệnh khớp trong bệnh đường ruột khác cẳng tay
M07.64,bệnh khớp trong bệnh đường ruột khác bàn tay
M07.65,bệnh khớp trong bệnh đường ruột khác vùng chậu và đùi
M07.66,bệnh khớp trong bệnh đường ruột khác cẳng chân
M07.67,bệnh khớp trong bệnh đường ruột khác cổ bàn chân
M07.68,bệnh khớp trong bệnh đường ruột khác vị trí khác
M07.69,bệnh khớp trong bệnh đường ruột khác vị trí không xác định
M01.50,viêm khớp trong nhiễm một số virus đã được xếp loại ở mục khác nhiều vị trí
M01.51,viêm khớp trong nhiễm một số virus đã được xếp loại ở mục khác vùng bả vai
M01.52,viêm khớp trong nhiễm một số virus đã được xếp loại ở mục khác cánh tay
M01.53,viêm khớp trong nhiễm một số virus đã được xếp loại ở mục khác cẳng tay
M01.54,viêm khớp trong nhiễm một số virus đã được xếp loại ở mục khác bàn tay
M01.55,viêm khớp trong nhiễm một số virus đã được xếp loại ở mục khác vùng chậu và đùi
M01.56,viêm khớp trong nhiễm một số virus đã được xếp loại ở mục khác cẳng chân
M01.57,viêm khớp trong nhiễm một số virus đã được xếp loại ở mục khác cổ bàn chân
M01.58,viêm khớp trong nhiễm một số virus đã được xếp loại ở mục khác vị trí khác
M01.59,viêm khớp trong nhiễm một số virus đã được xếp loại ở mục khác vị trí không xác định
M01.60,viêm khớp do nấm b35 b49 nhiều vị trí
F11.15,lạm dụng cần sa với loạn thần do cần sa
F12.22,nghiện bồ đà có ngộ độc
F15.90,sử dụng chất kích thích khác không xác định không biến chứng
A18.10,lao bàng quang
A18.32,viêm ruột do lao lao hậu môn trực tràng lao ruột già ruột non
M00.18,viêm khớp do phế cầu ở xương sống
M09.00,viêm khớp thiếu niên sau vảy nến k50 _ nhiều vị trí
M09.01,viêm khớp thiếu niên sau vảy nến k50 _ vùng bả vai
M09.02,viêm khớp thiếu niên sau vảy nến k50 _ cánh tay
M09.03,viêm khớp thiếu niên sau vảy nến k50 _ cẳng tay
M09.04,viêm khớp thiếu niên sau vảy nến k50 _ bàn tay
M09.05,viêm khớp thiếu niên sau vảy nến k50 _ vùng chậu và đùi
M09.06,viêm khớp thiếu niên sau vảy nến k50 _ cẳng chân
M09.07,viêm khớp thiếu niên sau vảy nến k50 _ cổ bàn chân
M36.88,tổn thương hệ thống mô liên kết trong các bệnh đã được xếp loại ở mục khác vị trí khác
M36.89,tổn thương hệ thống mô liên kết trong các bệnh đã được xếp loại ở mục khác vị trí không xác định
M01.61,viêm khớp do nấm b35 b49 vùng bả vai
M01.62,viêm khớp do nấm b35 b49 cánh tay
M01.63,viêm khớp do nấm b35 b49 cẳng tay
M01.64,viêm khớp do nấm b35 b49 bàn tay
M01.65,viêm khớp do nấm b35 b49 vùng chậu và đùi
M01.66,viêm khớp do nấm b35 b49 cẳng chân
M01.67,viêm khớp do nấm b35 b49 cổ bàn chân
M01.68,viêm khớp do nấm b35 b49 vị trí khác
M01.69,viêm khớp do nấm b35 b49 vị trí không xác định
M01.80,viêm khớp trong một số bệnh nhiễm khuẩn và ký sinh vật được xếp loại ở mục khác nhiều vị trí
M36.36,bệnh khớp trong các bệnh về máu khác d50 d76 cẳng chân
M36.37,bệnh khớp trong các bệnh về máu khác d50 d76 cổ bàn chân
M36.38,bệnh khớp trong các bệnh về máu khác d50 d76 vị trí khác
M36.39,bệnh khớp trong các bệnh về máu khác d50 d76 vị trí không xác định
M36.40,bệnh khớp trong phản ứng quá mẫn đã được xếp loại ở mục khác nhiều vị trí
M36.41,bệnh khớp trong phản ứng quá mẫn đã được xếp loại ở mục khác vùng bả vai
M36.42,bệnh khớp trong phản ứng quá mẫn đã được xếp loại ở mục khác cánh tay
M36.43,bệnh khớp trong phản ứng quá mẫn đã được xếp loại ở mục khác cẳng tay
M36.44,bệnh khớp trong phản ứng quá mẫn đã được xếp loại ở mục khác bàn tay
M36.45,bệnh khớp trong phản ứng quá mẫn đã được xếp loại ở mục khác vùng chậu và đùi
M36.46,bệnh khớp trong phản ứng quá mẫn đã được xếp loại ở mục khác cẳng chân
M36.47,bệnh khớp trong phản ứng quá mẫn đã được xếp loại ở mục khác cổ bàn chân
M36.48,bệnh khớp trong phản ứng quá mẫn đã được xếp loại ở mục khác vị trí khác
M36.49,bệnh khớp trong phản ứng quá mẫn đã được xếp loại ở mục khác vị trí không xác định
M36.80,tổn thương hệ thống mô liên kết trong các bệnh đã được xếp loại ở mục khác nhiều vị trí
M36.81,tổn thương hệ thống mô liên kết trong các bệnh đã được xếp loại ở mục khác vùng bả vai
M36.82,tổn thương hệ thống mô liên kết trong các bệnh đã được xếp loại ở mục khác cánh tay
M36.83,tổn thương hệ thống mô liên kết trong các bệnh đã được xếp loại ở mục khác cẳng tay
M36.84,tổn thương hệ thống mô liên kết trong các bệnh đã được xếp loại ở mục khác bàn tay
M01.81,viêm khớp trong một số bệnh nhiễm khuẩn và ký sinh vật được xếp loại ở mục khác vùng bả vai
M01.82,viêm khớp trong một số bệnh nhiễm khuẩn và ký sinh vật được xếp loại ở mục khác cánh tay
M01.83,viêm khớp trong một số bệnh nhiễm khuẩn và ký sinh vật được xếp loại ở mục khác cẳng tay
M01.84,viêm khớp trong một số bệnh nhiễm khuẩn và ký sinh vật được xếp loại ở mục khác bàn tay
M01.85,viêm khớp trong một số bệnh nhiễm khuẩn và ký sinh vật được xếp loại ở mục khác vùng chậu và đùi
M01.86,viêm khớp trong một số bệnh nhiễm khuẩn và ký sinh vật được xếp loại ở mục khác cẳng chân
M01.87,viêm khớp trong một số bệnh nhiễm khuẩn và ký sinh vật được xếp loại ở mục khác cổ bàn chân
M01.88,viêm khớp trong một số bệnh nhiễm khuẩn và ký sinh vật được xếp loại ở mục khác vị trí khác
M01.89,viêm khớp trong một số bệnh nhiễm khuẩn và ký sinh vật được xếp loại ở mục khác vị trí không xác định
M03.00,viêm khớp sau nhiễm não mô cầu a39 8 nhiều vị trí
M03.01,viêm khớp sau nhiễm não mô cầu a39 8 vùng bả vai
M03.02,viêm khớp sau nhiễm não mô cầu a39 8 cánh tay
M03.03,viêm khớp sau nhiễm não mô cầu a39 8 cẳng tay
M03.04,viêm khớp sau nhiễm não mô cầu a39 8 bàn tay
M03.05,viêm khớp sau nhiễm não mô cầu a39 8 vùng chậu và đùi
M03.06,viêm khớp sau nhiễm não mô cầu a39 8 cẳng chân
M03.07,viêm khớp sau nhiễm não mô cầu a39 8 cổ bàn chân
M03.08,viêm khớp sau nhiễm não mô cầu a39 8 vị trí khác
M03.09,viêm khớp sau nhiễm não mô cầu a39 8 vị trí không xác định
M03.10,bệnh khớp sau nhiễm giang mai nhiều vị trí
M03.11,bệnh khớp sau nhiễm giang mai vùng bả vai
M03.12,bệnh khớp sau nhiễm giang mai cánh tay
M36.85,tổn thương hệ thống mô liên kết trong các bệnh đã được xếp loại ở mục khác vùng chậu và đùi
M36.86,tổn thương hệ thống mô liên kết trong các bệnh đã được xếp loại ở mục khác cẳng chân
M36.87,tổn thương hệ thống mô liên kết trong các bệnh đã được xếp loại ở mục khác cổ bàn chân
M03.13,bệnh khớp sau nhiễm giang mai cẳng tay
M03.14,bệnh khớp sau nhiễm giang mai bàn tay
M03.15,bệnh khớp sau nhiễm giang mai vùng chậu và đùi
M03.16,bệnh khớp sau nhiễm giang mai cẳng chân
M03.17,bệnh khớp sau nhiễm giang mai cổ bàn chân
M03.18,bệnh khớp sau nhiễm giang mai vị trí khác
M03.19,bệnh khớp sau nhiễm giang mai vị trí không xác định
M49.00,lao cột sống a18 0 nhiều vị trí
M49.01,lao cột sống a18 0 vùng bả vai
M49.02,lao cột sống a18 0 cánh tay
M49.03,lao cột sống a18 0 cẳng tay
M49.04,lao cột sống a18 0 bàn tay
M49.05,lao cột sống a18 0 vùng chậu và đùi
M49.10,viêm đốt sống do brucella a23 nhiều vị trí
M49.11,viêm đốt sống do brucella a23 vùng bả vai
M49.12,viêm đốt sống do brucella a23 cánh tay
M49.13,viêm đốt sống do brucella a23 cẳng tay
M49.14,viêm đốt sống do brucella a23 bàn tay
M49.15,viêm đốt sống do brucella a23 vùng chậu và đùi
M49.20,viêm đốt sống do vi khuẩn đường ruột a01 a04 nhiều vị trí
M49.21,viêm đốt sống do vi khuẩn đường ruột a01 a04 vùng bả vai
M49.22,viêm đốt sống do vi khuẩn đường ruột a01 a04 cánh tay
M49.23,viêm đốt sống do vi khuẩn đường ruột a01 a04 cẳng tay
M49.24,viêm đốt sống do vi khuẩn đường ruột a01 a04 bàn tay
M49.25,viêm đốt sống do vi khuẩn đường ruột a01 a04 vùng chậu và đùi
M49.30,bệnh cột sống trong các bệnh nhiễm khuẩn và ký sinh vật đã xếp loại ở mục khác nhiều vị trí
N02.0,đái máu dai dẳng và tái phát bất thường nhỏ ở cầu thận
N02.1,đái máu dai dẳng và tái phát tổn thương cầu thận ổ và thùy
N02.2,đái máu dai dẳng và tái phát viêm cầu thận màng lan tỏa
N02.3,đái máu dai dẳng và tái phát viêm cầu thận tăng sinh gian mạch lan tỏa
N02.4,đái máu dai dẳng và tái phát viêm cầu thận tăng sinh nội mạch lan tỏa
N02.5,đái máu dai dẳng và tái phát viêm cầu thận gian mạch mao mạch lan tỏa
N02.6,đái máu dai dẳng và tái phát bệnh lắng đọng đậm đặc
N02.7,đái máu dai dẳng và tái phát viêm cầu thận hình liềm lan tỏa
N02.8,đái máu dai dẳng và tái phát khác
N02.9,đái máu dai dẳng và tái phát không đặc hiệu
N03.0,hội chứng viêm thận mạn bất thường nhỏ ở cầu thận
N03.1,hội chứng viêm thận mạn tổn thương cầu thận ổ và thùy
N03.2,hội chứng viêm thận mạn viêm cầu thận màng lan tỏa
N03.3,hội chứng viêm thận mạn viêm cầu thận tăng sinh gian mạch lan tỏa
N03.4,hội chứng viêm thận mạn viêm cầu thận tăng sinh nội mạch lan tỏa
N03.5,hội chứng viêm thận mạn viêm cầu thận gian mạch mao mạch lan tỏa
N03.6,hội chứng viêm thận mạn bệnh lắng đọng đậm đặc
N03.7,hội chứng viêm thận mạn viêm cầu thận hình liềm lan tỏa
N03.8,hội chứng viêm thận mạn khác
N03.9,hội chứng viêm thận mạn không xác định
N04.0,hội chứng thận hư bất thường nhỏ ở cầu thận
N04.1,hội chứng thận hư tổn thương cầu thận ổ và thùy
N04.2,hội chứng thận hư viêm cầu thận màng lan tỏa
N04.3,hội chứng thận hư viêm cầu thận tăng sinh gian mạch lan tỏa
N04.4,hội chứng thận hư viêm cầu thận tăng sinh nội mạch lan tỏa
N04.5,hội chứng thận hư viêm cầu thận gian mạch mao mạch lan tỏa
N04.6,hội chứng thận hư bệnh lắng đọng đậm đặc
N04.7,hội chứng thận hư viêm cầu thận hình liềm lan tỏa
N04.8,hội chứng thận hư khác
N04.9,hội chứng thận hư không xác định
N05.0,hội chứng viêm thận không đặc hiệu bất thường nhỏ ở cầu thận
M49.31,bệnh cột sống trong các bệnh nhiễm khuẩn và ký sinh vật đã xếp loại ở mục khác vùng bả vai
M49.32,bệnh cột sống trong các bệnh nhiễm khuẩn và ký sinh vật đã xếp loại ở mục khác cánh tay
M49.33,bệnh cột sống trong các bệnh nhiễm khuẩn và ký sinh vật đã xếp loại ở mục khác cẳng tay
M49.34,bệnh cột sống trong các bệnh nhiễm khuẩn và ký sinh vật đã xếp loại ở mục khác bàn tay
M49.35,bệnh cột sống trong các bệnh nhiễm khuẩn và ký sinh vật đã xếp loại ở mục khác vùng chậu và đùi
M49.40,tổn thương cột sống do nguyên nhân thần kinh nhiều vị trí
M49.41,tổn thương cột sống do nguyên nhân thần kinh vùng bả vai
N05.1,hội chứng viêm thận không đặc hiệu tổn thương cầu thận ổ và thùy
N05.2,hội chứng viêm thận không đặc hiệu viêm cầu thận màng lan tỏa
M49.42,tổn thương cột sống do nguyên nhân thần kinh cánh tay
M49.43,tổn thương cột sống do nguyên nhân thần kinh cẳng tay
M49.44,tổn thương cột sống do nguyên nhân thần kinh bàn tay
M49.45,tổn thương cột sống do nguyên nhân thần kinh vùng chậu và đùi
M49.50,xẹp đốt sống trong các bệnh đã xếp loại ở mục khác nhiều vị trí
M49.51,xẹp đốt sống trong các bệnh đã xếp loại ở mục khác vùng bả vai
M49.52,xẹp đốt sống trong các bệnh đã xếp loại ở mục khác cánh tay
M49.53,xẹp đốt sống trong các bệnh đã xếp loại ở mục khác cẳng tay
M49.54,xẹp đốt sống trong các bệnh đã xếp loại ở mục khác bàn tay
M49.55,xẹp đốt sống trong các bệnh đã xếp loại ở mục khác vùng chậu và đùi
M49.80,tổn thương thân đốt sống trong các bệnh khác đã được xếp loại ở mục khác nhiều vị trí
M49.81,tổn thương thân đốt sống trong các bệnh khác đã được xếp loại ở mục khác vùng bả vai
M49.82,tổn thương thân đốt sống trong các bệnh khác đã được xếp loại ở mục khác cánh tay
M49.83,tổn thương thân đốt sống trong các bệnh khác đã được xếp loại ở mục khác cẳng tay
M49.84,tổn thương thân đốt sống trong các bệnh khác đã được xếp loại ở mục khác bàn tay
M49.85,tổn thương thân đốt sống trong các bệnh khác đã được xếp loại ở mục khác vùng chậu và đùi
N05.3,hội chứng viêm thận không đặc hiệu viêm cầu thận tăng sinh gian mạch lan tỏa
N05.4,hội chứng viêm thận không đặc hiệu viêm cầu thận tăng sinh nội mạch lan tỏa
N05.5,hội chứng viêm thận không đặc hiệu viêm cầu thận gian mạch mao mạch lan tỏa
N05.6,hội chứng viêm thận không đặc hiệu bệnh lắng đọng đậm đặc
N05.7,hội chứng viêm thận không đặc hiệu viêm cầu thận hình liềm lan tỏa
N05.8,hội chứng viêm thận không đặc hiệu khác
N05.9,hội chứng viêm thận không đặc hiệu
N06.0,protein niệu đơn độc với tổn thương hình thái đặc hiệu bất thường nhỏ ở cầu thận
N06.1,protein niệu đơn độc với tổn thương hình thái đặc hiệu tổn thương cầu thận ổ và thùy
N06.2,protein niệu đơn độc với tổn thương hình thái đặc hiệu viêm cầu thận màng lan tỏa
N06.3,protein niệu đơn độc với tổn thương hình thái đặc hiệu viêm cầu thận tăng sinh gian mạch lan tỏa
N06.4,protein niệu đơn độc với tổn thương hình thái đặc hiệu viêm cầu thận tăng sinh nội mạch lan tỏa
N06.5,protein niệu đơn độc với tổn thương hình thái đặc hiệu viêm cầu thận gian mạch mao mạch lan tỏa
N06.6,protein niệu đơn độc với tổn thương hình thái đặc hiệu bệnh lắng đọng đậm đặc
N06.7,protein niệu đơn độc với tổn thương hình thái đặc hiệu viêm cầu thận hình liềm lan tỏa
N06.8,protein niệu đơn độc với tổn thương hình thái đặc hiệu khác
N06.9,protein niệu đơn độc với tổn thương hình thái đặc hiệu không xác định
N07.0,bệnh thận di truyền chưa được phân loại nơi khác bất thường nhỏ ở cầu thận
N07.1,bệnh thận di truyền chưa được phân loại nơi khác tổn thương cầu thận ổ và thùy
N07.2,bệnh thận di truyền chưa được phân loại nơi khác viêm cầu thận màng lan tỏa
N00.0,hội chứng viêm cầu thận cấp có bất thường nhỏ ở cầu thận
N00.1,hội chứng viêm cầu thận cấp tổn thương cầu thận ổ và thuỳ
N00.2,hội chứng viêm cầu thận cấp viêm cầu thận màng lan toả
N00.3,hội chứng viêm cầu thận cấp viêm cầu thận tăng sinh gian mạch màng lan toả
N00.4,hội chứng viêm cầu thận cấp viêm cầu thận tăng sinh nội mạch lan toả
N00.5,hội chứng viêm cầu thận cấp viêm cầu thận gian mạch mao mạch lan toả
N00.6,hội chứng viêm cầu thận cấp bệnh lắng đọng đậm đặc
N00.7,hội chứng viêm cầu thận cấp viêm cầu thận hình liềm lan toả
N00.8,hội chứng viêm cầu thận cấp khác
N00.9,hội chứng viêm cầu thận cấp không đặc hiệu
N01.0,hội chứng viêm thận tiến triển bất thường nhỏ ở cầu thận
N01.1,hội chứng viêm thận tiến triển tổn thương cầu thận ổ và thùy
N01.2,hội chứng viêm thận tiến triển viêm cầu thận màng lan tỏa
N01.3,hội chứng viêm thận tiến triển viêm cầu thận tăng sinh gian mạch lan tỏa
N01.4,hội chứng viêm thận tiến triển viêm cầu thận tăng sinh nội mạch lan tỏa
N01.5,hội chứng viêm thận tiến triển viêm cầu thận gian mạch mao mạch lan tỏa
N01.6,hội chứng viêm thận tiến triển bệnh lắng đọng đậm đặc
N01.7,hội chứng viêm thận tiến triển viêm cầu thận hình liềm lan tỏa
N01.8,hội chứng viêm thận tiến triển khác
N01.9,hội chứng viêm thận tiến triển không xác định
S12.21,gẫy đốt sống cổ đặc hiệu khác gãy hở
S12.70,gẫy nhiều chỗ của đốt sống cổ gãy kín
S12.71,gẫy nhiều chỗ của đốt sống cổ gãy hở
S12.80,gẫy các phần khác của cổ gãy kín
S12.81,gẫy các phần khác của cổ gãy hở
S12.90,gẫy cổ phần không đặc hiệu gãy kín
N07.3,bệnh thận di truyền chưa được phân loại nơi khác viêm cầu thận tăng sinh gian mạch lan tỏa
N07.4,bệnh thận di truyền chưa được phân loại nơi khác viêm cầu thận tăng sinh nội mạch lan tỏa
N07.5,bệnh thận di truyền chưa được phân loại nơi khác viêm cầu thận gian mạch mao mạch lan tỏa
N07.6,bệnh thận di truyền chưa được phân loại nơi khác bệnh lắng đọng đậm đặc
N07.7,bệnh thận di truyền chưa được phân loại nơi khác viêm cầu thận hình liềm lan tỏa
N07.8,bệnh thận di truyền chưa được phân loại nơi khác khác
N07.9,bệnh thận di truyền chưa được phân loại nơi khác không xác định
S22.80,gẫy các phần khác của xương ngực gãy kín
S22.81,gẫy các phần khác của xương ngực gãy hở
S22.90,gẫy xương ngực phần không đặc hiệu gãy kín
S22.91,gẫy xương ngực phần không đặc hiệu gãy hở
S37.90,vết thương cơ quan chậu không xác định không có vết thương hở vào ổ bụng
S37.91,vết thương cơ quan chậu không xác định có vết thương hở vào ổ bụng
S26.00,tổn thương tim có tràn máu màng tim không có vết thương mở vào ổ ngực
S26.01,tổn thương tim có tràn máu màng tim có vết thương mở vào ổ ngực
S26.80,tổn thương khác của tim không có vết thương mở vào ổ ngực
S26.81,tổn thương khác của tim có vết thương mở vào ổ ngực
S26.90,tổn thương tim không đặc hiệu không có vết thương mở vào ổ ngực
S26.91,tổn thương tim không đặc hiệu có vết thương mở vào ổ ngực
S27.00,tràn khí phổi do chấn thương không có vết thương mở vào ổ ngực
S27.01,tràn khí phổi do chấn thương có vết thương mở vào ổ ngực
S27.10,tràn máu phổi do chấn thương không có vết thương mở vào ổ ngực
S27.11,tràn máu phổi do chấn thương có vết thương mở vào ổ ngực
S27.20,tràn khí máu phổi sang chấn không có vết thương mở vào ổ ngực
S27.21,tràn khí máu phổi sang chấn có vết thương mở vào ổ ngực
S27.30,tổn thương khác của phổi không có vết thương mở vào ổ ngực
S27.31,tổn thương khác của phổi có vết thương mở vào ổ ngực
S27.40,tổn thương phế quản không có vết thương mở vào ổ ngực
S27.41,tổn thương phế quản có vết thương mở vào ổ ngực
S27.50,tổn thương khí quản ngực không có vết thương mở vào ổ ngực
S27.51,tổn thương khí quản ngực có vết thương mở vào ổ ngực
S27.60,tổn thương màng phổi không có vết thương mở vào ổ ngực
S27.61,tổn thương màng phổi có vết thương mở vào ổ ngực
S27.70,đa tổn thương của các cơ quan trong ổ ngực không có vết thương mở vào ổ ngực
S27.71,đa tổn thương của các cơ quan trong ổ ngực có vết thương mở vào ổ ngực
S27.80,tổn thương của các cơ quan khác đặc hiệu trong ổ ngực có vết thương mở vào ổ ngực
S27.81,tổn thương của các cơ quan khác đặc hiệu trong ổ ngực có vết thương mở vào ổ ngực
S27.90,tổn thương vùi lấp của ngực và cắt cụt sang chấn không có vết thương mở vào ổ ngực
S27.91,tổn thương vùi lấp của ngực và cắt cụt sang chấn có vết thương mở vào ổ ngực
S32.00,gẫy sống thắt lưng gãy kín
S32.01,gẫy sống thắt lưng gãy hở
S32.10,gẫy xương cùng gãy kín
S32.11,gẫy xương cùng gãy hở
S32.20,gây xương cụt gãy kín
S02.00,vỡ vòm sọ vỡ kín
S02.01,vỡ vòm sọ vỡ hở
S02.10,vỡ nền sọ vỡ kín
S02.11,vỡ nền sọ vỡ hở
S02.20,vỡ xương mũi vỡ kín
S02.21,vỡ xương mũi vỡ hở
S02.30,vỡ xương sàn ổ mắt vỡ kín
S02.31,vỡ xương sàn ổ mắt vỡ hở
S02.40,vỡ xương má và xương hàm vỡ kín
S02.41,vỡ xương má và xương hàm vỡ hở
S02.50,gẫy răng gãy kín
S02.51,gẫy răng gãy hở
S02.60,vỡ xương hàm vỡ kín
S02.61,vỡ xương hàm vỡ hở
S02.70,vỡ nhiều mảnh của xương sọ và xương mặt vỡ kín
S02.71,vỡ nhiều mảnh của xương sọ và xương mặt vỡ hở
S02.80,vỡ các xương khác của sọ và mặt vỡ kín
S02.81,vỡ các xương khác của sọ và mặt vỡ hở
S02.90,vỡ các xương sọ và xương mặt phần không xác định vỡ kín
S02.91,vỡ các xương sọ và xương mặt phần không xác định vỡ hở
S32.21,gây xương cụt gãy hở
S32.30,gẫy xương chậu gãy kín
S32.31,gẫy xương chậu gãy hở
S32.40,gẫy xương ổ cối gãy kín
S32.41,gẫy xương ổ cối gãy hở
S32.50,gẫy xương mu gãy kín
S32.51,gẫy xương mu gãy hở
S32.70,gẫy phức tạp cột sống thắt lưng và chậu hông gãy kín
S32.71,gẫy phức tạp cột sống thắt lưng và chậu hông gãy hở
S32.80,gẫy các phần không xác định và khác của gai thắt lưng và chậu gãy kín
S32.81,gẫy các phần không xác định và khác của gai thắt lưng và chậu gãy hở
S12.91,gẫy cổ phần không đặc hiệu gãy hở
S36.00,vết thương lách vỡ lách không có vết thương hở vào ổ bụng
S36.01,vết thương lách có vết thương hở vào ổ bụng
S36.10,vết thương gan hay túi mật không có vết thương hở vào ổ bụng
S36.11,vết thương gan hay túi mật có vết thương hở vào ổ bụng
S36.20,vết thương tụy không có vết thương hở vào ổ bụng
S36.21,vết thương tụy có vết thương hở vào ổ bụng
S36.30,vết thương dạ dày không có vết thương hở vào ổ bụng
S36.31,vết thương dạ dày có vết thương hở vào ổ bụng
S36.40,vết thương ruột non không có vết thương hở vào ổ bụng
S36.41,vết thương ruột non có vết thương hở vào ổ bụng
S36.50,vết thương đại tràng không có vết thương hở vào ổ bụng
S36.51,vết thương đại tràng có vết thương hở vào ổ bụng
S36.60,vết thương trực tràng không có vết thương hở vào ổ bụng
S36.61,vết thương trực tràng có vết thương hở vào ổ bụng
S22.00,gẫy đốt sống ngực gãy kín
S22.01,gẫy đốt sống ngực gãy hở
S22.10,gẫy phức tạp gai sống ngực gãy kín
S22.11,gẫy phức tạp gai sống ngực gãy hở
S22.20,gẫy xương ức gãy kín
S22.21,gẫy xương ức gãy hở
S22.30,gẫy xương sườn gãy kín
S22.31,gẫy xương sườn gãy hở
S22.40,gẫy phức tạp xương sườn gãy kín
S22.41,gẫy phức tạp xương sườn gãy hở
S22.50,mảng sườn di động gãy kín
S22.51,mảng sườn di động gãy hở
S36.70,vết thương nhiều cơ quan trong ổ bụng không có vết thương hở vào ổ bụng
S36.71,vết thương nhiều cơ quan trong ổ bụng có vết thương hở vào ổ bụng
S36.80,vết thương các cơ quan khác trong ổ bụng không có vết thương hở vào ổ bụng
S36.81,vết thương các cơ quan khác trong ổ bụng có vết thương hở vào ổ bụng
S36.90,vết thương cơ quan trong ổ bụng không xác định không có vết thương hở vào ổ bụng
S36.91,vết thương cơ quan trong ổ bụng không xác định có vết thương hở vào ổ bụng
S37.00,vết thương thận không có vết thương hở vào ổ bụng
S37.01,vết thương thận có vết thương hở vào ổ bụng
S37.10,vết thương niệu quản không có vết thương hở vào ổ bụng
S37.11,vết thương niệu quản có vết thương hở vào ổ bụng
S37.20,vết thương bàng quang không có vết thương hở vào ổ bụng
S37.21,vết thương bàng quang có vết thương hở vào ổ bụng
S37.30,vết thương niệu đạo không có vết thương hở vào ổ bụng
S37.31,vết thương niệu đạo có vết thương hở vào ổ bụng
S37.40,vết thương buồng trứng không có vết thương hở vào ổ bụng
S37.41,vết thương buồng trứng có vết thương hở vào ổ bụng
S37.50,vết thương vòi trứng không có vết thương hở vào ổ bụng
S37.51,vết thương vòi trứng có vết thương hở vào ổ bụng
S37.60,vết thương tử cung không có vết thương hở vào ổ bụng
S37.61,vết thương tử cung có vết thương hở vào ổ bụng
S37.70,vết thương nhiều cơ quan vùng chậu không có vết thương hở vào ổ bụng
S37.71,vết thương nhiều cơ quan vùng chậu có vết thương hở vào ổ bụng
S37.80,vết thương cơ quan vùng chậu khác không có vết thương hở vào ổ bụng
S37.81,vết thương cơ quan vùng chậu khác có vết thương hở vào ổ bụng
